scenario_id,period_id,election_year,start_inclusive,end_exclusive,party_set
affiliation-7f51ac18f31f@service-michel_temer-0-46/PSDB,CV5-001,2014,2015-01-01,2015-03-19,PCdoB;PDT;PMDB;PP;PR;PRB;PROS;PSD;PT;PTB
affiliation-7f51ac18f31f@service-michel_temer-0-46/PSDB,CV5-002,2014,2015-03-19,2016-03-18,PCdoB;PDT;PMDB;PP;PR;PRB;PSD;PT;PTB
affiliation-7f51ac18f31f@service-michel_temer-0-46/PSDB,CV5-003,2014,2016-03-18,2016-03-31,PCdoB;PDT;PMDB;PP;PR;PROS;PSD;PT;PTB
affiliation-7f51ac18f31f@service-michel_temer-0-46/PSDB,CV5-004,2014,2016-03-31,2016-04-14,PCdoB;PDT;PMDB;PP;PR;PSD;PT;PTB
affiliation-7f51ac18f31f@service-michel_temer-0-46/PSDB,CV5-005,2014,2016-04-14,2016-04-19,PCdoB;PDT;PMDB;PR;PSD;PT;PTB
affiliation-7f51ac18f31f@service-michel_temer-0-46/PSDB,CV5-006,2014,2016-04-19,2016-05-12,PCdoB;PDT;PMDB;PR;PT;PTB
affiliation-7f51ac18f31f@service-michel_temer-0-46/PSDB,CV5-007,2014,2016-05-12,2016-10-10,DEM;PMDB;PP;PPS;PR;PRB;PSB;PSD;PSDB;PTB;PV
affiliation-7f51ac18f31f@service-michel_temer-0-46/PSDB,CV5-008,2014,2016-10-10,2016-10-11,DEM;PMDB;PP;PPS;PR;PRB;PSD;PSDB;PTB;PV
affiliation-7f51ac18f31f@service-michel_temer-0-46/PSDB,CV5-009,2014,2016-10-11,2016-10-25,DEM;PMDB;PP;PPS;PR;PRB;PSB;PSD;PSDB;PTB;PV
affiliation-7f51ac18f31f@service-michel_temer-0-46/PSDB,CV5-010,2014,2016-10-25,2016-10-26,DEM;PMDB;PP;PPS;PR;PRB;PSD;PSDB;PTB;PV
affiliation-7f51ac18f31f@service-michel_temer-0-46/PSDB,CV5-011,2014,2016-10-26,2017-04-26,DEM;PMDB;PP;PPS;PR;PRB;PSB;PSD;PSDB;PTB;PV
affiliation-7f51ac18f31f@service-michel_temer-0-46/PSDB,CV5-012,2014,2017-04-26,2017-04-27,DEM;PMDB;PP;PPS;PR;PRB;PSD;PSDB;PTB;PV
affiliation-7f51ac18f31f@service-michel_temer-0-46/PSDB,CV5-013,2014,2017-04-27,2017-08-02,DEM;PMDB;PP;PPS;PR;PRB;PSB;PSD;PSDB;PTB;PV
affiliation-7f51ac18f31f@service-michel_temer-0-46/PSDB,CV5-014,2014,2017-08-02,2017-08-03,DEM;PMDB;PP;PPS;PR;PRB;PSD;PSDB;PTB;PV
affiliation-7f51ac18f31f@service-michel_temer-0-46/PSDB,CV5-015,2014,2017-08-03,2017-10-18,DEM;PMDB;PP;PPS;PR;PRB;PSB;PSD;PSDB;PTB;PV
affiliation-7f51ac18f31f@service-michel_temer-0-46/PSDB,CV5-016,2014,2017-10-18,2018-03-21,DEM;PMDB;PP;PPS;PR;PRB;PSD;PSDB;PTB;PV
affiliation-7f51ac18f31f@service-michel_temer-0-46/PSDB,CV5-017,2014,2018-03-21,2018-04-02,DEM;PMDB;PP;PR;PRB;PSD;PSDB;PTB;PV
affiliation-7f51ac18f31f@service-michel_temer-0-46/PSDB,CV5-018,2014,2018-04-02,2018-04-06,DEM;PMDB;PP;PRB;PSD;PSDB;PTB;PV
affiliation-7f51ac18f31f@service-michel_temer-0-46/PSDB,CV5-019,2014,2018-04-06,2018-07-05,PMDB;PP;PRB;PSD;PSDB;PTB;PV
affiliation-7f51ac18f31f@service-michel_temer-0-46/PSDB,CV5-020,2014,2018-07-05,2019-01-01,PMDB;PP;PRB;PSD;PSDB;PV
affiliation-7f51ac18f31f@service-michel_temer-0-46/PSDB,CV5-021,2018,2019-01-01,2020-02-11,DEM;MDB;NOVO;PP;PSL
affiliation-7f51ac18f31f@service-michel_temer-0-46/PSDB,CV5-022,2018,2020-02-11,2020-02-18,DEM;MDB;NOVO;PP;PSDB;PSL
affiliation-7f51ac18f31f@service-michel_temer-0-46/PSDB,CV5-023,2018,2020-02-18,2020-04-16,DEM;NOVO;PP;PSDB;PSL
affiliation-7f51ac18f31f@service-michel_temer-0-46/PSDB,CV5-024,2018,2020-04-16,2020-04-17,DEM;MDB;NOVO;PP;PSDB;PSL
affiliation-7f51ac18f31f@service-michel_temer-0-46/PSDB,CV5-025,2018,2020-04-17,2020-05-07,DEM;NOVO;PP;PSDB;PSL
affiliation-7f51ac18f31f@service-michel_temer-0-46/PSDB,CV5-026,2018,2020-05-07,2020-06-17,DEM;PP;PSDB;PSL
affiliation-7f51ac18f31f@service-michel_temer-0-46/PSDB,CV5-027,2018,2020-06-17,2020-06-18,DEM;PP;PSD;PSDB;PSL
affiliation-7f51ac18f31f@service-michel_temer-0-46/PSDB,CV5-028,2018,2020-06-18,2020-09-19,DEM;PP;PSD;PSL
affiliation-7f51ac18f31f@service-michel_temer-0-46/PSDB,CV5-029,2018,2020-09-19,2020-12-09,DEM;PSD;PSL
affiliation-7f51ac18f31f@service-michel_temer-0-46/PSDB,CV5-030,2018,2020-12-09,2021-02-12,DEM;PSC;PSD;PSL
affiliation-7f51ac18f31f@service-michel_temer-0-46/PSDB,CV5-031,2018,2021-02-12,2021-03-31,DEM;PRB;PSC;PSD;PSL
affiliation-7f51ac18f31f@service-michel_temer-0-46/PSDB,CV5-032,2018,2021-03-31,2021-07-28,DEM;PR;PRB;PSC;PSD;PSL
affiliation-7f51ac18f31f@service-michel_temer-0-46/PSDB,CV5-033,2018,2021-07-28,2022-03-24,DEM;PP;PR;PRB;PSC;PSD;PSL
affiliation-7f51ac18f31f@service-michel_temer-0-46/PSDB,CV5-034,2018,2022-03-24,2022-03-27,DEM;PP;PR;PRB;PSC;PSL
affiliation-7f51ac18f31f@service-michel_temer-0-46/PSDB,CV5-035,2018,2022-03-27,2022-03-28,PP;PR;PSC
affiliation-7f51ac18f31f@service-michel_temer-0-46/PSDB,CV5-036,2018,2022-03-28,2022-03-30,PP;PR;PRB;PSC
affiliation-7f51ac18f31f@service-michel_temer-0-46/PSDB,CV5-037,2018,2022-03-30,2022-03-31,PP;PR;PRB
affiliation-7f51ac18f31f@service-michel_temer-0-46/PSDB,CV5-038,2018,2022-03-31,2022-05-11,PP;PRB;PSD
affiliation-7f51ac18f31f@service-michel_temer-0-46/PSDB,CV5-039,2018,2022-05-11,2022-12-30,DEM;PP;PRB;PSD;PSL
affiliation-7f51ac18f31f@service-michel_temer-0-46/PSDB,CV5-040,2018,2022-12-30,2023-01-01,DEM;NOVO;PRB;PSD;PSL
affiliation-7f51ac18f31f@service-michel_temer-0-46/PSDB,CV5-041,2022,2023-01-01,2023-09-13,MDB;PCdoB;PDT;PSB;PSD;PSOL;PT;REDE;UNIÃO
affiliation-7f51ac18f31f@service-michel_temer-0-46/PSDB,CV5-042,2022,2023-09-13,2023-12-04,MDB;PCdoB;PDT;PP;PSB;PSD;PSOL;PT;REDE;REPUBLICANOS;UNIÃO
affiliation-7f51ac18f31f@service-michel_temer-0-46/PSDB,CV5-043,2022,2023-12-04,2023-12-06,MDB;PCdoB;PDT;PP;PSB;PSD;PSDB;PSOL;PT;REDE;REPUBLICANOS;UNIÃO
affiliation-7f51ac18f31f@service-michel_temer-0-46/PSDB,CV5-044,2022,2023-12-06,2024-12-03,MDB;PCdoB;PDT;PP;PSB;PSD;PSOL;PT;REDE;REPUBLICANOS;UNIÃO
affiliation-7f51ac18f31f@service-michel_temer-0-46/PSDB,CV5-045,2022,2024-12-03,2024-12-06,MDB;PCdoB;PDT;PP;PSB;PSD;PSDB;PSOL;PT;REDE;REPUBLICANOS;UNIÃO
affiliation-7f51ac18f31f@service-michel_temer-0-46/PSDB,CV5-046,2022,2024-12-06,2025-10-08,MDB;PCdoB;PDT;PP;PSB;PSD;PSOL;PT;REDE;REPUBLICANOS;UNIÃO
affiliation-7f51ac18f31f@service-michel_temer-0-46/PSDB,CV5-047,2022,2025-10-08,2025-10-09,MDB;PCdoB;PDT;PP;PSB;PSD;PSDB;PSOL;PT;REDE;REPUBLICANOS
affiliation-7f51ac18f31f@service-michel_temer-0-46/PSDB,CV5-048,2022,2025-10-09,2025-11-13,MDB;PCdoB;PDT;PP;PSB;PSD;PSOL;PT;REDE;REPUBLICANOS;UNIÃO
affiliation-7f51ac18f31f@service-michel_temer-0-46/PSDB,CV5-049,2022,2025-11-13,2025-11-17,MDB;PCdoB;PDT;PP;PSB;PSD;PSDB;PSOL;PT;REDE;REPUBLICANOS
affiliation-7f51ac18f31f@service-michel_temer-0-46/PSDB,CV5-050,2022,2025-11-17,2025-12-08,MDB;PCdoB;PDT;PP;PSB;PSD;PSOL;PT;REDE;REPUBLICANOS;UNIÃO
affiliation-7f51ac18f31f@service-michel_temer-0-46/PSDB,CV5-051,2022,2025-12-08,2025-12-19,MDB;PCdoB;PDT;PP;PSB;PSD;PSOL;PT;REDE;REPUBLICANOS
affiliation-7f51ac18f31f@service-michel_temer-0-46/PSDB,CV5-052,2022,2025-12-19,2025-12-23,MDB;PCdoB;PDT;PP;PSB;PSD;PSDB;PSOL;PT;REDE;REPUBLICANOS
affiliation-7f51ac18f31f@service-michel_temer-0-46/PSDB,CV5-053,2022,2025-12-23,2026-03-20,MDB;PCdoB;PDT;PP;PSB;PSD;PSOL;PT;REDE;REPUBLICANOS
affiliation-7f51ac18f31f@service-michel_temer-0-46/UNAFFILIATED,CV5-001,2014,2015-01-01,2015-03-19,PCdoB;PDT;PMDB;PP;PR;PRB;PROS;PSD;PT;PTB
affiliation-7f51ac18f31f@service-michel_temer-0-46/UNAFFILIATED,CV5-002,2014,2015-03-19,2016-03-18,PCdoB;PDT;PMDB;PP;PR;PRB;PSD;PT;PTB
affiliation-7f51ac18f31f@service-michel_temer-0-46/UNAFFILIATED,CV5-003,2014,2016-03-18,2016-03-31,PCdoB;PDT;PMDB;PP;PR;PROS;PSD;PT;PTB
affiliation-7f51ac18f31f@service-michel_temer-0-46/UNAFFILIATED,CV5-004,2014,2016-03-31,2016-04-14,PCdoB;PDT;PMDB;PP;PR;PSD;PT;PTB
affiliation-7f51ac18f31f@service-michel_temer-0-46/UNAFFILIATED,CV5-005,2014,2016-04-14,2016-04-19,PCdoB;PDT;PMDB;PR;PSD;PT;PTB
affiliation-7f51ac18f31f@service-michel_temer-0-46/UNAFFILIATED,CV5-006,2014,2016-04-19,2016-05-12,PCdoB;PDT;PMDB;PR;PT;PTB
affiliation-7f51ac18f31f@service-michel_temer-0-46/UNAFFILIATED,CV5-007,2014,2016-05-12,2016-10-10,DEM;PMDB;PP;PPS;PR;PRB;PSB;PSD;PSDB;PTB;PV
affiliation-7f51ac18f31f@service-michel_temer-0-46/UNAFFILIATED,CV5-008,2014,2016-10-10,2016-10-11,DEM;PMDB;PP;PPS;PR;PRB;PSD;PSDB;PTB;PV
affiliation-7f51ac18f31f@service-michel_temer-0-46/UNAFFILIATED,CV5-009,2014,2016-10-11,2016-10-25,DEM;PMDB;PP;PPS;PR;PRB;PSB;PSD;PSDB;PTB;PV
affiliation-7f51ac18f31f@service-michel_temer-0-46/UNAFFILIATED,CV5-010,2014,2016-10-25,2016-10-26,DEM;PMDB;PP;PPS;PR;PRB;PSD;PSDB;PTB;PV
affiliation-7f51ac18f31f@service-michel_temer-0-46/UNAFFILIATED,CV5-011,2014,2016-10-26,2017-04-26,DEM;PMDB;PP;PPS;PR;PRB;PSB;PSD;PSDB;PTB;PV
affiliation-7f51ac18f31f@service-michel_temer-0-46/UNAFFILIATED,CV5-012,2014,2017-04-26,2017-04-27,DEM;PMDB;PP;PPS;PR;PRB;PSD;PSDB;PTB;PV
affiliation-7f51ac18f31f@service-michel_temer-0-46/UNAFFILIATED,CV5-013,2014,2017-04-27,2017-08-02,DEM;PMDB;PP;PPS;PR;PRB;PSB;PSD;PSDB;PTB;PV
affiliation-7f51ac18f31f@service-michel_temer-0-46/UNAFFILIATED,CV5-014,2014,2017-08-02,2017-08-03,DEM;PMDB;PP;PPS;PR;PRB;PSD;PSDB;PTB;PV
affiliation-7f51ac18f31f@service-michel_temer-0-46/UNAFFILIATED,CV5-015,2014,2017-08-03,2017-10-18,DEM;PMDB;PP;PPS;PR;PRB;PSB;PSD;PSDB;PTB;PV
affiliation-7f51ac18f31f@service-michel_temer-0-46/UNAFFILIATED,CV5-016,2014,2017-10-18,2018-03-21,DEM;PMDB;PP;PPS;PR;PRB;PSD;PSDB;PTB;PV
affiliation-7f51ac18f31f@service-michel_temer-0-46/UNAFFILIATED,CV5-017,2014,2018-03-21,2018-04-02,DEM;PMDB;PP;PR;PRB;PSD;PSDB;PTB;PV
affiliation-7f51ac18f31f@service-michel_temer-0-46/UNAFFILIATED,CV5-018,2014,2018-04-02,2018-04-06,DEM;PMDB;PP;PRB;PSD;PSDB;PTB;PV
affiliation-7f51ac18f31f@service-michel_temer-0-46/UNAFFILIATED,CV5-019,2014,2018-04-06,2018-07-05,PMDB;PP;PRB;PSD;PSDB;PTB;PV
affiliation-7f51ac18f31f@service-michel_temer-0-46/UNAFFILIATED,CV5-020,2014,2018-07-05,2019-01-01,PMDB;PP;PRB;PSD;PSDB;PV
affiliation-7f51ac18f31f@service-michel_temer-0-46/UNAFFILIATED,CV5-021,2018,2019-01-01,2020-02-11,DEM;MDB;NOVO;PP;PSL
affiliation-7f51ac18f31f@service-michel_temer-0-46/UNAFFILIATED,CV5-022,2018,2020-02-11,2020-02-18,DEM;MDB;NOVO;PP;PSDB;PSL
affiliation-7f51ac18f31f@service-michel_temer-0-46/UNAFFILIATED,CV5-023,2018,2020-02-18,2020-04-16,DEM;NOVO;PP;PSDB;PSL
affiliation-7f51ac18f31f@service-michel_temer-0-46/UNAFFILIATED,CV5-024,2018,2020-04-16,2020-04-17,DEM;MDB;NOVO;PP;PSDB;PSL
affiliation-7f51ac18f31f@service-michel_temer-0-46/UNAFFILIATED,CV5-025,2018,2020-04-17,2020-05-07,DEM;NOVO;PP;PSDB;PSL
affiliation-7f51ac18f31f@service-michel_temer-0-46/UNAFFILIATED,CV5-026,2018,2020-05-07,2020-06-17,DEM;PP;PSDB;PSL
affiliation-7f51ac18f31f@service-michel_temer-0-46/UNAFFILIATED,CV5-027,2018,2020-06-17,2020-06-18,DEM;PP;PSD;PSDB;PSL
affiliation-7f51ac18f31f@service-michel_temer-0-46/UNAFFILIATED,CV5-028,2018,2020-06-18,2020-09-19,DEM;PP;PSD;PSL
affiliation-7f51ac18f31f@service-michel_temer-0-46/UNAFFILIATED,CV5-029,2018,2020-09-19,2020-12-09,DEM;PSD;PSL
affiliation-7f51ac18f31f@service-michel_temer-0-46/UNAFFILIATED,CV5-030,2018,2020-12-09,2021-02-12,DEM;PSC;PSD;PSL
affiliation-7f51ac18f31f@service-michel_temer-0-46/UNAFFILIATED,CV5-031,2018,2021-02-12,2021-03-31,DEM;PRB;PSC;PSD;PSL
affiliation-7f51ac18f31f@service-michel_temer-0-46/UNAFFILIATED,CV5-032,2018,2021-03-31,2021-07-28,DEM;PR;PRB;PSC;PSD;PSL
affiliation-7f51ac18f31f@service-michel_temer-0-46/UNAFFILIATED,CV5-033,2018,2021-07-28,2022-03-24,DEM;PP;PR;PRB;PSC;PSD;PSL
affiliation-7f51ac18f31f@service-michel_temer-0-46/UNAFFILIATED,CV5-034,2018,2022-03-24,2022-03-27,DEM;PP;PR;PRB;PSC;PSL
affiliation-7f51ac18f31f@service-michel_temer-0-46/UNAFFILIATED,CV5-035,2018,2022-03-27,2022-03-28,PP;PR;PSC
affiliation-7f51ac18f31f@service-michel_temer-0-46/UNAFFILIATED,CV5-036,2018,2022-03-28,2022-03-30,PP;PR;PRB;PSC
affiliation-7f51ac18f31f@service-michel_temer-0-46/UNAFFILIATED,CV5-037,2018,2022-03-30,2022-03-31,PP;PR;PRB
affiliation-7f51ac18f31f@service-michel_temer-0-46/UNAFFILIATED,CV5-038,2018,2022-03-31,2022-05-11,PP;PRB;PSD
affiliation-7f51ac18f31f@service-michel_temer-0-46/UNAFFILIATED,CV5-039,2018,2022-05-11,2022-12-30,DEM;PP;PRB;PSD;PSL
affiliation-7f51ac18f31f@service-michel_temer-0-46/UNAFFILIATED,CV5-040,2018,2022-12-30,2023-01-01,DEM;NOVO;PRB;PSD;PSL
affiliation-7f51ac18f31f@service-michel_temer-0-46/UNAFFILIATED,CV5-041,2022,2023-01-01,2023-09-13,MDB;PCdoB;PDT;PSB;PSD;PSOL;PT;REDE;UNIÃO
affiliation-7f51ac18f31f@service-michel_temer-0-46/UNAFFILIATED,CV5-042,2022,2023-09-13,2023-12-04,MDB;PCdoB;PDT;PP;PSB;PSD;PSOL;PT;REDE;REPUBLICANOS;UNIÃO
affiliation-7f51ac18f31f@service-michel_temer-0-46/UNAFFILIATED,CV5-043,2022,2023-12-04,2023-12-06,MDB;PCdoB;PDT;PP;PSB;PSD;PSDB;PSOL;PT;REDE;REPUBLICANOS;UNIÃO
affiliation-7f51ac18f31f@service-michel_temer-0-46/UNAFFILIATED,CV5-044,2022,2023-12-06,2024-12-03,MDB;PCdoB;PDT;PP;PSB;PSD;PSOL;PT;REDE;REPUBLICANOS;UNIÃO
affiliation-7f51ac18f31f@service-michel_temer-0-46/UNAFFILIATED,CV5-045,2022,2024-12-03,2024-12-06,MDB;PCdoB;PDT;PP;PSB;PSD;PSDB;PSOL;PT;REDE;REPUBLICANOS;UNIÃO
affiliation-7f51ac18f31f@service-michel_temer-0-46/UNAFFILIATED,CV5-046,2022,2024-12-06,2025-10-08,MDB;PCdoB;PDT;PP;PSB;PSD;PSOL;PT;REDE;REPUBLICANOS;UNIÃO
affiliation-7f51ac18f31f@service-michel_temer-0-46/UNAFFILIATED,CV5-047,2022,2025-10-08,2025-10-09,MDB;PCdoB;PDT;PP;PSB;PSD;PSDB;PSOL;PT;REDE;REPUBLICANOS
affiliation-7f51ac18f31f@service-michel_temer-0-46/UNAFFILIATED,CV5-048,2022,2025-10-09,2025-11-13,MDB;PCdoB;PDT;PP;PSB;PSD;PSOL;PT;REDE;REPUBLICANOS;UNIÃO
affiliation-7f51ac18f31f@service-michel_temer-0-46/UNAFFILIATED,CV5-049,2022,2025-11-13,2025-11-17,MDB;PCdoB;PDT;PP;PSB;PSD;PSDB;PSOL;PT;REDE;REPUBLICANOS
affiliation-7f51ac18f31f@service-michel_temer-0-46/UNAFFILIATED,CV5-050,2022,2025-11-17,2025-12-08,MDB;PCdoB;PDT;PP;PSB;PSD;PSOL;PT;REDE;REPUBLICANOS;UNIÃO
affiliation-7f51ac18f31f@service-michel_temer-0-46/UNAFFILIATED,CV5-051,2022,2025-12-08,2025-12-19,MDB;PCdoB;PDT;PP;PSB;PSD;PSOL;PT;REDE;REPUBLICANOS
affiliation-7f51ac18f31f@service-michel_temer-0-46/UNAFFILIATED,CV5-052,2022,2025-12-19,2025-12-23,MDB;PCdoB;PDT;PP;PSB;PSD;PSDB;PSOL;PT;REDE;REPUBLICANOS
affiliation-7f51ac18f31f@service-michel_temer-0-46/UNAFFILIATED,CV5-053,2022,2025-12-23,2026-03-20,MDB;PCdoB;PDT;PP;PSB;PSD;PSOL;PT;REDE;REPUBLICANOS
affiliation-8527ce77d2d2@service-dilma_rousseff-1-77/MDB,CV5-001,2014,2015-01-01,2015-03-19,PCdoB;PDT;PMDB;PP;PR;PRB;PROS;PSD;PT;PTB
affiliation-8527ce77d2d2@service-dilma_rousseff-1-77/MDB,CV5-002,2014,2015-03-19,2016-03-18,PCdoB;PDT;PMDB;PP;PR;PRB;PSD;PT;PTB
affiliation-8527ce77d2d2@service-dilma_rousseff-1-77/MDB,CV5-003,2014,2016-03-18,2016-03-31,PCdoB;PDT;PMDB;PP;PR;PROS;PSD;PT;PTB
affiliation-8527ce77d2d2@service-dilma_rousseff-1-77/MDB,CV5-004,2014,2016-03-31,2016-04-14,PCdoB;PDT;PMDB;PP;PR;PSD;PT;PTB
affiliation-8527ce77d2d2@service-dilma_rousseff-1-77/MDB,CV5-005,2014,2016-04-14,2016-04-19,PCdoB;PDT;PMDB;PR;PSD;PT;PTB
affiliation-8527ce77d2d2@service-dilma_rousseff-1-77/MDB,CV5-006,2014,2016-04-19,2016-05-12,PCdoB;PDT;PMDB;PR;PT;PTB
affiliation-8527ce77d2d2@service-dilma_rousseff-1-77/MDB,CV5-007,2014,2016-05-12,2016-10-10,DEM;PMDB;PP;PPS;PR;PRB;PSB;PSD;PSDB;PTB;PV
affiliation-8527ce77d2d2@service-dilma_rousseff-1-77/MDB,CV5-008,2014,2016-10-10,2016-10-11,DEM;PMDB;PP;PPS;PR;PRB;PSD;PSDB;PTB;PV
affiliation-8527ce77d2d2@service-dilma_rousseff-1-77/MDB,CV5-009,2014,2016-10-11,2016-10-25,DEM;PMDB;PP;PPS;PR;PRB;PSB;PSD;PSDB;PTB;PV
affiliation-8527ce77d2d2@service-dilma_rousseff-1-77/MDB,CV5-010,2014,2016-10-25,2016-10-26,DEM;PMDB;PP;PPS;PR;PRB;PSD;PSDB;PTB;PV
affiliation-8527ce77d2d2@service-dilma_rousseff-1-77/MDB,CV5-011,2014,2016-10-26,2017-04-26,DEM;PMDB;PP;PPS;PR;PRB;PSB;PSD;PSDB;PTB;PV
affiliation-8527ce77d2d2@service-dilma_rousseff-1-77/MDB,CV5-012,2014,2017-04-26,2017-04-27,DEM;PMDB;PP;PPS;PR;PRB;PSD;PSDB;PTB;PV
affiliation-8527ce77d2d2@service-dilma_rousseff-1-77/MDB,CV5-013,2014,2017-04-27,2017-08-02,DEM;PMDB;PP;PPS;PR;PRB;PSB;PSD;PSDB;PTB;PV
affiliation-8527ce77d2d2@service-dilma_rousseff-1-77/MDB,CV5-014,2014,2017-08-02,2017-08-03,DEM;PMDB;PP;PPS;PR;PRB;PSD;PSDB;PTB;PV
affiliation-8527ce77d2d2@service-dilma_rousseff-1-77/MDB,CV5-015,2014,2017-08-03,2017-10-18,DEM;PMDB;PP;PPS;PR;PRB;PSB;PSD;PSDB;PTB;PV
affiliation-8527ce77d2d2@service-dilma_rousseff-1-77/MDB,CV5-016,2014,2017-10-18,2018-03-21,DEM;PMDB;PP;PPS;PR;PRB;PSD;PSDB;PTB;PV
affiliation-8527ce77d2d2@service-dilma_rousseff-1-77/MDB,CV5-017,2014,2018-03-21,2018-04-02,DEM;PMDB;PP;PR;PRB;PSD;PSDB;PTB;PV
affiliation-8527ce77d2d2@service-dilma_rousseff-1-77/MDB,CV5-018,2014,2018-04-02,2018-04-06,DEM;PMDB;PP;PRB;PSD;PSDB;PTB;PV
affiliation-8527ce77d2d2@service-dilma_rousseff-1-77/MDB,CV5-019,2014,2018-04-06,2018-07-05,PMDB;PP;PRB;PSD;PSDB;PTB;PV
affiliation-8527ce77d2d2@service-dilma_rousseff-1-77/MDB,CV5-020,2014,2018-07-05,2019-01-01,PMDB;PP;PRB;PSD;PSDB;PV
affiliation-8527ce77d2d2@service-dilma_rousseff-1-77/MDB,CV5-021,2018,2019-01-01,2020-02-11,DEM;MDB;NOVO;PP;PSL
affiliation-8527ce77d2d2@service-dilma_rousseff-1-77/MDB,CV5-022,2018,2020-02-11,2020-02-18,DEM;MDB;NOVO;PP;PSDB;PSL
affiliation-8527ce77d2d2@service-dilma_rousseff-1-77/MDB,CV5-023,2018,2020-02-18,2020-04-16,DEM;NOVO;PP;PSDB;PSL
affiliation-8527ce77d2d2@service-dilma_rousseff-1-77/MDB,CV5-024,2018,2020-04-16,2020-04-17,DEM;MDB;NOVO;PP;PSDB;PSL
affiliation-8527ce77d2d2@service-dilma_rousseff-1-77/MDB,CV5-025,2018,2020-04-17,2020-05-07,DEM;NOVO;PP;PSDB;PSL
affiliation-8527ce77d2d2@service-dilma_rousseff-1-77/MDB,CV5-026,2018,2020-05-07,2020-06-17,DEM;PP;PSDB;PSL
affiliation-8527ce77d2d2@service-dilma_rousseff-1-77/MDB,CV5-027,2018,2020-06-17,2020-06-18,DEM;PP;PSD;PSDB;PSL
affiliation-8527ce77d2d2@service-dilma_rousseff-1-77/MDB,CV5-028,2018,2020-06-18,2020-09-19,DEM;PP;PSD;PSL
affiliation-8527ce77d2d2@service-dilma_rousseff-1-77/MDB,CV5-029,2018,2020-09-19,2020-12-09,DEM;PSD;PSL
affiliation-8527ce77d2d2@service-dilma_rousseff-1-77/MDB,CV5-030,2018,2020-12-09,2021-02-12,DEM;PSC;PSD;PSL
affiliation-8527ce77d2d2@service-dilma_rousseff-1-77/MDB,CV5-031,2018,2021-02-12,2021-03-31,DEM;PRB;PSC;PSD;PSL
affiliation-8527ce77d2d2@service-dilma_rousseff-1-77/MDB,CV5-032,2018,2021-03-31,2021-07-28,DEM;PR;PRB;PSC;PSD;PSL
affiliation-8527ce77d2d2@service-dilma_rousseff-1-77/MDB,CV5-033,2018,2021-07-28,2022-03-24,DEM;PP;PR;PRB;PSC;PSD;PSL
affiliation-8527ce77d2d2@service-dilma_rousseff-1-77/MDB,CV5-034,2018,2022-03-24,2022-03-27,DEM;PP;PR;PRB;PSC;PSL
affiliation-8527ce77d2d2@service-dilma_rousseff-1-77/MDB,CV5-035,2018,2022-03-27,2022-03-28,PP;PR;PSC
affiliation-8527ce77d2d2@service-dilma_rousseff-1-77/MDB,CV5-036,2018,2022-03-28,2022-03-30,PP;PR;PRB;PSC
affiliation-8527ce77d2d2@service-dilma_rousseff-1-77/MDB,CV5-037,2018,2022-03-30,2022-03-31,PP;PR;PRB
affiliation-8527ce77d2d2@service-dilma_rousseff-1-77/MDB,CV5-038,2018,2022-03-31,2022-05-11,PP;PRB;PSD
affiliation-8527ce77d2d2@service-dilma_rousseff-1-77/MDB,CV5-039,2018,2022-05-11,2022-12-30,DEM;PP;PRB;PSD;PSL
affiliation-8527ce77d2d2@service-dilma_rousseff-1-77/MDB,CV5-040,2018,2022-12-30,2023-01-01,DEM;NOVO;PRB;PSD;PSL
affiliation-8527ce77d2d2@service-dilma_rousseff-1-77/MDB,CV5-041,2022,2023-01-01,2023-09-13,MDB;PCdoB;PDT;PSB;PSD;PSOL;PT;REDE;UNIÃO
affiliation-8527ce77d2d2@service-dilma_rousseff-1-77/MDB,CV5-042,2022,2023-09-13,2023-12-04,MDB;PCdoB;PDT;PP;PSB;PSD;PSOL;PT;REDE;REPUBLICANOS;UNIÃO
affiliation-8527ce77d2d2@service-dilma_rousseff-1-77/MDB,CV5-043,2022,2023-12-04,2023-12-06,MDB;PCdoB;PDT;PP;PSB;PSD;PSDB;PSOL;PT;REDE;REPUBLICANOS;UNIÃO
affiliation-8527ce77d2d2@service-dilma_rousseff-1-77/MDB,CV5-044,2022,2023-12-06,2024-12-03,MDB;PCdoB;PDT;PP;PSB;PSD;PSOL;PT;REDE;REPUBLICANOS;UNIÃO
affiliation-8527ce77d2d2@service-dilma_rousseff-1-77/MDB,CV5-045,2022,2024-12-03,2024-12-06,MDB;PCdoB;PDT;PP;PSB;PSD;PSDB;PSOL;PT;REDE;REPUBLICANOS;UNIÃO
affiliation-8527ce77d2d2@service-dilma_rousseff-1-77/MDB,CV5-046,2022,2024-12-06,2025-10-08,MDB;PCdoB;PDT;PP;PSB;PSD;PSOL;PT;REDE;REPUBLICANOS;UNIÃO
affiliation-8527ce77d2d2@service-dilma_rousseff-1-77/MDB,CV5-047,2022,2025-10-08,2025-10-09,MDB;PCdoB;PDT;PP;PSB;PSD;PSDB;PSOL;PT;REDE;REPUBLICANOS
affiliation-8527ce77d2d2@service-dilma_rousseff-1-77/MDB,CV5-048,2022,2025-10-09,2025-11-13,MDB;PCdoB;PDT;PP;PSB;PSD;PSOL;PT;REDE;REPUBLICANOS;UNIÃO
affiliation-8527ce77d2d2@service-dilma_rousseff-1-77/MDB,CV5-049,2022,2025-11-13,2025-11-17,MDB;PCdoB;PDT;PP;PSB;PSD;PSDB;PSOL;PT;REDE;REPUBLICANOS
affiliation-8527ce77d2d2@service-dilma_rousseff-1-77/MDB,CV5-050,2022,2025-11-17,2025-12-08,MDB;PCdoB;PDT;PP;PSB;PSD;PSOL;PT;REDE;REPUBLICANOS;UNIÃO
affiliation-8527ce77d2d2@service-dilma_rousseff-1-77/MDB,CV5-051,2022,2025-12-08,2025-12-19,MDB;PCdoB;PDT;PP;PSB;PSD;PSOL;PT;REDE;REPUBLICANOS
affiliation-8527ce77d2d2@service-dilma_rousseff-1-77/MDB,CV5-052,2022,2025-12-19,2025-12-23,MDB;PCdoB;PDT;PP;PSB;PSD;PSDB;PSOL;PT;REDE;REPUBLICANOS
affiliation-8527ce77d2d2@service-dilma_rousseff-1-77/MDB,CV5-053,2022,2025-12-23,2026-03-20,MDB;PCdoB;PDT;PP;PSB;PSD;PSOL;PT;REDE;REPUBLICANOS
affiliation-8527ce77d2d2@service-michel_temer-0-64/MDB,CV5-001,2014,2015-01-01,2015-03-19,PCdoB;PDT;PMDB;PP;PR;PRB;PROS;PSD;PT;PTB
affiliation-8527ce77d2d2@service-michel_temer-0-64/MDB,CV5-002,2014,2015-03-19,2016-03-18,PCdoB;PDT;PMDB;PP;PR;PRB;PSD;PT;PTB
affiliation-8527ce77d2d2@service-michel_temer-0-64/MDB,CV5-003,2014,2016-03-18,2016-03-31,PCdoB;PDT;PMDB;PP;PR;PROS;PSD;PT;PTB
affiliation-8527ce77d2d2@service-michel_temer-0-64/MDB,CV5-004,2014,2016-03-31,2016-04-14,PCdoB;PDT;PMDB;PP;PR;PSD;PT;PTB
affiliation-8527ce77d2d2@service-michel_temer-0-64/MDB,CV5-005,2014,2016-04-14,2016-04-19,PCdoB;PDT;PMDB;PR;PSD;PT;PTB
affiliation-8527ce77d2d2@service-michel_temer-0-64/MDB,CV5-006,2014,2016-04-19,2016-05-12,PCdoB;PDT;PMDB;PR;PT;PTB
affiliation-8527ce77d2d2@service-michel_temer-0-64/MDB,CV5-007,2014,2016-05-12,2016-10-10,DEM;PMDB;PP;PPS;PR;PRB;PSB;PSD;PSDB;PTB;PV
affiliation-8527ce77d2d2@service-michel_temer-0-64/MDB,CV5-008,2014,2016-10-10,2016-10-11,DEM;PMDB;PP;PPS;PR;PRB;PSD;PSDB;PTB;PV
affiliation-8527ce77d2d2@service-michel_temer-0-64/MDB,CV5-009,2014,2016-10-11,2016-10-25,DEM;PMDB;PP;PPS;PR;PRB;PSB;PSD;PSDB;PTB;PV
affiliation-8527ce77d2d2@service-michel_temer-0-64/MDB,CV5-010,2014,2016-10-25,2016-10-26,DEM;PMDB;PP;PPS;PR;PRB;PSD;PSDB;PTB;PV
affiliation-8527ce77d2d2@service-michel_temer-0-64/MDB,CV5-011,2014,2016-10-26,2017-04-26,DEM;PMDB;PP;PPS;PR;PRB;PSB;PSD;PSDB;PTB;PV
affiliation-8527ce77d2d2@service-michel_temer-0-64/MDB,CV5-012,2014,2017-04-26,2017-04-27,DEM;PMDB;PP;PPS;PR;PRB;PSD;PSDB;PTB;PV
affiliation-8527ce77d2d2@service-michel_temer-0-64/MDB,CV5-013,2014,2017-04-27,2017-08-02,DEM;PMDB;PP;PPS;PR;PRB;PSB;PSD;PSDB;PTB;PV
affiliation-8527ce77d2d2@service-michel_temer-0-64/MDB,CV5-014,2014,2017-08-02,2017-08-03,DEM;PMDB;PP;PPS;PR;PRB;PSD;PSDB;PTB;PV
affiliation-8527ce77d2d2@service-michel_temer-0-64/MDB,CV5-015,2014,2017-08-03,2017-10-18,DEM;PMDB;PP;PPS;PR;PRB;PSB;PSD;PSDB;PTB;PV
affiliation-8527ce77d2d2@service-michel_temer-0-64/MDB,CV5-016,2014,2017-10-18,2018-03-21,DEM;PMDB;PP;PPS;PR;PRB;PSD;PSDB;PTB;PV
affiliation-8527ce77d2d2@service-michel_temer-0-64/MDB,CV5-017,2014,2018-03-21,2018-04-02,DEM;PMDB;PP;PR;PRB;PSD;PSDB;PTB;PV
affiliation-8527ce77d2d2@service-michel_temer-0-64/MDB,CV5-018,2014,2018-04-02,2018-04-06,DEM;PMDB;PP;PRB;PSD;PSDB;PTB;PV
affiliation-8527ce77d2d2@service-michel_temer-0-64/MDB,CV5-019,2014,2018-04-06,2018-07-05,PMDB;PP;PRB;PSD;PSDB;PTB;PV
affiliation-8527ce77d2d2@service-michel_temer-0-64/MDB,CV5-020,2014,2018-07-05,2019-01-01,PMDB;PP;PRB;PSD;PSDB;PV
affiliation-8527ce77d2d2@service-michel_temer-0-64/MDB,CV5-021,2018,2019-01-01,2020-02-11,DEM;MDB;NOVO;PP;PSL
affiliation-8527ce77d2d2@service-michel_temer-0-64/MDB,CV5-022,2018,2020-02-11,2020-02-18,DEM;MDB;NOVO;PP;PSDB;PSL
affiliation-8527ce77d2d2@service-michel_temer-0-64/MDB,CV5-023,2018,2020-02-18,2020-04-16,DEM;NOVO;PP;PSDB;PSL
affiliation-8527ce77d2d2@service-michel_temer-0-64/MDB,CV5-024,2018,2020-04-16,2020-04-17,DEM;MDB;NOVO;PP;PSDB;PSL
affiliation-8527ce77d2d2@service-michel_temer-0-64/MDB,CV5-025,2018,2020-04-17,2020-05-07,DEM;NOVO;PP;PSDB;PSL
affiliation-8527ce77d2d2@service-michel_temer-0-64/MDB,CV5-026,2018,2020-05-07,2020-06-17,DEM;PP;PSDB;PSL
affiliation-8527ce77d2d2@service-michel_temer-0-64/MDB,CV5-027,2018,2020-06-17,2020-06-18,DEM;PP;PSD;PSDB;PSL
affiliation-8527ce77d2d2@service-michel_temer-0-64/MDB,CV5-028,2018,2020-06-18,2020-09-19,DEM;PP;PSD;PSL
affiliation-8527ce77d2d2@service-michel_temer-0-64/MDB,CV5-029,2018,2020-09-19,2020-12-09,DEM;PSD;PSL
affiliation-8527ce77d2d2@service-michel_temer-0-64/MDB,CV5-030,2018,2020-12-09,2021-02-12,DEM;PSC;PSD;PSL
affiliation-8527ce77d2d2@service-michel_temer-0-64/MDB,CV5-031,2018,2021-02-12,2021-03-31,DEM;PRB;PSC;PSD;PSL
affiliation-8527ce77d2d2@service-michel_temer-0-64/MDB,CV5-032,2018,2021-03-31,2021-07-28,DEM;PR;PRB;PSC;PSD;PSL
affiliation-8527ce77d2d2@service-michel_temer-0-64/MDB,CV5-033,2018,2021-07-28,2022-03-24,DEM;PP;PR;PRB;PSC;PSD;PSL
affiliation-8527ce77d2d2@service-michel_temer-0-64/MDB,CV5-034,2018,2022-03-24,2022-03-27,DEM;PP;PR;PRB;PSC;PSL
affiliation-8527ce77d2d2@service-michel_temer-0-64/MDB,CV5-035,2018,2022-03-27,2022-03-28,PP;PR;PSC
affiliation-8527ce77d2d2@service-michel_temer-0-64/MDB,CV5-036,2018,2022-03-28,2022-03-30,PP;PR;PRB;PSC
affiliation-8527ce77d2d2@service-michel_temer-0-64/MDB,CV5-037,2018,2022-03-30,2022-03-31,PP;PR;PRB
affiliation-8527ce77d2d2@service-michel_temer-0-64/MDB,CV5-038,2018,2022-03-31,2022-05-11,PP;PRB;PSD
affiliation-8527ce77d2d2@service-michel_temer-0-64/MDB,CV5-039,2018,2022-05-11,2022-12-30,DEM;PP;PRB;PSD;PSL
affiliation-8527ce77d2d2@service-michel_temer-0-64/MDB,CV5-040,2018,2022-12-30,2023-01-01,DEM;NOVO;PRB;PSD;PSL
affiliation-8527ce77d2d2@service-michel_temer-0-64/MDB,CV5-041,2022,2023-01-01,2023-09-13,MDB;PCdoB;PDT;PSB;PSD;PSOL;PT;REDE;UNIÃO
affiliation-8527ce77d2d2@service-michel_temer-0-64/MDB,CV5-042,2022,2023-09-13,2023-12-04,MDB;PCdoB;PDT;PP;PSB;PSD;PSOL;PT;REDE;REPUBLICANOS;UNIÃO
affiliation-8527ce77d2d2@service-michel_temer-0-64/MDB,CV5-043,2022,2023-12-04,2023-12-06,MDB;PCdoB;PDT;PP;PSB;PSD;PSDB;PSOL;PT;REDE;REPUBLICANOS;UNIÃO
affiliation-8527ce77d2d2@service-michel_temer-0-64/MDB,CV5-044,2022,2023-12-06,2024-12-03,MDB;PCdoB;PDT;PP;PSB;PSD;PSOL;PT;REDE;REPUBLICANOS;UNIÃO
affiliation-8527ce77d2d2@service-michel_temer-0-64/MDB,CV5-045,2022,2024-12-03,2024-12-06,MDB;PCdoB;PDT;PP;PSB;PSD;PSDB;PSOL;PT;REDE;REPUBLICANOS;UNIÃO
affiliation-8527ce77d2d2@service-michel_temer-0-64/MDB,CV5-046,2022,2024-12-06,2025-10-08,MDB;PCdoB;PDT;PP;PSB;PSD;PSOL;PT;REDE;REPUBLICANOS;UNIÃO
affiliation-8527ce77d2d2@service-michel_temer-0-64/MDB,CV5-047,2022,2025-10-08,2025-10-09,MDB;PCdoB;PDT;PP;PSB;PSD;PSDB;PSOL;PT;REDE;REPUBLICANOS
affiliation-8527ce77d2d2@service-michel_temer-0-64/MDB,CV5-048,2022,2025-10-09,2025-11-13,MDB;PCdoB;PDT;PP;PSB;PSD;PSOL;PT;REDE;REPUBLICANOS;UNIÃO
affiliation-8527ce77d2d2@service-michel_temer-0-64/MDB,CV5-049,2022,2025-11-13,2025-11-17,MDB;PCdoB;PDT;PP;PSB;PSD;PSDB;PSOL;PT;REDE;REPUBLICANOS
affiliation-8527ce77d2d2@service-michel_temer-0-64/MDB,CV5-050,2022,2025-11-17,2025-12-08,MDB;PCdoB;PDT;PP;PSB;PSD;PSOL;PT;REDE;REPUBLICANOS;UNIÃO
affiliation-8527ce77d2d2@service-michel_temer-0-64/MDB,CV5-051,2022,2025-12-08,2025-12-19,MDB;PCdoB;PDT;PP;PSB;PSD;PSOL;PT;REDE;REPUBLICANOS
affiliation-8527ce77d2d2@service-michel_temer-0-64/MDB,CV5-052,2022,2025-12-19,2025-12-23,MDB;PCdoB;PDT;PP;PSB;PSD;PSDB;PSOL;PT;REDE;REPUBLICANOS
affiliation-8527ce77d2d2@service-michel_temer-0-64/MDB,CV5-053,2022,2025-12-23,2026-03-20,MDB;PCdoB;PDT;PP;PSB;PSD;PSOL;PT;REDE;REPUBLICANOS
affiliation-C041-paulo-pedrosa-2016-10-10-2016-10-10@service-C041-paulo-pedrosa-2016-10-10/PSDB,CV5-001,2014,2015-01-01,2015-03-19,PCdoB;PDT;PMDB;PP;PR;PRB;PROS;PSD;PT;PTB
affiliation-C041-paulo-pedrosa-2016-10-10-2016-10-10@service-C041-paulo-pedrosa-2016-10-10/PSDB,CV5-002,2014,2015-03-19,2016-03-18,PCdoB;PDT;PMDB;PP;PR;PRB;PSD;PT;PTB
affiliation-C041-paulo-pedrosa-2016-10-10-2016-10-10@service-C041-paulo-pedrosa-2016-10-10/PSDB,CV5-003,2014,2016-03-18,2016-03-31,PCdoB;PDT;PMDB;PP;PR;PROS;PSD;PT;PTB
affiliation-C041-paulo-pedrosa-2016-10-10-2016-10-10@service-C041-paulo-pedrosa-2016-10-10/PSDB,CV5-004,2014,2016-03-31,2016-04-14,PCdoB;PDT;PMDB;PP;PR;PSD;PT;PTB
affiliation-C041-paulo-pedrosa-2016-10-10-2016-10-10@service-C041-paulo-pedrosa-2016-10-10/PSDB,CV5-005,2014,2016-04-14,2016-04-19,PCdoB;PDT;PMDB;PR;PSD;PT;PTB
affiliation-C041-paulo-pedrosa-2016-10-10-2016-10-10@service-C041-paulo-pedrosa-2016-10-10/PSDB,CV5-006,2014,2016-04-19,2016-05-12,PCdoB;PDT;PMDB;PR;PT;PTB
affiliation-C041-paulo-pedrosa-2016-10-10-2016-10-10@service-C041-paulo-pedrosa-2016-10-10/PSDB,CV5-007,2014,2016-05-12,2016-10-10,DEM;PMDB;PP;PPS;PR;PRB;PSB;PSD;PSDB;PTB;PV
affiliation-C041-paulo-pedrosa-2016-10-10-2016-10-10@service-C041-paulo-pedrosa-2016-10-10/PSDB,CV5-008,2014,2016-10-10,2016-10-11,DEM;PMDB;PP;PPS;PR;PRB;PSD;PSDB;PTB;PV
affiliation-C041-paulo-pedrosa-2016-10-10-2016-10-10@service-C041-paulo-pedrosa-2016-10-10/PSDB,CV5-009,2014,2016-10-11,2016-10-25,DEM;PMDB;PP;PPS;PR;PRB;PSB;PSD;PSDB;PTB;PV
affiliation-C041-paulo-pedrosa-2016-10-10-2016-10-10@service-C041-paulo-pedrosa-2016-10-10/PSDB,CV5-010,2014,2016-10-25,2016-10-26,DEM;PMDB;PP;PPS;PR;PRB;PSD;PSDB;PTB;PV
affiliation-C041-paulo-pedrosa-2016-10-10-2016-10-10@service-C041-paulo-pedrosa-2016-10-10/PSDB,CV5-011,2014,2016-10-26,2017-04-26,DEM;PMDB;PP;PPS;PR;PRB;PSB;PSD;PSDB;PTB;PV
affiliation-C041-paulo-pedrosa-2016-10-10-2016-10-10@service-C041-paulo-pedrosa-2016-10-10/PSDB,CV5-012,2014,2017-04-26,2017-04-27,DEM;PMDB;PP;PPS;PR;PRB;PSD;PSDB;PTB;PV
affiliation-C041-paulo-pedrosa-2016-10-10-2016-10-10@service-C041-paulo-pedrosa-2016-10-10/PSDB,CV5-013,2014,2017-04-27,2017-08-02,DEM;PMDB;PP;PPS;PR;PRB;PSB;PSD;PSDB;PTB;PV
affiliation-C041-paulo-pedrosa-2016-10-10-2016-10-10@service-C041-paulo-pedrosa-2016-10-10/PSDB,CV5-014,2014,2017-08-02,2017-08-03,DEM;PMDB;PP;PPS;PR;PRB;PSD;PSDB;PTB;PV
affiliation-C041-paulo-pedrosa-2016-10-10-2016-10-10@service-C041-paulo-pedrosa-2016-10-10/PSDB,CV5-015,2014,2017-08-03,2017-10-18,DEM;PMDB;PP;PPS;PR;PRB;PSB;PSD;PSDB;PTB;PV
affiliation-C041-paulo-pedrosa-2016-10-10-2016-10-10@service-C041-paulo-pedrosa-2016-10-10/PSDB,CV5-016,2014,2017-10-18,2018-03-21,DEM;PMDB;PP;PPS;PR;PRB;PSD;PSDB;PTB;PV
affiliation-C041-paulo-pedrosa-2016-10-10-2016-10-10@service-C041-paulo-pedrosa-2016-10-10/PSDB,CV5-017,2014,2018-03-21,2018-04-02,DEM;PMDB;PP;PR;PRB;PSD;PSDB;PTB;PV
affiliation-C041-paulo-pedrosa-2016-10-10-2016-10-10@service-C041-paulo-pedrosa-2016-10-10/PSDB,CV5-018,2014,2018-04-02,2018-04-06,DEM;PMDB;PP;PRB;PSD;PSDB;PTB;PV
affiliation-C041-paulo-pedrosa-2016-10-10-2016-10-10@service-C041-paulo-pedrosa-2016-10-10/PSDB,CV5-019,2014,2018-04-06,2018-07-05,PMDB;PP;PRB;PSD;PSDB;PTB;PV
affiliation-C041-paulo-pedrosa-2016-10-10-2016-10-10@service-C041-paulo-pedrosa-2016-10-10/PSDB,CV5-020,2014,2018-07-05,2019-01-01,PMDB;PP;PRB;PSD;PSDB;PV
affiliation-C041-paulo-pedrosa-2016-10-10-2016-10-10@service-C041-paulo-pedrosa-2016-10-10/PSDB,CV5-021,2018,2019-01-01,2020-02-11,DEM;MDB;NOVO;PP;PSL
affiliation-C041-paulo-pedrosa-2016-10-10-2016-10-10@service-C041-paulo-pedrosa-2016-10-10/PSDB,CV5-022,2018,2020-02-11,2020-02-18,DEM;MDB;NOVO;PP;PSDB;PSL
affiliation-C041-paulo-pedrosa-2016-10-10-2016-10-10@service-C041-paulo-pedrosa-2016-10-10/PSDB,CV5-023,2018,2020-02-18,2020-04-16,DEM;NOVO;PP;PSDB;PSL
affiliation-C041-paulo-pedrosa-2016-10-10-2016-10-10@service-C041-paulo-pedrosa-2016-10-10/PSDB,CV5-024,2018,2020-04-16,2020-04-17,DEM;MDB;NOVO;PP;PSDB;PSL
affiliation-C041-paulo-pedrosa-2016-10-10-2016-10-10@service-C041-paulo-pedrosa-2016-10-10/PSDB,CV5-025,2018,2020-04-17,2020-05-07,DEM;NOVO;PP;PSDB;PSL
affiliation-C041-paulo-pedrosa-2016-10-10-2016-10-10@service-C041-paulo-pedrosa-2016-10-10/PSDB,CV5-026,2018,2020-05-07,2020-06-17,DEM;PP;PSDB;PSL
affiliation-C041-paulo-pedrosa-2016-10-10-2016-10-10@service-C041-paulo-pedrosa-2016-10-10/PSDB,CV5-027,2018,2020-06-17,2020-06-18,DEM;PP;PSD;PSDB;PSL
affiliation-C041-paulo-pedrosa-2016-10-10-2016-10-10@service-C041-paulo-pedrosa-2016-10-10/PSDB,CV5-028,2018,2020-06-18,2020-09-19,DEM;PP;PSD;PSL
affiliation-C041-paulo-pedrosa-2016-10-10-2016-10-10@service-C041-paulo-pedrosa-2016-10-10/PSDB,CV5-029,2018,2020-09-19,2020-12-09,DEM;PSD;PSL
affiliation-C041-paulo-pedrosa-2016-10-10-2016-10-10@service-C041-paulo-pedrosa-2016-10-10/PSDB,CV5-030,2018,2020-12-09,2021-02-12,DEM;PSC;PSD;PSL
affiliation-C041-paulo-pedrosa-2016-10-10-2016-10-10@service-C041-paulo-pedrosa-2016-10-10/PSDB,CV5-031,2018,2021-02-12,2021-03-31,DEM;PRB;PSC;PSD;PSL
affiliation-C041-paulo-pedrosa-2016-10-10-2016-10-10@service-C041-paulo-pedrosa-2016-10-10/PSDB,CV5-032,2018,2021-03-31,2021-07-28,DEM;PR;PRB;PSC;PSD;PSL
affiliation-C041-paulo-pedrosa-2016-10-10-2016-10-10@service-C041-paulo-pedrosa-2016-10-10/PSDB,CV5-033,2018,2021-07-28,2022-03-24,DEM;PP;PR;PRB;PSC;PSD;PSL
affiliation-C041-paulo-pedrosa-2016-10-10-2016-10-10@service-C041-paulo-pedrosa-2016-10-10/PSDB,CV5-034,2018,2022-03-24,2022-03-27,DEM;PP;PR;PRB;PSC;PSL
affiliation-C041-paulo-pedrosa-2016-10-10-2016-10-10@service-C041-paulo-pedrosa-2016-10-10/PSDB,CV5-035,2018,2022-03-27,2022-03-28,PP;PR;PSC
affiliation-C041-paulo-pedrosa-2016-10-10-2016-10-10@service-C041-paulo-pedrosa-2016-10-10/PSDB,CV5-036,2018,2022-03-28,2022-03-30,PP;PR;PRB;PSC
affiliation-C041-paulo-pedrosa-2016-10-10-2016-10-10@service-C041-paulo-pedrosa-2016-10-10/PSDB,CV5-037,2018,2022-03-30,2022-03-31,PP;PR;PRB
affiliation-C041-paulo-pedrosa-2016-10-10-2016-10-10@service-C041-paulo-pedrosa-2016-10-10/PSDB,CV5-038,2018,2022-03-31,2022-05-11,PP;PRB;PSD
affiliation-C041-paulo-pedrosa-2016-10-10-2016-10-10@service-C041-paulo-pedrosa-2016-10-10/PSDB,CV5-039,2018,2022-05-11,2022-12-30,DEM;PP;PRB;PSD;PSL
affiliation-C041-paulo-pedrosa-2016-10-10-2016-10-10@service-C041-paulo-pedrosa-2016-10-10/PSDB,CV5-040,2018,2022-12-30,2023-01-01,DEM;NOVO;PRB;PSD;PSL
affiliation-C041-paulo-pedrosa-2016-10-10-2016-10-10@service-C041-paulo-pedrosa-2016-10-10/PSDB,CV5-041,2022,2023-01-01,2023-09-13,MDB;PCdoB;PDT;PSB;PSD;PSOL;PT;REDE;UNIÃO
affiliation-C041-paulo-pedrosa-2016-10-10-2016-10-10@service-C041-paulo-pedrosa-2016-10-10/PSDB,CV5-042,2022,2023-09-13,2023-12-04,MDB;PCdoB;PDT;PP;PSB;PSD;PSOL;PT;REDE;REPUBLICANOS;UNIÃO
affiliation-C041-paulo-pedrosa-2016-10-10-2016-10-10@service-C041-paulo-pedrosa-2016-10-10/PSDB,CV5-043,2022,2023-12-04,2023-12-06,MDB;PCdoB;PDT;PP;PSB;PSD;PSDB;PSOL;PT;REDE;REPUBLICANOS;UNIÃO
affiliation-C041-paulo-pedrosa-2016-10-10-2016-10-10@service-C041-paulo-pedrosa-2016-10-10/PSDB,CV5-044,2022,2023-12-06,2024-12-03,MDB;PCdoB;PDT;PP;PSB;PSD;PSOL;PT;REDE;REPUBLICANOS;UNIÃO
affiliation-C041-paulo-pedrosa-2016-10-10-2016-10-10@service-C041-paulo-pedrosa-2016-10-10/PSDB,CV5-045,2022,2024-12-03,2024-12-06,MDB;PCdoB;PDT;PP;PSB;PSD;PSDB;PSOL;PT;REDE;REPUBLICANOS;UNIÃO
affiliation-C041-paulo-pedrosa-2016-10-10-2016-10-10@service-C041-paulo-pedrosa-2016-10-10/PSDB,CV5-046,2022,2024-12-06,2025-10-08,MDB;PCdoB;PDT;PP;PSB;PSD;PSOL;PT;REDE;REPUBLICANOS;UNIÃO
affiliation-C041-paulo-pedrosa-2016-10-10-2016-10-10@service-C041-paulo-pedrosa-2016-10-10/PSDB,CV5-047,2022,2025-10-08,2025-10-09,MDB;PCdoB;PDT;PP;PSB;PSD;PSDB;PSOL;PT;REDE;REPUBLICANOS
affiliation-C041-paulo-pedrosa-2016-10-10-2016-10-10@service-C041-paulo-pedrosa-2016-10-10/PSDB,CV5-048,2022,2025-10-09,2025-11-13,MDB;PCdoB;PDT;PP;PSB;PSD;PSOL;PT;REDE;REPUBLICANOS;UNIÃO
affiliation-C041-paulo-pedrosa-2016-10-10-2016-10-10@service-C041-paulo-pedrosa-2016-10-10/PSDB,CV5-049,2022,2025-11-13,2025-11-17,MDB;PCdoB;PDT;PP;PSB;PSD;PSDB;PSOL;PT;REDE;REPUBLICANOS
affiliation-C041-paulo-pedrosa-2016-10-10-2016-10-10@service-C041-paulo-pedrosa-2016-10-10/PSDB,CV5-050,2022,2025-11-17,2025-12-08,MDB;PCdoB;PDT;PP;PSB;PSD;PSOL;PT;REDE;REPUBLICANOS;UNIÃO
affiliation-C041-paulo-pedrosa-2016-10-10-2016-10-10@service-C041-paulo-pedrosa-2016-10-10/PSDB,CV5-051,2022,2025-12-08,2025-12-19,MDB;PCdoB;PDT;PP;PSB;PSD;PSOL;PT;REDE;REPUBLICANOS
affiliation-C041-paulo-pedrosa-2016-10-10-2016-10-10@service-C041-paulo-pedrosa-2016-10-10/PSDB,CV5-052,2022,2025-12-19,2025-12-23,MDB;PCdoB;PDT;PP;PSB;PSD;PSDB;PSOL;PT;REDE;REPUBLICANOS
affiliation-C041-paulo-pedrosa-2016-10-10-2016-10-10@service-C041-paulo-pedrosa-2016-10-10/PSDB,CV5-053,2022,2025-12-23,2026-03-20,MDB;PCdoB;PDT;PP;PSB;PSD;PSOL;PT;REDE;REPUBLICANOS
affiliation-C041-paulo-pedrosa-2016-10-10-2016-10-10@service-C041-paulo-pedrosa-2016-10-10/UNAFFILIATED,CV5-001,2014,2015-01-01,2015-03-19,PCdoB;PDT;PMDB;PP;PR;PRB;PROS;PSD;PT;PTB
affiliation-C041-paulo-pedrosa-2016-10-10-2016-10-10@service-C041-paulo-pedrosa-2016-10-10/UNAFFILIATED,CV5-002,2014,2015-03-19,2016-03-18,PCdoB;PDT;PMDB;PP;PR;PRB;PSD;PT;PTB
affiliation-C041-paulo-pedrosa-2016-10-10-2016-10-10@service-C041-paulo-pedrosa-2016-10-10/UNAFFILIATED,CV5-003,2014,2016-03-18,2016-03-31,PCdoB;PDT;PMDB;PP;PR;PROS;PSD;PT;PTB
affiliation-C041-paulo-pedrosa-2016-10-10-2016-10-10@service-C041-paulo-pedrosa-2016-10-10/UNAFFILIATED,CV5-004,2014,2016-03-31,2016-04-14,PCdoB;PDT;PMDB;PP;PR;PSD;PT;PTB
affiliation-C041-paulo-pedrosa-2016-10-10-2016-10-10@service-C041-paulo-pedrosa-2016-10-10/UNAFFILIATED,CV5-005,2014,2016-04-14,2016-04-19,PCdoB;PDT;PMDB;PR;PSD;PT;PTB
affiliation-C041-paulo-pedrosa-2016-10-10-2016-10-10@service-C041-paulo-pedrosa-2016-10-10/UNAFFILIATED,CV5-006,2014,2016-04-19,2016-05-12,PCdoB;PDT;PMDB;PR;PT;PTB
affiliation-C041-paulo-pedrosa-2016-10-10-2016-10-10@service-C041-paulo-pedrosa-2016-10-10/UNAFFILIATED,CV5-007,2014,2016-05-12,2016-10-10,DEM;PMDB;PP;PPS;PR;PRB;PSB;PSD;PSDB;PTB;PV
affiliation-C041-paulo-pedrosa-2016-10-10-2016-10-10@service-C041-paulo-pedrosa-2016-10-10/UNAFFILIATED,CV5-008,2014,2016-10-10,2016-10-11,DEM;PMDB;PP;PPS;PR;PRB;PSD;PSDB;PTB;PV
affiliation-C041-paulo-pedrosa-2016-10-10-2016-10-10@service-C041-paulo-pedrosa-2016-10-10/UNAFFILIATED,CV5-009,2014,2016-10-11,2016-10-25,DEM;PMDB;PP;PPS;PR;PRB;PSB;PSD;PSDB;PTB;PV
affiliation-C041-paulo-pedrosa-2016-10-10-2016-10-10@service-C041-paulo-pedrosa-2016-10-10/UNAFFILIATED,CV5-010,2014,2016-10-25,2016-10-26,DEM;PMDB;PP;PPS;PR;PRB;PSD;PSDB;PTB;PV
affiliation-C041-paulo-pedrosa-2016-10-10-2016-10-10@service-C041-paulo-pedrosa-2016-10-10/UNAFFILIATED,CV5-011,2014,2016-10-26,2017-04-26,DEM;PMDB;PP;PPS;PR;PRB;PSB;PSD;PSDB;PTB;PV
affiliation-C041-paulo-pedrosa-2016-10-10-2016-10-10@service-C041-paulo-pedrosa-2016-10-10/UNAFFILIATED,CV5-012,2014,2017-04-26,2017-04-27,DEM;PMDB;PP;PPS;PR;PRB;PSD;PSDB;PTB;PV
affiliation-C041-paulo-pedrosa-2016-10-10-2016-10-10@service-C041-paulo-pedrosa-2016-10-10/UNAFFILIATED,CV5-013,2014,2017-04-27,2017-08-02,DEM;PMDB;PP;PPS;PR;PRB;PSB;PSD;PSDB;PTB;PV
affiliation-C041-paulo-pedrosa-2016-10-10-2016-10-10@service-C041-paulo-pedrosa-2016-10-10/UNAFFILIATED,CV5-014,2014,2017-08-02,2017-08-03,DEM;PMDB;PP;PPS;PR;PRB;PSD;PSDB;PTB;PV
affiliation-C041-paulo-pedrosa-2016-10-10-2016-10-10@service-C041-paulo-pedrosa-2016-10-10/UNAFFILIATED,CV5-015,2014,2017-08-03,2017-10-18,DEM;PMDB;PP;PPS;PR;PRB;PSB;PSD;PSDB;PTB;PV
affiliation-C041-paulo-pedrosa-2016-10-10-2016-10-10@service-C041-paulo-pedrosa-2016-10-10/UNAFFILIATED,CV5-016,2014,2017-10-18,2018-03-21,DEM;PMDB;PP;PPS;PR;PRB;PSD;PSDB;PTB;PV
affiliation-C041-paulo-pedrosa-2016-10-10-2016-10-10@service-C041-paulo-pedrosa-2016-10-10/UNAFFILIATED,CV5-017,2014,2018-03-21,2018-04-02,DEM;PMDB;PP;PR;PRB;PSD;PSDB;PTB;PV
affiliation-C041-paulo-pedrosa-2016-10-10-2016-10-10@service-C041-paulo-pedrosa-2016-10-10/UNAFFILIATED,CV5-018,2014,2018-04-02,2018-04-06,DEM;PMDB;PP;PRB;PSD;PSDB;PTB;PV
affiliation-C041-paulo-pedrosa-2016-10-10-2016-10-10@service-C041-paulo-pedrosa-2016-10-10/UNAFFILIATED,CV5-019,2014,2018-04-06,2018-07-05,PMDB;PP;PRB;PSD;PSDB;PTB;PV
affiliation-C041-paulo-pedrosa-2016-10-10-2016-10-10@service-C041-paulo-pedrosa-2016-10-10/UNAFFILIATED,CV5-020,2014,2018-07-05,2019-01-01,PMDB;PP;PRB;PSD;PSDB;PV
affiliation-C041-paulo-pedrosa-2016-10-10-2016-10-10@service-C041-paulo-pedrosa-2016-10-10/UNAFFILIATED,CV5-021,2018,2019-01-01,2020-02-11,DEM;MDB;NOVO;PP;PSL
affiliation-C041-paulo-pedrosa-2016-10-10-2016-10-10@service-C041-paulo-pedrosa-2016-10-10/UNAFFILIATED,CV5-022,2018,2020-02-11,2020-02-18,DEM;MDB;NOVO;PP;PSDB;PSL
affiliation-C041-paulo-pedrosa-2016-10-10-2016-10-10@service-C041-paulo-pedrosa-2016-10-10/UNAFFILIATED,CV5-023,2018,2020-02-18,2020-04-16,DEM;NOVO;PP;PSDB;PSL
affiliation-C041-paulo-pedrosa-2016-10-10-2016-10-10@service-C041-paulo-pedrosa-2016-10-10/UNAFFILIATED,CV5-024,2018,2020-04-16,2020-04-17,DEM;MDB;NOVO;PP;PSDB;PSL
affiliation-C041-paulo-pedrosa-2016-10-10-2016-10-10@service-C041-paulo-pedrosa-2016-10-10/UNAFFILIATED,CV5-025,2018,2020-04-17,2020-05-07,DEM;NOVO;PP;PSDB;PSL
affiliation-C041-paulo-pedrosa-2016-10-10-2016-10-10@service-C041-paulo-pedrosa-2016-10-10/UNAFFILIATED,CV5-026,2018,2020-05-07,2020-06-17,DEM;PP;PSDB;PSL
affiliation-C041-paulo-pedrosa-2016-10-10-2016-10-10@service-C041-paulo-pedrosa-2016-10-10/UNAFFILIATED,CV5-027,2018,2020-06-17,2020-06-18,DEM;PP;PSD;PSDB;PSL
affiliation-C041-paulo-pedrosa-2016-10-10-2016-10-10@service-C041-paulo-pedrosa-2016-10-10/UNAFFILIATED,CV5-028,2018,2020-06-18,2020-09-19,DEM;PP;PSD;PSL
affiliation-C041-paulo-pedrosa-2016-10-10-2016-10-10@service-C041-paulo-pedrosa-2016-10-10/UNAFFILIATED,CV5-029,2018,2020-09-19,2020-12-09,DEM;PSD;PSL
affiliation-C041-paulo-pedrosa-2016-10-10-2016-10-10@service-C041-paulo-pedrosa-2016-10-10/UNAFFILIATED,CV5-030,2018,2020-12-09,2021-02-12,DEM;PSC;PSD;PSL
affiliation-C041-paulo-pedrosa-2016-10-10-2016-10-10@service-C041-paulo-pedrosa-2016-10-10/UNAFFILIATED,CV5-031,2018,2021-02-12,2021-03-31,DEM;PRB;PSC;PSD;PSL
affiliation-C041-paulo-pedrosa-2016-10-10-2016-10-10@service-C041-paulo-pedrosa-2016-10-10/UNAFFILIATED,CV5-032,2018,2021-03-31,2021-07-28,DEM;PR;PRB;PSC;PSD;PSL
affiliation-C041-paulo-pedrosa-2016-10-10-2016-10-10@service-C041-paulo-pedrosa-2016-10-10/UNAFFILIATED,CV5-033,2018,2021-07-28,2022-03-24,DEM;PP;PR;PRB;PSC;PSD;PSL
affiliation-C041-paulo-pedrosa-2016-10-10-2016-10-10@service-C041-paulo-pedrosa-2016-10-10/UNAFFILIATED,CV5-034,2018,2022-03-24,2022-03-27,DEM;PP;PR;PRB;PSC;PSL
affiliation-C041-paulo-pedrosa-2016-10-10-2016-10-10@service-C041-paulo-pedrosa-2016-10-10/UNAFFILIATED,CV5-035,2018,2022-03-27,2022-03-28,PP;PR;PSC
affiliation-C041-paulo-pedrosa-2016-10-10-2016-10-10@service-C041-paulo-pedrosa-2016-10-10/UNAFFILIATED,CV5-036,2018,2022-03-28,2022-03-30,PP;PR;PRB;PSC
affiliation-C041-paulo-pedrosa-2016-10-10-2016-10-10@service-C041-paulo-pedrosa-2016-10-10/UNAFFILIATED,CV5-037,2018,2022-03-30,2022-03-31,PP;PR;PRB
affiliation-C041-paulo-pedrosa-2016-10-10-2016-10-10@service-C041-paulo-pedrosa-2016-10-10/UNAFFILIATED,CV5-038,2018,2022-03-31,2022-05-11,PP;PRB;PSD
affiliation-C041-paulo-pedrosa-2016-10-10-2016-10-10@service-C041-paulo-pedrosa-2016-10-10/UNAFFILIATED,CV5-039,2018,2022-05-11,2022-12-30,DEM;PP;PRB;PSD;PSL
affiliation-C041-paulo-pedrosa-2016-10-10-2016-10-10@service-C041-paulo-pedrosa-2016-10-10/UNAFFILIATED,CV5-040,2018,2022-12-30,2023-01-01,DEM;NOVO;PRB;PSD;PSL
affiliation-C041-paulo-pedrosa-2016-10-10-2016-10-10@service-C041-paulo-pedrosa-2016-10-10/UNAFFILIATED,CV5-041,2022,2023-01-01,2023-09-13,MDB;PCdoB;PDT;PSB;PSD;PSOL;PT;REDE;UNIÃO
affiliation-C041-paulo-pedrosa-2016-10-10-2016-10-10@service-C041-paulo-pedrosa-2016-10-10/UNAFFILIATED,CV5-042,2022,2023-09-13,2023-12-04,MDB;PCdoB;PDT;PP;PSB;PSD;PSOL;PT;REDE;REPUBLICANOS;UNIÃO
affiliation-C041-paulo-pedrosa-2016-10-10-2016-10-10@service-C041-paulo-pedrosa-2016-10-10/UNAFFILIATED,CV5-043,2022,2023-12-04,2023-12-06,MDB;PCdoB;PDT;PP;PSB;PSD;PSDB;PSOL;PT;REDE;REPUBLICANOS;UNIÃO
affiliation-C041-paulo-pedrosa-2016-10-10-2016-10-10@service-C041-paulo-pedrosa-2016-10-10/UNAFFILIATED,CV5-044,2022,2023-12-06,2024-12-03,MDB;PCdoB;PDT;PP;PSB;PSD;PSOL;PT;REDE;REPUBLICANOS;UNIÃO
affiliation-C041-paulo-pedrosa-2016-10-10-2016-10-10@service-C041-paulo-pedrosa-2016-10-10/UNAFFILIATED,CV5-045,2022,2024-12-03,2024-12-06,MDB;PCdoB;PDT;PP;PSB;PSD;PSDB;PSOL;PT;REDE;REPUBLICANOS;UNIÃO
affiliation-C041-paulo-pedrosa-2016-10-10-2016-10-10@service-C041-paulo-pedrosa-2016-10-10/UNAFFILIATED,CV5-046,2022,2024-12-06,2025-10-08,MDB;PCdoB;PDT;PP;PSB;PSD;PSOL;PT;REDE;REPUBLICANOS;UNIÃO
affiliation-C041-paulo-pedrosa-2016-10-10-2016-10-10@service-C041-paulo-pedrosa-2016-10-10/UNAFFILIATED,CV5-047,2022,2025-10-08,2025-10-09,MDB;PCdoB;PDT;PP;PSB;PSD;PSDB;PSOL;PT;REDE;REPUBLICANOS
affiliation-C041-paulo-pedrosa-2016-10-10-2016-10-10@service-C041-paulo-pedrosa-2016-10-10/UNAFFILIATED,CV5-048,2022,2025-10-09,2025-11-13,MDB;PCdoB;PDT;PP;PSB;PSD;PSOL;PT;REDE;REPUBLICANOS;UNIÃO
affiliation-C041-paulo-pedrosa-2016-10-10-2016-10-10@service-C041-paulo-pedrosa-2016-10-10/UNAFFILIATED,CV5-049,2022,2025-11-13,2025-11-17,MDB;PCdoB;PDT;PP;PSB;PSD;PSDB;PSOL;PT;REDE;REPUBLICANOS
affiliation-C041-paulo-pedrosa-2016-10-10-2016-10-10@service-C041-paulo-pedrosa-2016-10-10/UNAFFILIATED,CV5-050,2022,2025-11-17,2025-12-08,MDB;PCdoB;PDT;PP;PSB;PSD;PSOL;PT;REDE;REPUBLICANOS;UNIÃO
affiliation-C041-paulo-pedrosa-2016-10-10-2016-10-10@service-C041-paulo-pedrosa-2016-10-10/UNAFFILIATED,CV5-051,2022,2025-12-08,2025-12-19,MDB;PCdoB;PDT;PP;PSB;PSD;PSOL;PT;REDE;REPUBLICANOS
affiliation-C041-paulo-pedrosa-2016-10-10-2016-10-10@service-C041-paulo-pedrosa-2016-10-10/UNAFFILIATED,CV5-052,2022,2025-12-19,2025-12-23,MDB;PCdoB;PDT;PP;PSB;PSD;PSDB;PSOL;PT;REDE;REPUBLICANOS
affiliation-C041-paulo-pedrosa-2016-10-10-2016-10-10@service-C041-paulo-pedrosa-2016-10-10/UNAFFILIATED,CV5-053,2022,2025-12-23,2026-03-20,MDB;PCdoB;PDT;PP;PSB;PSD;PSOL;PT;REDE;REPUBLICANOS
affiliation-C041-paulo-pedrosa-2016-10-25-2016-10-25@service-C041-paulo-pedrosa-2016-10-25/PSDB,CV5-001,2014,2015-01-01,2015-03-19,PCdoB;PDT;PMDB;PP;PR;PRB;PROS;PSD;PT;PTB
affiliation-C041-paulo-pedrosa-2016-10-25-2016-10-25@service-C041-paulo-pedrosa-2016-10-25/PSDB,CV5-002,2014,2015-03-19,2016-03-18,PCdoB;PDT;PMDB;PP;PR;PRB;PSD;PT;PTB
affiliation-C041-paulo-pedrosa-2016-10-25-2016-10-25@service-C041-paulo-pedrosa-2016-10-25/PSDB,CV5-003,2014,2016-03-18,2016-03-31,PCdoB;PDT;PMDB;PP;PR;PROS;PSD;PT;PTB
affiliation-C041-paulo-pedrosa-2016-10-25-2016-10-25@service-C041-paulo-pedrosa-2016-10-25/PSDB,CV5-004,2014,2016-03-31,2016-04-14,PCdoB;PDT;PMDB;PP;PR;PSD;PT;PTB
affiliation-C041-paulo-pedrosa-2016-10-25-2016-10-25@service-C041-paulo-pedrosa-2016-10-25/PSDB,CV5-005,2014,2016-04-14,2016-04-19,PCdoB;PDT;PMDB;PR;PSD;PT;PTB
affiliation-C041-paulo-pedrosa-2016-10-25-2016-10-25@service-C041-paulo-pedrosa-2016-10-25/PSDB,CV5-006,2014,2016-04-19,2016-05-12,PCdoB;PDT;PMDB;PR;PT;PTB
affiliation-C041-paulo-pedrosa-2016-10-25-2016-10-25@service-C041-paulo-pedrosa-2016-10-25/PSDB,CV5-007,2014,2016-05-12,2016-10-10,DEM;PMDB;PP;PPS;PR;PRB;PSB;PSD;PSDB;PTB;PV
affiliation-C041-paulo-pedrosa-2016-10-25-2016-10-25@service-C041-paulo-pedrosa-2016-10-25/PSDB,CV5-008,2014,2016-10-10,2016-10-11,DEM;PMDB;PP;PPS;PR;PRB;PSD;PSDB;PTB;PV
affiliation-C041-paulo-pedrosa-2016-10-25-2016-10-25@service-C041-paulo-pedrosa-2016-10-25/PSDB,CV5-009,2014,2016-10-11,2016-10-25,DEM;PMDB;PP;PPS;PR;PRB;PSB;PSD;PSDB;PTB;PV
affiliation-C041-paulo-pedrosa-2016-10-25-2016-10-25@service-C041-paulo-pedrosa-2016-10-25/PSDB,CV5-010,2014,2016-10-25,2016-10-26,DEM;PMDB;PP;PPS;PR;PRB;PSD;PSDB;PTB;PV
affiliation-C041-paulo-pedrosa-2016-10-25-2016-10-25@service-C041-paulo-pedrosa-2016-10-25/PSDB,CV5-011,2014,2016-10-26,2017-04-26,DEM;PMDB;PP;PPS;PR;PRB;PSB;PSD;PSDB;PTB;PV
affiliation-C041-paulo-pedrosa-2016-10-25-2016-10-25@service-C041-paulo-pedrosa-2016-10-25/PSDB,CV5-012,2014,2017-04-26,2017-04-27,DEM;PMDB;PP;PPS;PR;PRB;PSD;PSDB;PTB;PV
affiliation-C041-paulo-pedrosa-2016-10-25-2016-10-25@service-C041-paulo-pedrosa-2016-10-25/PSDB,CV5-013,2014,2017-04-27,2017-08-02,DEM;PMDB;PP;PPS;PR;PRB;PSB;PSD;PSDB;PTB;PV
affiliation-C041-paulo-pedrosa-2016-10-25-2016-10-25@service-C041-paulo-pedrosa-2016-10-25/PSDB,CV5-014,2014,2017-08-02,2017-08-03,DEM;PMDB;PP;PPS;PR;PRB;PSD;PSDB;PTB;PV
affiliation-C041-paulo-pedrosa-2016-10-25-2016-10-25@service-C041-paulo-pedrosa-2016-10-25/PSDB,CV5-015,2014,2017-08-03,2017-10-18,DEM;PMDB;PP;PPS;PR;PRB;PSB;PSD;PSDB;PTB;PV
affiliation-C041-paulo-pedrosa-2016-10-25-2016-10-25@service-C041-paulo-pedrosa-2016-10-25/PSDB,CV5-016,2014,2017-10-18,2018-03-21,DEM;PMDB;PP;PPS;PR;PRB;PSD;PSDB;PTB;PV
affiliation-C041-paulo-pedrosa-2016-10-25-2016-10-25@service-C041-paulo-pedrosa-2016-10-25/PSDB,CV5-017,2014,2018-03-21,2018-04-02,DEM;PMDB;PP;PR;PRB;PSD;PSDB;PTB;PV
affiliation-C041-paulo-pedrosa-2016-10-25-2016-10-25@service-C041-paulo-pedrosa-2016-10-25/PSDB,CV5-018,2014,2018-04-02,2018-04-06,DEM;PMDB;PP;PRB;PSD;PSDB;PTB;PV
affiliation-C041-paulo-pedrosa-2016-10-25-2016-10-25@service-C041-paulo-pedrosa-2016-10-25/PSDB,CV5-019,2014,2018-04-06,2018-07-05,PMDB;PP;PRB;PSD;PSDB;PTB;PV
affiliation-C041-paulo-pedrosa-2016-10-25-2016-10-25@service-C041-paulo-pedrosa-2016-10-25/PSDB,CV5-020,2014,2018-07-05,2019-01-01,PMDB;PP;PRB;PSD;PSDB;PV
affiliation-C041-paulo-pedrosa-2016-10-25-2016-10-25@service-C041-paulo-pedrosa-2016-10-25/PSDB,CV5-021,2018,2019-01-01,2020-02-11,DEM;MDB;NOVO;PP;PSL
affiliation-C041-paulo-pedrosa-2016-10-25-2016-10-25@service-C041-paulo-pedrosa-2016-10-25/PSDB,CV5-022,2018,2020-02-11,2020-02-18,DEM;MDB;NOVO;PP;PSDB;PSL
affiliation-C041-paulo-pedrosa-2016-10-25-2016-10-25@service-C041-paulo-pedrosa-2016-10-25/PSDB,CV5-023,2018,2020-02-18,2020-04-16,DEM;NOVO;PP;PSDB;PSL
affiliation-C041-paulo-pedrosa-2016-10-25-2016-10-25@service-C041-paulo-pedrosa-2016-10-25/PSDB,CV5-024,2018,2020-04-16,2020-04-17,DEM;MDB;NOVO;PP;PSDB;PSL
affiliation-C041-paulo-pedrosa-2016-10-25-2016-10-25@service-C041-paulo-pedrosa-2016-10-25/PSDB,CV5-025,2018,2020-04-17,2020-05-07,DEM;NOVO;PP;PSDB;PSL
affiliation-C041-paulo-pedrosa-2016-10-25-2016-10-25@service-C041-paulo-pedrosa-2016-10-25/PSDB,CV5-026,2018,2020-05-07,2020-06-17,DEM;PP;PSDB;PSL
affiliation-C041-paulo-pedrosa-2016-10-25-2016-10-25@service-C041-paulo-pedrosa-2016-10-25/PSDB,CV5-027,2018,2020-06-17,2020-06-18,DEM;PP;PSD;PSDB;PSL
affiliation-C041-paulo-pedrosa-2016-10-25-2016-10-25@service-C041-paulo-pedrosa-2016-10-25/PSDB,CV5-028,2018,2020-06-18,2020-09-19,DEM;PP;PSD;PSL
affiliation-C041-paulo-pedrosa-2016-10-25-2016-10-25@service-C041-paulo-pedrosa-2016-10-25/PSDB,CV5-029,2018,2020-09-19,2020-12-09,DEM;PSD;PSL
affiliation-C041-paulo-pedrosa-2016-10-25-2016-10-25@service-C041-paulo-pedrosa-2016-10-25/PSDB,CV5-030,2018,2020-12-09,2021-02-12,DEM;PSC;PSD;PSL
affiliation-C041-paulo-pedrosa-2016-10-25-2016-10-25@service-C041-paulo-pedrosa-2016-10-25/PSDB,CV5-031,2018,2021-02-12,2021-03-31,DEM;PRB;PSC;PSD;PSL
affiliation-C041-paulo-pedrosa-2016-10-25-2016-10-25@service-C041-paulo-pedrosa-2016-10-25/PSDB,CV5-032,2018,2021-03-31,2021-07-28,DEM;PR;PRB;PSC;PSD;PSL
affiliation-C041-paulo-pedrosa-2016-10-25-2016-10-25@service-C041-paulo-pedrosa-2016-10-25/PSDB,CV5-033,2018,2021-07-28,2022-03-24,DEM;PP;PR;PRB;PSC;PSD;PSL
affiliation-C041-paulo-pedrosa-2016-10-25-2016-10-25@service-C041-paulo-pedrosa-2016-10-25/PSDB,CV5-034,2018,2022-03-24,2022-03-27,DEM;PP;PR;PRB;PSC;PSL
affiliation-C041-paulo-pedrosa-2016-10-25-2016-10-25@service-C041-paulo-pedrosa-2016-10-25/PSDB,CV5-035,2018,2022-03-27,2022-03-28,PP;PR;PSC
affiliation-C041-paulo-pedrosa-2016-10-25-2016-10-25@service-C041-paulo-pedrosa-2016-10-25/PSDB,CV5-036,2018,2022-03-28,2022-03-30,PP;PR;PRB;PSC
affiliation-C041-paulo-pedrosa-2016-10-25-2016-10-25@service-C041-paulo-pedrosa-2016-10-25/PSDB,CV5-037,2018,2022-03-30,2022-03-31,PP;PR;PRB
affiliation-C041-paulo-pedrosa-2016-10-25-2016-10-25@service-C041-paulo-pedrosa-2016-10-25/PSDB,CV5-038,2018,2022-03-31,2022-05-11,PP;PRB;PSD
affiliation-C041-paulo-pedrosa-2016-10-25-2016-10-25@service-C041-paulo-pedrosa-2016-10-25/PSDB,CV5-039,2018,2022-05-11,2022-12-30,DEM;PP;PRB;PSD;PSL
affiliation-C041-paulo-pedrosa-2016-10-25-2016-10-25@service-C041-paulo-pedrosa-2016-10-25/PSDB,CV5-040,2018,2022-12-30,2023-01-01,DEM;NOVO;PRB;PSD;PSL
affiliation-C041-paulo-pedrosa-2016-10-25-2016-10-25@service-C041-paulo-pedrosa-2016-10-25/PSDB,CV5-041,2022,2023-01-01,2023-09-13,MDB;PCdoB;PDT;PSB;PSD;PSOL;PT;REDE;UNIÃO
affiliation-C041-paulo-pedrosa-2016-10-25-2016-10-25@service-C041-paulo-pedrosa-2016-10-25/PSDB,CV5-042,2022,2023-09-13,2023-12-04,MDB;PCdoB;PDT;PP;PSB;PSD;PSOL;PT;REDE;REPUBLICANOS;UNIÃO
affiliation-C041-paulo-pedrosa-2016-10-25-2016-10-25@service-C041-paulo-pedrosa-2016-10-25/PSDB,CV5-043,2022,2023-12-04,2023-12-06,MDB;PCdoB;PDT;PP;PSB;PSD;PSDB;PSOL;PT;REDE;REPUBLICANOS;UNIÃO
affiliation-C041-paulo-pedrosa-2016-10-25-2016-10-25@service-C041-paulo-pedrosa-2016-10-25/PSDB,CV5-044,2022,2023-12-06,2024-12-03,MDB;PCdoB;PDT;PP;PSB;PSD;PSOL;PT;REDE;REPUBLICANOS;UNIÃO
affiliation-C041-paulo-pedrosa-2016-10-25-2016-10-25@service-C041-paulo-pedrosa-2016-10-25/PSDB,CV5-045,2022,2024-12-03,2024-12-06,MDB;PCdoB;PDT;PP;PSB;PSD;PSDB;PSOL;PT;REDE;REPUBLICANOS;UNIÃO
affiliation-C041-paulo-pedrosa-2016-10-25-2016-10-25@service-C041-paulo-pedrosa-2016-10-25/PSDB,CV5-046,2022,2024-12-06,2025-10-08,MDB;PCdoB;PDT;PP;PSB;PSD;PSOL;PT;REDE;REPUBLICANOS;UNIÃO
affiliation-C041-paulo-pedrosa-2016-10-25-2016-10-25@service-C041-paulo-pedrosa-2016-10-25/PSDB,CV5-047,2022,2025-10-08,2025-10-09,MDB;PCdoB;PDT;PP;PSB;PSD;PSDB;PSOL;PT;REDE;REPUBLICANOS
affiliation-C041-paulo-pedrosa-2016-10-25-2016-10-25@service-C041-paulo-pedrosa-2016-10-25/PSDB,CV5-048,2022,2025-10-09,2025-11-13,MDB;PCdoB;PDT;PP;PSB;PSD;PSOL;PT;REDE;REPUBLICANOS;UNIÃO
affiliation-C041-paulo-pedrosa-2016-10-25-2016-10-25@service-C041-paulo-pedrosa-2016-10-25/PSDB,CV5-049,2022,2025-11-13,2025-11-17,MDB;PCdoB;PDT;PP;PSB;PSD;PSDB;PSOL;PT;REDE;REPUBLICANOS
affiliation-C041-paulo-pedrosa-2016-10-25-2016-10-25@service-C041-paulo-pedrosa-2016-10-25/PSDB,CV5-050,2022,2025-11-17,2025-12-08,MDB;PCdoB;PDT;PP;PSB;PSD;PSOL;PT;REDE;REPUBLICANOS;UNIÃO
affiliation-C041-paulo-pedrosa-2016-10-25-2016-10-25@service-C041-paulo-pedrosa-2016-10-25/PSDB,CV5-051,2022,2025-12-08,2025-12-19,MDB;PCdoB;PDT;PP;PSB;PSD;PSOL;PT;REDE;REPUBLICANOS
affiliation-C041-paulo-pedrosa-2016-10-25-2016-10-25@service-C041-paulo-pedrosa-2016-10-25/PSDB,CV5-052,2022,2025-12-19,2025-12-23,MDB;PCdoB;PDT;PP;PSB;PSD;PSDB;PSOL;PT;REDE;REPUBLICANOS
affiliation-C041-paulo-pedrosa-2016-10-25-2016-10-25@service-C041-paulo-pedrosa-2016-10-25/PSDB,CV5-053,2022,2025-12-23,2026-03-20,MDB;PCdoB;PDT;PP;PSB;PSD;PSOL;PT;REDE;REPUBLICANOS
affiliation-C041-paulo-pedrosa-2016-10-25-2016-10-25@service-C041-paulo-pedrosa-2016-10-25/UNAFFILIATED,CV5-001,2014,2015-01-01,2015-03-19,PCdoB;PDT;PMDB;PP;PR;PRB;PROS;PSD;PT;PTB
affiliation-C041-paulo-pedrosa-2016-10-25-2016-10-25@service-C041-paulo-pedrosa-2016-10-25/UNAFFILIATED,CV5-002,2014,2015-03-19,2016-03-18,PCdoB;PDT;PMDB;PP;PR;PRB;PSD;PT;PTB
affiliation-C041-paulo-pedrosa-2016-10-25-2016-10-25@service-C041-paulo-pedrosa-2016-10-25/UNAFFILIATED,CV5-003,2014,2016-03-18,2016-03-31,PCdoB;PDT;PMDB;PP;PR;PROS;PSD;PT;PTB
affiliation-C041-paulo-pedrosa-2016-10-25-2016-10-25@service-C041-paulo-pedrosa-2016-10-25/UNAFFILIATED,CV5-004,2014,2016-03-31,2016-04-14,PCdoB;PDT;PMDB;PP;PR;PSD;PT;PTB
affiliation-C041-paulo-pedrosa-2016-10-25-2016-10-25@service-C041-paulo-pedrosa-2016-10-25/UNAFFILIATED,CV5-005,2014,2016-04-14,2016-04-19,PCdoB;PDT;PMDB;PR;PSD;PT;PTB
affiliation-C041-paulo-pedrosa-2016-10-25-2016-10-25@service-C041-paulo-pedrosa-2016-10-25/UNAFFILIATED,CV5-006,2014,2016-04-19,2016-05-12,PCdoB;PDT;PMDB;PR;PT;PTB
affiliation-C041-paulo-pedrosa-2016-10-25-2016-10-25@service-C041-paulo-pedrosa-2016-10-25/UNAFFILIATED,CV5-007,2014,2016-05-12,2016-10-10,DEM;PMDB;PP;PPS;PR;PRB;PSB;PSD;PSDB;PTB;PV
affiliation-C041-paulo-pedrosa-2016-10-25-2016-10-25@service-C041-paulo-pedrosa-2016-10-25/UNAFFILIATED,CV5-008,2014,2016-10-10,2016-10-11,DEM;PMDB;PP;PPS;PR;PRB;PSD;PSDB;PTB;PV
affiliation-C041-paulo-pedrosa-2016-10-25-2016-10-25@service-C041-paulo-pedrosa-2016-10-25/UNAFFILIATED,CV5-009,2014,2016-10-11,2016-10-25,DEM;PMDB;PP;PPS;PR;PRB;PSB;PSD;PSDB;PTB;PV
affiliation-C041-paulo-pedrosa-2016-10-25-2016-10-25@service-C041-paulo-pedrosa-2016-10-25/UNAFFILIATED,CV5-010,2014,2016-10-25,2016-10-26,DEM;PMDB;PP;PPS;PR;PRB;PSD;PSDB;PTB;PV
affiliation-C041-paulo-pedrosa-2016-10-25-2016-10-25@service-C041-paulo-pedrosa-2016-10-25/UNAFFILIATED,CV5-011,2014,2016-10-26,2017-04-26,DEM;PMDB;PP;PPS;PR;PRB;PSB;PSD;PSDB;PTB;PV
affiliation-C041-paulo-pedrosa-2016-10-25-2016-10-25@service-C041-paulo-pedrosa-2016-10-25/UNAFFILIATED,CV5-012,2014,2017-04-26,2017-04-27,DEM;PMDB;PP;PPS;PR;PRB;PSD;PSDB;PTB;PV
affiliation-C041-paulo-pedrosa-2016-10-25-2016-10-25@service-C041-paulo-pedrosa-2016-10-25/UNAFFILIATED,CV5-013,2014,2017-04-27,2017-08-02,DEM;PMDB;PP;PPS;PR;PRB;PSB;PSD;PSDB;PTB;PV
affiliation-C041-paulo-pedrosa-2016-10-25-2016-10-25@service-C041-paulo-pedrosa-2016-10-25/UNAFFILIATED,CV5-014,2014,2017-08-02,2017-08-03,DEM;PMDB;PP;PPS;PR;PRB;PSD;PSDB;PTB;PV
affiliation-C041-paulo-pedrosa-2016-10-25-2016-10-25@service-C041-paulo-pedrosa-2016-10-25/UNAFFILIATED,CV5-015,2014,2017-08-03,2017-10-18,DEM;PMDB;PP;PPS;PR;PRB;PSB;PSD;PSDB;PTB;PV
affiliation-C041-paulo-pedrosa-2016-10-25-2016-10-25@service-C041-paulo-pedrosa-2016-10-25/UNAFFILIATED,CV5-016,2014,2017-10-18,2018-03-21,DEM;PMDB;PP;PPS;PR;PRB;PSD;PSDB;PTB;PV
affiliation-C041-paulo-pedrosa-2016-10-25-2016-10-25@service-C041-paulo-pedrosa-2016-10-25/UNAFFILIATED,CV5-017,2014,2018-03-21,2018-04-02,DEM;PMDB;PP;PR;PRB;PSD;PSDB;PTB;PV
affiliation-C041-paulo-pedrosa-2016-10-25-2016-10-25@service-C041-paulo-pedrosa-2016-10-25/UNAFFILIATED,CV5-018,2014,2018-04-02,2018-04-06,DEM;PMDB;PP;PRB;PSD;PSDB;PTB;PV
affiliation-C041-paulo-pedrosa-2016-10-25-2016-10-25@service-C041-paulo-pedrosa-2016-10-25/UNAFFILIATED,CV5-019,2014,2018-04-06,2018-07-05,PMDB;PP;PRB;PSD;PSDB;PTB;PV
affiliation-C041-paulo-pedrosa-2016-10-25-2016-10-25@service-C041-paulo-pedrosa-2016-10-25/UNAFFILIATED,CV5-020,2014,2018-07-05,2019-01-01,PMDB;PP;PRB;PSD;PSDB;PV
affiliation-C041-paulo-pedrosa-2016-10-25-2016-10-25@service-C041-paulo-pedrosa-2016-10-25/UNAFFILIATED,CV5-021,2018,2019-01-01,2020-02-11,DEM;MDB;NOVO;PP;PSL
affiliation-C041-paulo-pedrosa-2016-10-25-2016-10-25@service-C041-paulo-pedrosa-2016-10-25/UNAFFILIATED,CV5-022,2018,2020-02-11,2020-02-18,DEM;MDB;NOVO;PP;PSDB;PSL
affiliation-C041-paulo-pedrosa-2016-10-25-2016-10-25@service-C041-paulo-pedrosa-2016-10-25/UNAFFILIATED,CV5-023,2018,2020-02-18,2020-04-16,DEM;NOVO;PP;PSDB;PSL
affiliation-C041-paulo-pedrosa-2016-10-25-2016-10-25@service-C041-paulo-pedrosa-2016-10-25/UNAFFILIATED,CV5-024,2018,2020-04-16,2020-04-17,DEM;MDB;NOVO;PP;PSDB;PSL
affiliation-C041-paulo-pedrosa-2016-10-25-2016-10-25@service-C041-paulo-pedrosa-2016-10-25/UNAFFILIATED,CV5-025,2018,2020-04-17,2020-05-07,DEM;NOVO;PP;PSDB;PSL
affiliation-C041-paulo-pedrosa-2016-10-25-2016-10-25@service-C041-paulo-pedrosa-2016-10-25/UNAFFILIATED,CV5-026,2018,2020-05-07,2020-06-17,DEM;PP;PSDB;PSL
affiliation-C041-paulo-pedrosa-2016-10-25-2016-10-25@service-C041-paulo-pedrosa-2016-10-25/UNAFFILIATED,CV5-027,2018,2020-06-17,2020-06-18,DEM;PP;PSD;PSDB;PSL
affiliation-C041-paulo-pedrosa-2016-10-25-2016-10-25@service-C041-paulo-pedrosa-2016-10-25/UNAFFILIATED,CV5-028,2018,2020-06-18,2020-09-19,DEM;PP;PSD;PSL
affiliation-C041-paulo-pedrosa-2016-10-25-2016-10-25@service-C041-paulo-pedrosa-2016-10-25/UNAFFILIATED,CV5-029,2018,2020-09-19,2020-12-09,DEM;PSD;PSL
affiliation-C041-paulo-pedrosa-2016-10-25-2016-10-25@service-C041-paulo-pedrosa-2016-10-25/UNAFFILIATED,CV5-030,2018,2020-12-09,2021-02-12,DEM;PSC;PSD;PSL
affiliation-C041-paulo-pedrosa-2016-10-25-2016-10-25@service-C041-paulo-pedrosa-2016-10-25/UNAFFILIATED,CV5-031,2018,2021-02-12,2021-03-31,DEM;PRB;PSC;PSD;PSL
affiliation-C041-paulo-pedrosa-2016-10-25-2016-10-25@service-C041-paulo-pedrosa-2016-10-25/UNAFFILIATED,CV5-032,2018,2021-03-31,2021-07-28,DEM;PR;PRB;PSC;PSD;PSL
affiliation-C041-paulo-pedrosa-2016-10-25-2016-10-25@service-C041-paulo-pedrosa-2016-10-25/UNAFFILIATED,CV5-033,2018,2021-07-28,2022-03-24,DEM;PP;PR;PRB;PSC;PSD;PSL
affiliation-C041-paulo-pedrosa-2016-10-25-2016-10-25@service-C041-paulo-pedrosa-2016-10-25/UNAFFILIATED,CV5-034,2018,2022-03-24,2022-03-27,DEM;PP;PR;PRB;PSC;PSL
affiliation-C041-paulo-pedrosa-2016-10-25-2016-10-25@service-C041-paulo-pedrosa-2016-10-25/UNAFFILIATED,CV5-035,2018,2022-03-27,2022-03-28,PP;PR;PSC
affiliation-C041-paulo-pedrosa-2016-10-25-2016-10-25@service-C041-paulo-pedrosa-2016-10-25/UNAFFILIATED,CV5-036,2018,2022-03-28,2022-03-30,PP;PR;PRB;PSC
affiliation-C041-paulo-pedrosa-2016-10-25-2016-10-25@service-C041-paulo-pedrosa-2016-10-25/UNAFFILIATED,CV5-037,2018,2022-03-30,2022-03-31,PP;PR;PRB
affiliation-C041-paulo-pedrosa-2016-10-25-2016-10-25@service-C041-paulo-pedrosa-2016-10-25/UNAFFILIATED,CV5-038,2018,2022-03-31,2022-05-11,PP;PRB;PSD
affiliation-C041-paulo-pedrosa-2016-10-25-2016-10-25@service-C041-paulo-pedrosa-2016-10-25/UNAFFILIATED,CV5-039,2018,2022-05-11,2022-12-30,DEM;PP;PRB;PSD;PSL
affiliation-C041-paulo-pedrosa-2016-10-25-2016-10-25@service-C041-paulo-pedrosa-2016-10-25/UNAFFILIATED,CV5-040,2018,2022-12-30,2023-01-01,DEM;NOVO;PRB;PSD;PSL
affiliation-C041-paulo-pedrosa-2016-10-25-2016-10-25@service-C041-paulo-pedrosa-2016-10-25/UNAFFILIATED,CV5-041,2022,2023-01-01,2023-09-13,MDB;PCdoB;PDT;PSB;PSD;PSOL;PT;REDE;UNIÃO
affiliation-C041-paulo-pedrosa-2016-10-25-2016-10-25@service-C041-paulo-pedrosa-2016-10-25/UNAFFILIATED,CV5-042,2022,2023-09-13,2023-12-04,MDB;PCdoB;PDT;PP;PSB;PSD;PSOL;PT;REDE;REPUBLICANOS;UNIÃO
affiliation-C041-paulo-pedrosa-2016-10-25-2016-10-25@service-C041-paulo-pedrosa-2016-10-25/UNAFFILIATED,CV5-043,2022,2023-12-04,2023-12-06,MDB;PCdoB;PDT;PP;PSB;PSD;PSDB;PSOL;PT;REDE;REPUBLICANOS;UNIÃO
affiliation-C041-paulo-pedrosa-2016-10-25-2016-10-25@service-C041-paulo-pedrosa-2016-10-25/UNAFFILIATED,CV5-044,2022,2023-12-06,2024-12-03,MDB;PCdoB;PDT;PP;PSB;PSD;PSOL;PT;REDE;REPUBLICANOS;UNIÃO
affiliation-C041-paulo-pedrosa-2016-10-25-2016-10-25@service-C041-paulo-pedrosa-2016-10-25/UNAFFILIATED,CV5-045,2022,2024-12-03,2024-12-06,MDB;PCdoB;PDT;PP;PSB;PSD;PSDB;PSOL;PT;REDE;REPUBLICANOS;UNIÃO
affiliation-C041-paulo-pedrosa-2016-10-25-2016-10-25@service-C041-paulo-pedrosa-2016-10-25/UNAFFILIATED,CV5-046,2022,2024-12-06,2025-10-08,MDB;PCdoB;PDT;PP;PSB;PSD;PSOL;PT;REDE;REPUBLICANOS;UNIÃO
affiliation-C041-paulo-pedrosa-2016-10-25-2016-10-25@service-C041-paulo-pedrosa-2016-10-25/UNAFFILIATED,CV5-047,2022,2025-10-08,2025-10-09,MDB;PCdoB;PDT;PP;PSB;PSD;PSDB;PSOL;PT;REDE;REPUBLICANOS
affiliation-C041-paulo-pedrosa-2016-10-25-2016-10-25@service-C041-paulo-pedrosa-2016-10-25/UNAFFILIATED,CV5-048,2022,2025-10-09,2025-11-13,MDB;PCdoB;PDT;PP;PSB;PSD;PSOL;PT;REDE;REPUBLICANOS;UNIÃO
affiliation-C041-paulo-pedrosa-2016-10-25-2016-10-25@service-C041-paulo-pedrosa-2016-10-25/UNAFFILIATED,CV5-049,2022,2025-11-13,2025-11-17,MDB;PCdoB;PDT;PP;PSB;PSD;PSDB;PSOL;PT;REDE;REPUBLICANOS
affiliation-C041-paulo-pedrosa-2016-10-25-2016-10-25@service-C041-paulo-pedrosa-2016-10-25/UNAFFILIATED,CV5-050,2022,2025-11-17,2025-12-08,MDB;PCdoB;PDT;PP;PSB;PSD;PSOL;PT;REDE;REPUBLICANOS;UNIÃO
affiliation-C041-paulo-pedrosa-2016-10-25-2016-10-25@service-C041-paulo-pedrosa-2016-10-25/UNAFFILIATED,CV5-051,2022,2025-12-08,2025-12-19,MDB;PCdoB;PDT;PP;PSB;PSD;PSOL;PT;REDE;REPUBLICANOS
affiliation-C041-paulo-pedrosa-2016-10-25-2016-10-25@service-C041-paulo-pedrosa-2016-10-25/UNAFFILIATED,CV5-052,2022,2025-12-19,2025-12-23,MDB;PCdoB;PDT;PP;PSB;PSD;PSDB;PSOL;PT;REDE;REPUBLICANOS
affiliation-C041-paulo-pedrosa-2016-10-25-2016-10-25@service-C041-paulo-pedrosa-2016-10-25/UNAFFILIATED,CV5-053,2022,2025-12-23,2026-03-20,MDB;PCdoB;PDT;PP;PSB;PSD;PSOL;PT;REDE;REPUBLICANOS
affiliation-C041-paulo-pedrosa-2017-04-26-2017-04-26@service-C041-paulo-pedrosa-2017-04-26/PSDB,CV5-001,2014,2015-01-01,2015-03-19,PCdoB;PDT;PMDB;PP;PR;PRB;PROS;PSD;PT;PTB
affiliation-C041-paulo-pedrosa-2017-04-26-2017-04-26@service-C041-paulo-pedrosa-2017-04-26/PSDB,CV5-002,2014,2015-03-19,2016-03-18,PCdoB;PDT;PMDB;PP;PR;PRB;PSD;PT;PTB
affiliation-C041-paulo-pedrosa-2017-04-26-2017-04-26@service-C041-paulo-pedrosa-2017-04-26/PSDB,CV5-003,2014,2016-03-18,2016-03-31,PCdoB;PDT;PMDB;PP;PR;PROS;PSD;PT;PTB
affiliation-C041-paulo-pedrosa-2017-04-26-2017-04-26@service-C041-paulo-pedrosa-2017-04-26/PSDB,CV5-004,2014,2016-03-31,2016-04-14,PCdoB;PDT;PMDB;PP;PR;PSD;PT;PTB
affiliation-C041-paulo-pedrosa-2017-04-26-2017-04-26@service-C041-paulo-pedrosa-2017-04-26/PSDB,CV5-005,2014,2016-04-14,2016-04-19,PCdoB;PDT;PMDB;PR;PSD;PT;PTB
affiliation-C041-paulo-pedrosa-2017-04-26-2017-04-26@service-C041-paulo-pedrosa-2017-04-26/PSDB,CV5-006,2014,2016-04-19,2016-05-12,PCdoB;PDT;PMDB;PR;PT;PTB
affiliation-C041-paulo-pedrosa-2017-04-26-2017-04-26@service-C041-paulo-pedrosa-2017-04-26/PSDB,CV5-007,2014,2016-05-12,2016-10-10,DEM;PMDB;PP;PPS;PR;PRB;PSB;PSD;PSDB;PTB;PV
affiliation-C041-paulo-pedrosa-2017-04-26-2017-04-26@service-C041-paulo-pedrosa-2017-04-26/PSDB,CV5-008,2014,2016-10-10,2016-10-11,DEM;PMDB;PP;PPS;PR;PRB;PSD;PSDB;PTB;PV
affiliation-C041-paulo-pedrosa-2017-04-26-2017-04-26@service-C041-paulo-pedrosa-2017-04-26/PSDB,CV5-009,2014,2016-10-11,2016-10-25,DEM;PMDB;PP;PPS;PR;PRB;PSB;PSD;PSDB;PTB;PV
affiliation-C041-paulo-pedrosa-2017-04-26-2017-04-26@service-C041-paulo-pedrosa-2017-04-26/PSDB,CV5-010,2014,2016-10-25,2016-10-26,DEM;PMDB;PP;PPS;PR;PRB;PSD;PSDB;PTB;PV
affiliation-C041-paulo-pedrosa-2017-04-26-2017-04-26@service-C041-paulo-pedrosa-2017-04-26/PSDB,CV5-011,2014,2016-10-26,2017-04-26,DEM;PMDB;PP;PPS;PR;PRB;PSB;PSD;PSDB;PTB;PV
affiliation-C041-paulo-pedrosa-2017-04-26-2017-04-26@service-C041-paulo-pedrosa-2017-04-26/PSDB,CV5-012,2014,2017-04-26,2017-04-27,DEM;PMDB;PP;PPS;PR;PRB;PSD;PSDB;PTB;PV
affiliation-C041-paulo-pedrosa-2017-04-26-2017-04-26@service-C041-paulo-pedrosa-2017-04-26/PSDB,CV5-013,2014,2017-04-27,2017-08-02,DEM;PMDB;PP;PPS;PR;PRB;PSB;PSD;PSDB;PTB;PV
affiliation-C041-paulo-pedrosa-2017-04-26-2017-04-26@service-C041-paulo-pedrosa-2017-04-26/PSDB,CV5-014,2014,2017-08-02,2017-08-03,DEM;PMDB;PP;PPS;PR;PRB;PSD;PSDB;PTB;PV
affiliation-C041-paulo-pedrosa-2017-04-26-2017-04-26@service-C041-paulo-pedrosa-2017-04-26/PSDB,CV5-015,2014,2017-08-03,2017-10-18,DEM;PMDB;PP;PPS;PR;PRB;PSB;PSD;PSDB;PTB;PV
affiliation-C041-paulo-pedrosa-2017-04-26-2017-04-26@service-C041-paulo-pedrosa-2017-04-26/PSDB,CV5-016,2014,2017-10-18,2018-03-21,DEM;PMDB;PP;PPS;PR;PRB;PSD;PSDB;PTB;PV
affiliation-C041-paulo-pedrosa-2017-04-26-2017-04-26@service-C041-paulo-pedrosa-2017-04-26/PSDB,CV5-017,2014,2018-03-21,2018-04-02,DEM;PMDB;PP;PR;PRB;PSD;PSDB;PTB;PV
affiliation-C041-paulo-pedrosa-2017-04-26-2017-04-26@service-C041-paulo-pedrosa-2017-04-26/PSDB,CV5-018,2014,2018-04-02,2018-04-06,DEM;PMDB;PP;PRB;PSD;PSDB;PTB;PV
affiliation-C041-paulo-pedrosa-2017-04-26-2017-04-26@service-C041-paulo-pedrosa-2017-04-26/PSDB,CV5-019,2014,2018-04-06,2018-07-05,PMDB;PP;PRB;PSD;PSDB;PTB;PV
affiliation-C041-paulo-pedrosa-2017-04-26-2017-04-26@service-C041-paulo-pedrosa-2017-04-26/PSDB,CV5-020,2014,2018-07-05,2019-01-01,PMDB;PP;PRB;PSD;PSDB;PV
affiliation-C041-paulo-pedrosa-2017-04-26-2017-04-26@service-C041-paulo-pedrosa-2017-04-26/PSDB,CV5-021,2018,2019-01-01,2020-02-11,DEM;MDB;NOVO;PP;PSL
affiliation-C041-paulo-pedrosa-2017-04-26-2017-04-26@service-C041-paulo-pedrosa-2017-04-26/PSDB,CV5-022,2018,2020-02-11,2020-02-18,DEM;MDB;NOVO;PP;PSDB;PSL
affiliation-C041-paulo-pedrosa-2017-04-26-2017-04-26@service-C041-paulo-pedrosa-2017-04-26/PSDB,CV5-023,2018,2020-02-18,2020-04-16,DEM;NOVO;PP;PSDB;PSL
affiliation-C041-paulo-pedrosa-2017-04-26-2017-04-26@service-C041-paulo-pedrosa-2017-04-26/PSDB,CV5-024,2018,2020-04-16,2020-04-17,DEM;MDB;NOVO;PP;PSDB;PSL
affiliation-C041-paulo-pedrosa-2017-04-26-2017-04-26@service-C041-paulo-pedrosa-2017-04-26/PSDB,CV5-025,2018,2020-04-17,2020-05-07,DEM;NOVO;PP;PSDB;PSL
affiliation-C041-paulo-pedrosa-2017-04-26-2017-04-26@service-C041-paulo-pedrosa-2017-04-26/PSDB,CV5-026,2018,2020-05-07,2020-06-17,DEM;PP;PSDB;PSL
affiliation-C041-paulo-pedrosa-2017-04-26-2017-04-26@service-C041-paulo-pedrosa-2017-04-26/PSDB,CV5-027,2018,2020-06-17,2020-06-18,DEM;PP;PSD;PSDB;PSL
affiliation-C041-paulo-pedrosa-2017-04-26-2017-04-26@service-C041-paulo-pedrosa-2017-04-26/PSDB,CV5-028,2018,2020-06-18,2020-09-19,DEM;PP;PSD;PSL
affiliation-C041-paulo-pedrosa-2017-04-26-2017-04-26@service-C041-paulo-pedrosa-2017-04-26/PSDB,CV5-029,2018,2020-09-19,2020-12-09,DEM;PSD;PSL
affiliation-C041-paulo-pedrosa-2017-04-26-2017-04-26@service-C041-paulo-pedrosa-2017-04-26/PSDB,CV5-030,2018,2020-12-09,2021-02-12,DEM;PSC;PSD;PSL
affiliation-C041-paulo-pedrosa-2017-04-26-2017-04-26@service-C041-paulo-pedrosa-2017-04-26/PSDB,CV5-031,2018,2021-02-12,2021-03-31,DEM;PRB;PSC;PSD;PSL
affiliation-C041-paulo-pedrosa-2017-04-26-2017-04-26@service-C041-paulo-pedrosa-2017-04-26/PSDB,CV5-032,2018,2021-03-31,2021-07-28,DEM;PR;PRB;PSC;PSD;PSL
affiliation-C041-paulo-pedrosa-2017-04-26-2017-04-26@service-C041-paulo-pedrosa-2017-04-26/PSDB,CV5-033,2018,2021-07-28,2022-03-24,DEM;PP;PR;PRB;PSC;PSD;PSL
affiliation-C041-paulo-pedrosa-2017-04-26-2017-04-26@service-C041-paulo-pedrosa-2017-04-26/PSDB,CV5-034,2018,2022-03-24,2022-03-27,DEM;PP;PR;PRB;PSC;PSL
affiliation-C041-paulo-pedrosa-2017-04-26-2017-04-26@service-C041-paulo-pedrosa-2017-04-26/PSDB,CV5-035,2018,2022-03-27,2022-03-28,PP;PR;PSC
affiliation-C041-paulo-pedrosa-2017-04-26-2017-04-26@service-C041-paulo-pedrosa-2017-04-26/PSDB,CV5-036,2018,2022-03-28,2022-03-30,PP;PR;PRB;PSC
affiliation-C041-paulo-pedrosa-2017-04-26-2017-04-26@service-C041-paulo-pedrosa-2017-04-26/PSDB,CV5-037,2018,2022-03-30,2022-03-31,PP;PR;PRB
affiliation-C041-paulo-pedrosa-2017-04-26-2017-04-26@service-C041-paulo-pedrosa-2017-04-26/PSDB,CV5-038,2018,2022-03-31,2022-05-11,PP;PRB;PSD
affiliation-C041-paulo-pedrosa-2017-04-26-2017-04-26@service-C041-paulo-pedrosa-2017-04-26/PSDB,CV5-039,2018,2022-05-11,2022-12-30,DEM;PP;PRB;PSD;PSL
affiliation-C041-paulo-pedrosa-2017-04-26-2017-04-26@service-C041-paulo-pedrosa-2017-04-26/PSDB,CV5-040,2018,2022-12-30,2023-01-01,DEM;NOVO;PRB;PSD;PSL
affiliation-C041-paulo-pedrosa-2017-04-26-2017-04-26@service-C041-paulo-pedrosa-2017-04-26/PSDB,CV5-041,2022,2023-01-01,2023-09-13,MDB;PCdoB;PDT;PSB;PSD;PSOL;PT;REDE;UNIÃO
affiliation-C041-paulo-pedrosa-2017-04-26-2017-04-26@service-C041-paulo-pedrosa-2017-04-26/PSDB,CV5-042,2022,2023-09-13,2023-12-04,MDB;PCdoB;PDT;PP;PSB;PSD;PSOL;PT;REDE;REPUBLICANOS;UNIÃO
affiliation-C041-paulo-pedrosa-2017-04-26-2017-04-26@service-C041-paulo-pedrosa-2017-04-26/PSDB,CV5-043,2022,2023-12-04,2023-12-06,MDB;PCdoB;PDT;PP;PSB;PSD;PSDB;PSOL;PT;REDE;REPUBLICANOS;UNIÃO
affiliation-C041-paulo-pedrosa-2017-04-26-2017-04-26@service-C041-paulo-pedrosa-2017-04-26/PSDB,CV5-044,2022,2023-12-06,2024-12-03,MDB;PCdoB;PDT;PP;PSB;PSD;PSOL;PT;REDE;REPUBLICANOS;UNIÃO
affiliation-C041-paulo-pedrosa-2017-04-26-2017-04-26@service-C041-paulo-pedrosa-2017-04-26/PSDB,CV5-045,2022,2024-12-03,2024-12-06,MDB;PCdoB;PDT;PP;PSB;PSD;PSDB;PSOL;PT;REDE;REPUBLICANOS;UNIÃO
affiliation-C041-paulo-pedrosa-2017-04-26-2017-04-26@service-C041-paulo-pedrosa-2017-04-26/PSDB,CV5-046,2022,2024-12-06,2025-10-08,MDB;PCdoB;PDT;PP;PSB;PSD;PSOL;PT;REDE;REPUBLICANOS;UNIÃO
affiliation-C041-paulo-pedrosa-2017-04-26-2017-04-26@service-C041-paulo-pedrosa-2017-04-26/PSDB,CV5-047,2022,2025-10-08,2025-10-09,MDB;PCdoB;PDT;PP;PSB;PSD;PSDB;PSOL;PT;REDE;REPUBLICANOS
affiliation-C041-paulo-pedrosa-2017-04-26-2017-04-26@service-C041-paulo-pedrosa-2017-04-26/PSDB,CV5-048,2022,2025-10-09,2025-11-13,MDB;PCdoB;PDT;PP;PSB;PSD;PSOL;PT;REDE;REPUBLICANOS;UNIÃO
affiliation-C041-paulo-pedrosa-2017-04-26-2017-04-26@service-C041-paulo-pedrosa-2017-04-26/PSDB,CV5-049,2022,2025-11-13,2025-11-17,MDB;PCdoB;PDT;PP;PSB;PSD;PSDB;PSOL;PT;REDE;REPUBLICANOS
affiliation-C041-paulo-pedrosa-2017-04-26-2017-04-26@service-C041-paulo-pedrosa-2017-04-26/PSDB,CV5-050,2022,2025-11-17,2025-12-08,MDB;PCdoB;PDT;PP;PSB;PSD;PSOL;PT;REDE;REPUBLICANOS;UNIÃO
affiliation-C041-paulo-pedrosa-2017-04-26-2017-04-26@service-C041-paulo-pedrosa-2017-04-26/PSDB,CV5-051,2022,2025-12-08,2025-12-19,MDB;PCdoB;PDT;PP;PSB;PSD;PSOL;PT;REDE;REPUBLICANOS
affiliation-C041-paulo-pedrosa-2017-04-26-2017-04-26@service-C041-paulo-pedrosa-2017-04-26/PSDB,CV5-052,2022,2025-12-19,2025-12-23,MDB;PCdoB;PDT;PP;PSB;PSD;PSDB;PSOL;PT;REDE;REPUBLICANOS
affiliation-C041-paulo-pedrosa-2017-04-26-2017-04-26@service-C041-paulo-pedrosa-2017-04-26/PSDB,CV5-053,2022,2025-12-23,2026-03-20,MDB;PCdoB;PDT;PP;PSB;PSD;PSOL;PT;REDE;REPUBLICANOS
affiliation-C041-paulo-pedrosa-2017-04-26-2017-04-26@service-C041-paulo-pedrosa-2017-04-26/UNAFFILIATED,CV5-001,2014,2015-01-01,2015-03-19,PCdoB;PDT;PMDB;PP;PR;PRB;PROS;PSD;PT;PTB
affiliation-C041-paulo-pedrosa-2017-04-26-2017-04-26@service-C041-paulo-pedrosa-2017-04-26/UNAFFILIATED,CV5-002,2014,2015-03-19,2016-03-18,PCdoB;PDT;PMDB;PP;PR;PRB;PSD;PT;PTB
affiliation-C041-paulo-pedrosa-2017-04-26-2017-04-26@service-C041-paulo-pedrosa-2017-04-26/UNAFFILIATED,CV5-003,2014,2016-03-18,2016-03-31,PCdoB;PDT;PMDB;PP;PR;PROS;PSD;PT;PTB
affiliation-C041-paulo-pedrosa-2017-04-26-2017-04-26@service-C041-paulo-pedrosa-2017-04-26/UNAFFILIATED,CV5-004,2014,2016-03-31,2016-04-14,PCdoB;PDT;PMDB;PP;PR;PSD;PT;PTB
affiliation-C041-paulo-pedrosa-2017-04-26-2017-04-26@service-C041-paulo-pedrosa-2017-04-26/UNAFFILIATED,CV5-005,2014,2016-04-14,2016-04-19,PCdoB;PDT;PMDB;PR;PSD;PT;PTB
affiliation-C041-paulo-pedrosa-2017-04-26-2017-04-26@service-C041-paulo-pedrosa-2017-04-26/UNAFFILIATED,CV5-006,2014,2016-04-19,2016-05-12,PCdoB;PDT;PMDB;PR;PT;PTB
affiliation-C041-paulo-pedrosa-2017-04-26-2017-04-26@service-C041-paulo-pedrosa-2017-04-26/UNAFFILIATED,CV5-007,2014,2016-05-12,2016-10-10,DEM;PMDB;PP;PPS;PR;PRB;PSB;PSD;PSDB;PTB;PV
affiliation-C041-paulo-pedrosa-2017-04-26-2017-04-26@service-C041-paulo-pedrosa-2017-04-26/UNAFFILIATED,CV5-008,2014,2016-10-10,2016-10-11,DEM;PMDB;PP;PPS;PR;PRB;PSD;PSDB;PTB;PV
affiliation-C041-paulo-pedrosa-2017-04-26-2017-04-26@service-C041-paulo-pedrosa-2017-04-26/UNAFFILIATED,CV5-009,2014,2016-10-11,2016-10-25,DEM;PMDB;PP;PPS;PR;PRB;PSB;PSD;PSDB;PTB;PV
affiliation-C041-paulo-pedrosa-2017-04-26-2017-04-26@service-C041-paulo-pedrosa-2017-04-26/UNAFFILIATED,CV5-010,2014,2016-10-25,2016-10-26,DEM;PMDB;PP;PPS;PR;PRB;PSD;PSDB;PTB;PV
affiliation-C041-paulo-pedrosa-2017-04-26-2017-04-26@service-C041-paulo-pedrosa-2017-04-26/UNAFFILIATED,CV5-011,2014,2016-10-26,2017-04-26,DEM;PMDB;PP;PPS;PR;PRB;PSB;PSD;PSDB;PTB;PV
affiliation-C041-paulo-pedrosa-2017-04-26-2017-04-26@service-C041-paulo-pedrosa-2017-04-26/UNAFFILIATED,CV5-012,2014,2017-04-26,2017-04-27,DEM;PMDB;PP;PPS;PR;PRB;PSD;PSDB;PTB;PV
affiliation-C041-paulo-pedrosa-2017-04-26-2017-04-26@service-C041-paulo-pedrosa-2017-04-26/UNAFFILIATED,CV5-013,2014,2017-04-27,2017-08-02,DEM;PMDB;PP;PPS;PR;PRB;PSB;PSD;PSDB;PTB;PV
affiliation-C041-paulo-pedrosa-2017-04-26-2017-04-26@service-C041-paulo-pedrosa-2017-04-26/UNAFFILIATED,CV5-014,2014,2017-08-02,2017-08-03,DEM;PMDB;PP;PPS;PR;PRB;PSD;PSDB;PTB;PV
affiliation-C041-paulo-pedrosa-2017-04-26-2017-04-26@service-C041-paulo-pedrosa-2017-04-26/UNAFFILIATED,CV5-015,2014,2017-08-03,2017-10-18,DEM;PMDB;PP;PPS;PR;PRB;PSB;PSD;PSDB;PTB;PV
affiliation-C041-paulo-pedrosa-2017-04-26-2017-04-26@service-C041-paulo-pedrosa-2017-04-26/UNAFFILIATED,CV5-016,2014,2017-10-18,2018-03-21,DEM;PMDB;PP;PPS;PR;PRB;PSD;PSDB;PTB;PV
affiliation-C041-paulo-pedrosa-2017-04-26-2017-04-26@service-C041-paulo-pedrosa-2017-04-26/UNAFFILIATED,CV5-017,2014,2018-03-21,2018-04-02,DEM;PMDB;PP;PR;PRB;PSD;PSDB;PTB;PV
affiliation-C041-paulo-pedrosa-2017-04-26-2017-04-26@service-C041-paulo-pedrosa-2017-04-26/UNAFFILIATED,CV5-018,2014,2018-04-02,2018-04-06,DEM;PMDB;PP;PRB;PSD;PSDB;PTB;PV
affiliation-C041-paulo-pedrosa-2017-04-26-2017-04-26@service-C041-paulo-pedrosa-2017-04-26/UNAFFILIATED,CV5-019,2014,2018-04-06,2018-07-05,PMDB;PP;PRB;PSD;PSDB;PTB;PV
affiliation-C041-paulo-pedrosa-2017-04-26-2017-04-26@service-C041-paulo-pedrosa-2017-04-26/UNAFFILIATED,CV5-020,2014,2018-07-05,2019-01-01,PMDB;PP;PRB;PSD;PSDB;PV
affiliation-C041-paulo-pedrosa-2017-04-26-2017-04-26@service-C041-paulo-pedrosa-2017-04-26/UNAFFILIATED,CV5-021,2018,2019-01-01,2020-02-11,DEM;MDB;NOVO;PP;PSL
affiliation-C041-paulo-pedrosa-2017-04-26-2017-04-26@service-C041-paulo-pedrosa-2017-04-26/UNAFFILIATED,CV5-022,2018,2020-02-11,2020-02-18,DEM;MDB;NOVO;PP;PSDB;PSL
affiliation-C041-paulo-pedrosa-2017-04-26-2017-04-26@service-C041-paulo-pedrosa-2017-04-26/UNAFFILIATED,CV5-023,2018,2020-02-18,2020-04-16,DEM;NOVO;PP;PSDB;PSL
affiliation-C041-paulo-pedrosa-2017-04-26-2017-04-26@service-C041-paulo-pedrosa-2017-04-26/UNAFFILIATED,CV5-024,2018,2020-04-16,2020-04-17,DEM;MDB;NOVO;PP;PSDB;PSL
affiliation-C041-paulo-pedrosa-2017-04-26-2017-04-26@service-C041-paulo-pedrosa-2017-04-26/UNAFFILIATED,CV5-025,2018,2020-04-17,2020-05-07,DEM;NOVO;PP;PSDB;PSL
affiliation-C041-paulo-pedrosa-2017-04-26-2017-04-26@service-C041-paulo-pedrosa-2017-04-26/UNAFFILIATED,CV5-026,2018,2020-05-07,2020-06-17,DEM;PP;PSDB;PSL
affiliation-C041-paulo-pedrosa-2017-04-26-2017-04-26@service-C041-paulo-pedrosa-2017-04-26/UNAFFILIATED,CV5-027,2018,2020-06-17,2020-06-18,DEM;PP;PSD;PSDB;PSL
affiliation-C041-paulo-pedrosa-2017-04-26-2017-04-26@service-C041-paulo-pedrosa-2017-04-26/UNAFFILIATED,CV5-028,2018,2020-06-18,2020-09-19,DEM;PP;PSD;PSL
affiliation-C041-paulo-pedrosa-2017-04-26-2017-04-26@service-C041-paulo-pedrosa-2017-04-26/UNAFFILIATED,CV5-029,2018,2020-09-19,2020-12-09,DEM;PSD;PSL
affiliation-C041-paulo-pedrosa-2017-04-26-2017-04-26@service-C041-paulo-pedrosa-2017-04-26/UNAFFILIATED,CV5-030,2018,2020-12-09,2021-02-12,DEM;PSC;PSD;PSL
affiliation-C041-paulo-pedrosa-2017-04-26-2017-04-26@service-C041-paulo-pedrosa-2017-04-26/UNAFFILIATED,CV5-031,2018,2021-02-12,2021-03-31,DEM;PRB;PSC;PSD;PSL
affiliation-C041-paulo-pedrosa-2017-04-26-2017-04-26@service-C041-paulo-pedrosa-2017-04-26/UNAFFILIATED,CV5-032,2018,2021-03-31,2021-07-28,DEM;PR;PRB;PSC;PSD;PSL
affiliation-C041-paulo-pedrosa-2017-04-26-2017-04-26@service-C041-paulo-pedrosa-2017-04-26/UNAFFILIATED,CV5-033,2018,2021-07-28,2022-03-24,DEM;PP;PR;PRB;PSC;PSD;PSL
affiliation-C041-paulo-pedrosa-2017-04-26-2017-04-26@service-C041-paulo-pedrosa-2017-04-26/UNAFFILIATED,CV5-034,2018,2022-03-24,2022-03-27,DEM;PP;PR;PRB;PSC;PSL
affiliation-C041-paulo-pedrosa-2017-04-26-2017-04-26@service-C041-paulo-pedrosa-2017-04-26/UNAFFILIATED,CV5-035,2018,2022-03-27,2022-03-28,PP;PR;PSC
affiliation-C041-paulo-pedrosa-2017-04-26-2017-04-26@service-C041-paulo-pedrosa-2017-04-26/UNAFFILIATED,CV5-036,2018,2022-03-28,2022-03-30,PP;PR;PRB;PSC
affiliation-C041-paulo-pedrosa-2017-04-26-2017-04-26@service-C041-paulo-pedrosa-2017-04-26/UNAFFILIATED,CV5-037,2018,2022-03-30,2022-03-31,PP;PR;PRB
affiliation-C041-paulo-pedrosa-2017-04-26-2017-04-26@service-C041-paulo-pedrosa-2017-04-26/UNAFFILIATED,CV5-038,2018,2022-03-31,2022-05-11,PP;PRB;PSD
affiliation-C041-paulo-pedrosa-2017-04-26-2017-04-26@service-C041-paulo-pedrosa-2017-04-26/UNAFFILIATED,CV5-039,2018,2022-05-11,2022-12-30,DEM;PP;PRB;PSD;PSL
affiliation-C041-paulo-pedrosa-2017-04-26-2017-04-26@service-C041-paulo-pedrosa-2017-04-26/UNAFFILIATED,CV5-040,2018,2022-12-30,2023-01-01,DEM;NOVO;PRB;PSD;PSL
affiliation-C041-paulo-pedrosa-2017-04-26-2017-04-26@service-C041-paulo-pedrosa-2017-04-26/UNAFFILIATED,CV5-041,2022,2023-01-01,2023-09-13,MDB;PCdoB;PDT;PSB;PSD;PSOL;PT;REDE;UNIÃO
affiliation-C041-paulo-pedrosa-2017-04-26-2017-04-26@service-C041-paulo-pedrosa-2017-04-26/UNAFFILIATED,CV5-042,2022,2023-09-13,2023-12-04,MDB;PCdoB;PDT;PP;PSB;PSD;PSOL;PT;REDE;REPUBLICANOS;UNIÃO
affiliation-C041-paulo-pedrosa-2017-04-26-2017-04-26@service-C041-paulo-pedrosa-2017-04-26/UNAFFILIATED,CV5-043,2022,2023-12-04,2023-12-06,MDB;PCdoB;PDT;PP;PSB;PSD;PSDB;PSOL;PT;REDE;REPUBLICANOS;UNIÃO
affiliation-C041-paulo-pedrosa-2017-04-26-2017-04-26@service-C041-paulo-pedrosa-2017-04-26/UNAFFILIATED,CV5-044,2022,2023-12-06,2024-12-03,MDB;PCdoB;PDT;PP;PSB;PSD;PSOL;PT;REDE;REPUBLICANOS;UNIÃO
affiliation-C041-paulo-pedrosa-2017-04-26-2017-04-26@service-C041-paulo-pedrosa-2017-04-26/UNAFFILIATED,CV5-045,2022,2024-12-03,2024-12-06,MDB;PCdoB;PDT;PP;PSB;PSD;PSDB;PSOL;PT;REDE;REPUBLICANOS;UNIÃO
affiliation-C041-paulo-pedrosa-2017-04-26-2017-04-26@service-C041-paulo-pedrosa-2017-04-26/UNAFFILIATED,CV5-046,2022,2024-12-06,2025-10-08,MDB;PCdoB;PDT;PP;PSB;PSD;PSOL;PT;REDE;REPUBLICANOS;UNIÃO
affiliation-C041-paulo-pedrosa-2017-04-26-2017-04-26@service-C041-paulo-pedrosa-2017-04-26/UNAFFILIATED,CV5-047,2022,2025-10-08,2025-10-09,MDB;PCdoB;PDT;PP;PSB;PSD;PSDB;PSOL;PT;REDE;REPUBLICANOS
affiliation-C041-paulo-pedrosa-2017-04-26-2017-04-26@service-C041-paulo-pedrosa-2017-04-26/UNAFFILIATED,CV5-048,2022,2025-10-09,2025-11-13,MDB;PCdoB;PDT;PP;PSB;PSD;PSOL;PT;REDE;REPUBLICANOS;UNIÃO
affiliation-C041-paulo-pedrosa-2017-04-26-2017-04-26@service-C041-paulo-pedrosa-2017-04-26/UNAFFILIATED,CV5-049,2022,2025-11-13,2025-11-17,MDB;PCdoB;PDT;PP;PSB;PSD;PSDB;PSOL;PT;REDE;REPUBLICANOS
affiliation-C041-paulo-pedrosa-2017-04-26-2017-04-26@service-C041-paulo-pedrosa-2017-04-26/UNAFFILIATED,CV5-050,2022,2025-11-17,2025-12-08,MDB;PCdoB;PDT;PP;PSB;PSD;PSOL;PT;REDE;REPUBLICANOS;UNIÃO
affiliation-C041-paulo-pedrosa-2017-04-26-2017-04-26@service-C041-paulo-pedrosa-2017-04-26/UNAFFILIATED,CV5-051,2022,2025-12-08,2025-12-19,MDB;PCdoB;PDT;PP;PSB;PSD;PSOL;PT;REDE;REPUBLICANOS
affiliation-C041-paulo-pedrosa-2017-04-26-2017-04-26@service-C041-paulo-pedrosa-2017-04-26/UNAFFILIATED,CV5-052,2022,2025-12-19,2025-12-23,MDB;PCdoB;PDT;PP;PSB;PSD;PSDB;PSOL;PT;REDE;REPUBLICANOS
affiliation-C041-paulo-pedrosa-2017-04-26-2017-04-26@service-C041-paulo-pedrosa-2017-04-26/UNAFFILIATED,CV5-053,2022,2025-12-23,2026-03-20,MDB;PCdoB;PDT;PP;PSB;PSD;PSOL;PT;REDE;REPUBLICANOS
affiliation-C041-paulo-pedrosa-2017-08-02-2017-08-02@service-C041-paulo-pedrosa-2017-08-02/PSDB,CV5-001,2014,2015-01-01,2015-03-19,PCdoB;PDT;PMDB;PP;PR;PRB;PROS;PSD;PT;PTB
affiliation-C041-paulo-pedrosa-2017-08-02-2017-08-02@service-C041-paulo-pedrosa-2017-08-02/PSDB,CV5-002,2014,2015-03-19,2016-03-18,PCdoB;PDT;PMDB;PP;PR;PRB;PSD;PT;PTB
affiliation-C041-paulo-pedrosa-2017-08-02-2017-08-02@service-C041-paulo-pedrosa-2017-08-02/PSDB,CV5-003,2014,2016-03-18,2016-03-31,PCdoB;PDT;PMDB;PP;PR;PROS;PSD;PT;PTB
affiliation-C041-paulo-pedrosa-2017-08-02-2017-08-02@service-C041-paulo-pedrosa-2017-08-02/PSDB,CV5-004,2014,2016-03-31,2016-04-14,PCdoB;PDT;PMDB;PP;PR;PSD;PT;PTB
affiliation-C041-paulo-pedrosa-2017-08-02-2017-08-02@service-C041-paulo-pedrosa-2017-08-02/PSDB,CV5-005,2014,2016-04-14,2016-04-19,PCdoB;PDT;PMDB;PR;PSD;PT;PTB
affiliation-C041-paulo-pedrosa-2017-08-02-2017-08-02@service-C041-paulo-pedrosa-2017-08-02/PSDB,CV5-006,2014,2016-04-19,2016-05-12,PCdoB;PDT;PMDB;PR;PT;PTB
affiliation-C041-paulo-pedrosa-2017-08-02-2017-08-02@service-C041-paulo-pedrosa-2017-08-02/PSDB,CV5-007,2014,2016-05-12,2016-10-10,DEM;PMDB;PP;PPS;PR;PRB;PSB;PSD;PSDB;PTB;PV
affiliation-C041-paulo-pedrosa-2017-08-02-2017-08-02@service-C041-paulo-pedrosa-2017-08-02/PSDB,CV5-008,2014,2016-10-10,2016-10-11,DEM;PMDB;PP;PPS;PR;PRB;PSD;PSDB;PTB;PV
affiliation-C041-paulo-pedrosa-2017-08-02-2017-08-02@service-C041-paulo-pedrosa-2017-08-02/PSDB,CV5-009,2014,2016-10-11,2016-10-25,DEM;PMDB;PP;PPS;PR;PRB;PSB;PSD;PSDB;PTB;PV
affiliation-C041-paulo-pedrosa-2017-08-02-2017-08-02@service-C041-paulo-pedrosa-2017-08-02/PSDB,CV5-010,2014,2016-10-25,2016-10-26,DEM;PMDB;PP;PPS;PR;PRB;PSD;PSDB;PTB;PV
affiliation-C041-paulo-pedrosa-2017-08-02-2017-08-02@service-C041-paulo-pedrosa-2017-08-02/PSDB,CV5-011,2014,2016-10-26,2017-04-26,DEM;PMDB;PP;PPS;PR;PRB;PSB;PSD;PSDB;PTB;PV
affiliation-C041-paulo-pedrosa-2017-08-02-2017-08-02@service-C041-paulo-pedrosa-2017-08-02/PSDB,CV5-012,2014,2017-04-26,2017-04-27,DEM;PMDB;PP;PPS;PR;PRB;PSD;PSDB;PTB;PV
affiliation-C041-paulo-pedrosa-2017-08-02-2017-08-02@service-C041-paulo-pedrosa-2017-08-02/PSDB,CV5-013,2014,2017-04-27,2017-08-02,DEM;PMDB;PP;PPS;PR;PRB;PSB;PSD;PSDB;PTB;PV
affiliation-C041-paulo-pedrosa-2017-08-02-2017-08-02@service-C041-paulo-pedrosa-2017-08-02/PSDB,CV5-014,2014,2017-08-02,2017-08-03,DEM;PMDB;PP;PPS;PR;PRB;PSD;PSDB;PTB;PV
affiliation-C041-paulo-pedrosa-2017-08-02-2017-08-02@service-C041-paulo-pedrosa-2017-08-02/PSDB,CV5-015,2014,2017-08-03,2017-10-18,DEM;PMDB;PP;PPS;PR;PRB;PSB;PSD;PSDB;PTB;PV
affiliation-C041-paulo-pedrosa-2017-08-02-2017-08-02@service-C041-paulo-pedrosa-2017-08-02/PSDB,CV5-016,2014,2017-10-18,2018-03-21,DEM;PMDB;PP;PPS;PR;PRB;PSD;PSDB;PTB;PV
affiliation-C041-paulo-pedrosa-2017-08-02-2017-08-02@service-C041-paulo-pedrosa-2017-08-02/PSDB,CV5-017,2014,2018-03-21,2018-04-02,DEM;PMDB;PP;PR;PRB;PSD;PSDB;PTB;PV
affiliation-C041-paulo-pedrosa-2017-08-02-2017-08-02@service-C041-paulo-pedrosa-2017-08-02/PSDB,CV5-018,2014,2018-04-02,2018-04-06,DEM;PMDB;PP;PRB;PSD;PSDB;PTB;PV
affiliation-C041-paulo-pedrosa-2017-08-02-2017-08-02@service-C041-paulo-pedrosa-2017-08-02/PSDB,CV5-019,2014,2018-04-06,2018-07-05,PMDB;PP;PRB;PSD;PSDB;PTB;PV
affiliation-C041-paulo-pedrosa-2017-08-02-2017-08-02@service-C041-paulo-pedrosa-2017-08-02/PSDB,CV5-020,2014,2018-07-05,2019-01-01,PMDB;PP;PRB;PSD;PSDB;PV
affiliation-C041-paulo-pedrosa-2017-08-02-2017-08-02@service-C041-paulo-pedrosa-2017-08-02/PSDB,CV5-021,2018,2019-01-01,2020-02-11,DEM;MDB;NOVO;PP;PSL
affiliation-C041-paulo-pedrosa-2017-08-02-2017-08-02@service-C041-paulo-pedrosa-2017-08-02/PSDB,CV5-022,2018,2020-02-11,2020-02-18,DEM;MDB;NOVO;PP;PSDB;PSL
affiliation-C041-paulo-pedrosa-2017-08-02-2017-08-02@service-C041-paulo-pedrosa-2017-08-02/PSDB,CV5-023,2018,2020-02-18,2020-04-16,DEM;NOVO;PP;PSDB;PSL
affiliation-C041-paulo-pedrosa-2017-08-02-2017-08-02@service-C041-paulo-pedrosa-2017-08-02/PSDB,CV5-024,2018,2020-04-16,2020-04-17,DEM;MDB;NOVO;PP;PSDB;PSL
affiliation-C041-paulo-pedrosa-2017-08-02-2017-08-02@service-C041-paulo-pedrosa-2017-08-02/PSDB,CV5-025,2018,2020-04-17,2020-05-07,DEM;NOVO;PP;PSDB;PSL
affiliation-C041-paulo-pedrosa-2017-08-02-2017-08-02@service-C041-paulo-pedrosa-2017-08-02/PSDB,CV5-026,2018,2020-05-07,2020-06-17,DEM;PP;PSDB;PSL
affiliation-C041-paulo-pedrosa-2017-08-02-2017-08-02@service-C041-paulo-pedrosa-2017-08-02/PSDB,CV5-027,2018,2020-06-17,2020-06-18,DEM;PP;PSD;PSDB;PSL
affiliation-C041-paulo-pedrosa-2017-08-02-2017-08-02@service-C041-paulo-pedrosa-2017-08-02/PSDB,CV5-028,2018,2020-06-18,2020-09-19,DEM;PP;PSD;PSL
affiliation-C041-paulo-pedrosa-2017-08-02-2017-08-02@service-C041-paulo-pedrosa-2017-08-02/PSDB,CV5-029,2018,2020-09-19,2020-12-09,DEM;PSD;PSL
affiliation-C041-paulo-pedrosa-2017-08-02-2017-08-02@service-C041-paulo-pedrosa-2017-08-02/PSDB,CV5-030,2018,2020-12-09,2021-02-12,DEM;PSC;PSD;PSL
affiliation-C041-paulo-pedrosa-2017-08-02-2017-08-02@service-C041-paulo-pedrosa-2017-08-02/PSDB,CV5-031,2018,2021-02-12,2021-03-31,DEM;PRB;PSC;PSD;PSL
affiliation-C041-paulo-pedrosa-2017-08-02-2017-08-02@service-C041-paulo-pedrosa-2017-08-02/PSDB,CV5-032,2018,2021-03-31,2021-07-28,DEM;PR;PRB;PSC;PSD;PSL
affiliation-C041-paulo-pedrosa-2017-08-02-2017-08-02@service-C041-paulo-pedrosa-2017-08-02/PSDB,CV5-033,2018,2021-07-28,2022-03-24,DEM;PP;PR;PRB;PSC;PSD;PSL
affiliation-C041-paulo-pedrosa-2017-08-02-2017-08-02@service-C041-paulo-pedrosa-2017-08-02/PSDB,CV5-034,2018,2022-03-24,2022-03-27,DEM;PP;PR;PRB;PSC;PSL
affiliation-C041-paulo-pedrosa-2017-08-02-2017-08-02@service-C041-paulo-pedrosa-2017-08-02/PSDB,CV5-035,2018,2022-03-27,2022-03-28,PP;PR;PSC
affiliation-C041-paulo-pedrosa-2017-08-02-2017-08-02@service-C041-paulo-pedrosa-2017-08-02/PSDB,CV5-036,2018,2022-03-28,2022-03-30,PP;PR;PRB;PSC
affiliation-C041-paulo-pedrosa-2017-08-02-2017-08-02@service-C041-paulo-pedrosa-2017-08-02/PSDB,CV5-037,2018,2022-03-30,2022-03-31,PP;PR;PRB
affiliation-C041-paulo-pedrosa-2017-08-02-2017-08-02@service-C041-paulo-pedrosa-2017-08-02/PSDB,CV5-038,2018,2022-03-31,2022-05-11,PP;PRB;PSD
affiliation-C041-paulo-pedrosa-2017-08-02-2017-08-02@service-C041-paulo-pedrosa-2017-08-02/PSDB,CV5-039,2018,2022-05-11,2022-12-30,DEM;PP;PRB;PSD;PSL
affiliation-C041-paulo-pedrosa-2017-08-02-2017-08-02@service-C041-paulo-pedrosa-2017-08-02/PSDB,CV5-040,2018,2022-12-30,2023-01-01,DEM;NOVO;PRB;PSD;PSL
affiliation-C041-paulo-pedrosa-2017-08-02-2017-08-02@service-C041-paulo-pedrosa-2017-08-02/PSDB,CV5-041,2022,2023-01-01,2023-09-13,MDB;PCdoB;PDT;PSB;PSD;PSOL;PT;REDE;UNIÃO
affiliation-C041-paulo-pedrosa-2017-08-02-2017-08-02@service-C041-paulo-pedrosa-2017-08-02/PSDB,CV5-042,2022,2023-09-13,2023-12-04,MDB;PCdoB;PDT;PP;PSB;PSD;PSOL;PT;REDE;REPUBLICANOS;UNIÃO
affiliation-C041-paulo-pedrosa-2017-08-02-2017-08-02@service-C041-paulo-pedrosa-2017-08-02/PSDB,CV5-043,2022,2023-12-04,2023-12-06,MDB;PCdoB;PDT;PP;PSB;PSD;PSDB;PSOL;PT;REDE;REPUBLICANOS;UNIÃO
affiliation-C041-paulo-pedrosa-2017-08-02-2017-08-02@service-C041-paulo-pedrosa-2017-08-02/PSDB,CV5-044,2022,2023-12-06,2024-12-03,MDB;PCdoB;PDT;PP;PSB;PSD;PSOL;PT;REDE;REPUBLICANOS;UNIÃO
affiliation-C041-paulo-pedrosa-2017-08-02-2017-08-02@service-C041-paulo-pedrosa-2017-08-02/PSDB,CV5-045,2022,2024-12-03,2024-12-06,MDB;PCdoB;PDT;PP;PSB;PSD;PSDB;PSOL;PT;REDE;REPUBLICANOS;UNIÃO
affiliation-C041-paulo-pedrosa-2017-08-02-2017-08-02@service-C041-paulo-pedrosa-2017-08-02/PSDB,CV5-046,2022,2024-12-06,2025-10-08,MDB;PCdoB;PDT;PP;PSB;PSD;PSOL;PT;REDE;REPUBLICANOS;UNIÃO
affiliation-C041-paulo-pedrosa-2017-08-02-2017-08-02@service-C041-paulo-pedrosa-2017-08-02/PSDB,CV5-047,2022,2025-10-08,2025-10-09,MDB;PCdoB;PDT;PP;PSB;PSD;PSDB;PSOL;PT;REDE;REPUBLICANOS
affiliation-C041-paulo-pedrosa-2017-08-02-2017-08-02@service-C041-paulo-pedrosa-2017-08-02/PSDB,CV5-048,2022,2025-10-09,2025-11-13,MDB;PCdoB;PDT;PP;PSB;PSD;PSOL;PT;REDE;REPUBLICANOS;UNIÃO
affiliation-C041-paulo-pedrosa-2017-08-02-2017-08-02@service-C041-paulo-pedrosa-2017-08-02/PSDB,CV5-049,2022,2025-11-13,2025-11-17,MDB;PCdoB;PDT;PP;PSB;PSD;PSDB;PSOL;PT;REDE;REPUBLICANOS
affiliation-C041-paulo-pedrosa-2017-08-02-2017-08-02@service-C041-paulo-pedrosa-2017-08-02/PSDB,CV5-050,2022,2025-11-17,2025-12-08,MDB;PCdoB;PDT;PP;PSB;PSD;PSOL;PT;REDE;REPUBLICANOS;UNIÃO
affiliation-C041-paulo-pedrosa-2017-08-02-2017-08-02@service-C041-paulo-pedrosa-2017-08-02/PSDB,CV5-051,2022,2025-12-08,2025-12-19,MDB;PCdoB;PDT;PP;PSB;PSD;PSOL;PT;REDE;REPUBLICANOS
affiliation-C041-paulo-pedrosa-2017-08-02-2017-08-02@service-C041-paulo-pedrosa-2017-08-02/PSDB,CV5-052,2022,2025-12-19,2025-12-23,MDB;PCdoB;PDT;PP;PSB;PSD;PSDB;PSOL;PT;REDE;REPUBLICANOS
affiliation-C041-paulo-pedrosa-2017-08-02-2017-08-02@service-C041-paulo-pedrosa-2017-08-02/PSDB,CV5-053,2022,2025-12-23,2026-03-20,MDB;PCdoB;PDT;PP;PSB;PSD;PSOL;PT;REDE;REPUBLICANOS
affiliation-C041-paulo-pedrosa-2017-08-02-2017-08-02@service-C041-paulo-pedrosa-2017-08-02/UNAFFILIATED,CV5-001,2014,2015-01-01,2015-03-19,PCdoB;PDT;PMDB;PP;PR;PRB;PROS;PSD;PT;PTB
affiliation-C041-paulo-pedrosa-2017-08-02-2017-08-02@service-C041-paulo-pedrosa-2017-08-02/UNAFFILIATED,CV5-002,2014,2015-03-19,2016-03-18,PCdoB;PDT;PMDB;PP;PR;PRB;PSD;PT;PTB
affiliation-C041-paulo-pedrosa-2017-08-02-2017-08-02@service-C041-paulo-pedrosa-2017-08-02/UNAFFILIATED,CV5-003,2014,2016-03-18,2016-03-31,PCdoB;PDT;PMDB;PP;PR;PROS;PSD;PT;PTB
affiliation-C041-paulo-pedrosa-2017-08-02-2017-08-02@service-C041-paulo-pedrosa-2017-08-02/UNAFFILIATED,CV5-004,2014,2016-03-31,2016-04-14,PCdoB;PDT;PMDB;PP;PR;PSD;PT;PTB
affiliation-C041-paulo-pedrosa-2017-08-02-2017-08-02@service-C041-paulo-pedrosa-2017-08-02/UNAFFILIATED,CV5-005,2014,2016-04-14,2016-04-19,PCdoB;PDT;PMDB;PR;PSD;PT;PTB
affiliation-C041-paulo-pedrosa-2017-08-02-2017-08-02@service-C041-paulo-pedrosa-2017-08-02/UNAFFILIATED,CV5-006,2014,2016-04-19,2016-05-12,PCdoB;PDT;PMDB;PR;PT;PTB
affiliation-C041-paulo-pedrosa-2017-08-02-2017-08-02@service-C041-paulo-pedrosa-2017-08-02/UNAFFILIATED,CV5-007,2014,2016-05-12,2016-10-10,DEM;PMDB;PP;PPS;PR;PRB;PSB;PSD;PSDB;PTB;PV
affiliation-C041-paulo-pedrosa-2017-08-02-2017-08-02@service-C041-paulo-pedrosa-2017-08-02/UNAFFILIATED,CV5-008,2014,2016-10-10,2016-10-11,DEM;PMDB;PP;PPS;PR;PRB;PSD;PSDB;PTB;PV
affiliation-C041-paulo-pedrosa-2017-08-02-2017-08-02@service-C041-paulo-pedrosa-2017-08-02/UNAFFILIATED,CV5-009,2014,2016-10-11,2016-10-25,DEM;PMDB;PP;PPS;PR;PRB;PSB;PSD;PSDB;PTB;PV
affiliation-C041-paulo-pedrosa-2017-08-02-2017-08-02@service-C041-paulo-pedrosa-2017-08-02/UNAFFILIATED,CV5-010,2014,2016-10-25,2016-10-26,DEM;PMDB;PP;PPS;PR;PRB;PSD;PSDB;PTB;PV
affiliation-C041-paulo-pedrosa-2017-08-02-2017-08-02@service-C041-paulo-pedrosa-2017-08-02/UNAFFILIATED,CV5-011,2014,2016-10-26,2017-04-26,DEM;PMDB;PP;PPS;PR;PRB;PSB;PSD;PSDB;PTB;PV
affiliation-C041-paulo-pedrosa-2017-08-02-2017-08-02@service-C041-paulo-pedrosa-2017-08-02/UNAFFILIATED,CV5-012,2014,2017-04-26,2017-04-27,DEM;PMDB;PP;PPS;PR;PRB;PSD;PSDB;PTB;PV
affiliation-C041-paulo-pedrosa-2017-08-02-2017-08-02@service-C041-paulo-pedrosa-2017-08-02/UNAFFILIATED,CV5-013,2014,2017-04-27,2017-08-02,DEM;PMDB;PP;PPS;PR;PRB;PSB;PSD;PSDB;PTB;PV
affiliation-C041-paulo-pedrosa-2017-08-02-2017-08-02@service-C041-paulo-pedrosa-2017-08-02/UNAFFILIATED,CV5-014,2014,2017-08-02,2017-08-03,DEM;PMDB;PP;PPS;PR;PRB;PSD;PSDB;PTB;PV
affiliation-C041-paulo-pedrosa-2017-08-02-2017-08-02@service-C041-paulo-pedrosa-2017-08-02/UNAFFILIATED,CV5-015,2014,2017-08-03,2017-10-18,DEM;PMDB;PP;PPS;PR;PRB;PSB;PSD;PSDB;PTB;PV
affiliation-C041-paulo-pedrosa-2017-08-02-2017-08-02@service-C041-paulo-pedrosa-2017-08-02/UNAFFILIATED,CV5-016,2014,2017-10-18,2018-03-21,DEM;PMDB;PP;PPS;PR;PRB;PSD;PSDB;PTB;PV
affiliation-C041-paulo-pedrosa-2017-08-02-2017-08-02@service-C041-paulo-pedrosa-2017-08-02/UNAFFILIATED,CV5-017,2014,2018-03-21,2018-04-02,DEM;PMDB;PP;PR;PRB;PSD;PSDB;PTB;PV
affiliation-C041-paulo-pedrosa-2017-08-02-2017-08-02@service-C041-paulo-pedrosa-2017-08-02/UNAFFILIATED,CV5-018,2014,2018-04-02,2018-04-06,DEM;PMDB;PP;PRB;PSD;PSDB;PTB;PV
affiliation-C041-paulo-pedrosa-2017-08-02-2017-08-02@service-C041-paulo-pedrosa-2017-08-02/UNAFFILIATED,CV5-019,2014,2018-04-06,2018-07-05,PMDB;PP;PRB;PSD;PSDB;PTB;PV
affiliation-C041-paulo-pedrosa-2017-08-02-2017-08-02@service-C041-paulo-pedrosa-2017-08-02/UNAFFILIATED,CV5-020,2014,2018-07-05,2019-01-01,PMDB;PP;PRB;PSD;PSDB;PV
affiliation-C041-paulo-pedrosa-2017-08-02-2017-08-02@service-C041-paulo-pedrosa-2017-08-02/UNAFFILIATED,CV5-021,2018,2019-01-01,2020-02-11,DEM;MDB;NOVO;PP;PSL
affiliation-C041-paulo-pedrosa-2017-08-02-2017-08-02@service-C041-paulo-pedrosa-2017-08-02/UNAFFILIATED,CV5-022,2018,2020-02-11,2020-02-18,DEM;MDB;NOVO;PP;PSDB;PSL
affiliation-C041-paulo-pedrosa-2017-08-02-2017-08-02@service-C041-paulo-pedrosa-2017-08-02/UNAFFILIATED,CV5-023,2018,2020-02-18,2020-04-16,DEM;NOVO;PP;PSDB;PSL
affiliation-C041-paulo-pedrosa-2017-08-02-2017-08-02@service-C041-paulo-pedrosa-2017-08-02/UNAFFILIATED,CV5-024,2018,2020-04-16,2020-04-17,DEM;MDB;NOVO;PP;PSDB;PSL
affiliation-C041-paulo-pedrosa-2017-08-02-2017-08-02@service-C041-paulo-pedrosa-2017-08-02/UNAFFILIATED,CV5-025,2018,2020-04-17,2020-05-07,DEM;NOVO;PP;PSDB;PSL
affiliation-C041-paulo-pedrosa-2017-08-02-2017-08-02@service-C041-paulo-pedrosa-2017-08-02/UNAFFILIATED,CV5-026,2018,2020-05-07,2020-06-17,DEM;PP;PSDB;PSL
affiliation-C041-paulo-pedrosa-2017-08-02-2017-08-02@service-C041-paulo-pedrosa-2017-08-02/UNAFFILIATED,CV5-027,2018,2020-06-17,2020-06-18,DEM;PP;PSD;PSDB;PSL
affiliation-C041-paulo-pedrosa-2017-08-02-2017-08-02@service-C041-paulo-pedrosa-2017-08-02/UNAFFILIATED,CV5-028,2018,2020-06-18,2020-09-19,DEM;PP;PSD;PSL
affiliation-C041-paulo-pedrosa-2017-08-02-2017-08-02@service-C041-paulo-pedrosa-2017-08-02/UNAFFILIATED,CV5-029,2018,2020-09-19,2020-12-09,DEM;PSD;PSL
affiliation-C041-paulo-pedrosa-2017-08-02-2017-08-02@service-C041-paulo-pedrosa-2017-08-02/UNAFFILIATED,CV5-030,2018,2020-12-09,2021-02-12,DEM;PSC;PSD;PSL
affiliation-C041-paulo-pedrosa-2017-08-02-2017-08-02@service-C041-paulo-pedrosa-2017-08-02/UNAFFILIATED,CV5-031,2018,2021-02-12,2021-03-31,DEM;PRB;PSC;PSD;PSL
affiliation-C041-paulo-pedrosa-2017-08-02-2017-08-02@service-C041-paulo-pedrosa-2017-08-02/UNAFFILIATED,CV5-032,2018,2021-03-31,2021-07-28,DEM;PR;PRB;PSC;PSD;PSL
affiliation-C041-paulo-pedrosa-2017-08-02-2017-08-02@service-C041-paulo-pedrosa-2017-08-02/UNAFFILIATED,CV5-033,2018,2021-07-28,2022-03-24,DEM;PP;PR;PRB;PSC;PSD;PSL
affiliation-C041-paulo-pedrosa-2017-08-02-2017-08-02@service-C041-paulo-pedrosa-2017-08-02/UNAFFILIATED,CV5-034,2018,2022-03-24,2022-03-27,DEM;PP;PR;PRB;PSC;PSL
affiliation-C041-paulo-pedrosa-2017-08-02-2017-08-02@service-C041-paulo-pedrosa-2017-08-02/UNAFFILIATED,CV5-035,2018,2022-03-27,2022-03-28,PP;PR;PSC
affiliation-C041-paulo-pedrosa-2017-08-02-2017-08-02@service-C041-paulo-pedrosa-2017-08-02/UNAFFILIATED,CV5-036,2018,2022-03-28,2022-03-30,PP;PR;PRB;PSC
affiliation-C041-paulo-pedrosa-2017-08-02-2017-08-02@service-C041-paulo-pedrosa-2017-08-02/UNAFFILIATED,CV5-037,2018,2022-03-30,2022-03-31,PP;PR;PRB
affiliation-C041-paulo-pedrosa-2017-08-02-2017-08-02@service-C041-paulo-pedrosa-2017-08-02/UNAFFILIATED,CV5-038,2018,2022-03-31,2022-05-11,PP;PRB;PSD
affiliation-C041-paulo-pedrosa-2017-08-02-2017-08-02@service-C041-paulo-pedrosa-2017-08-02/UNAFFILIATED,CV5-039,2018,2022-05-11,2022-12-30,DEM;PP;PRB;PSD;PSL
affiliation-C041-paulo-pedrosa-2017-08-02-2017-08-02@service-C041-paulo-pedrosa-2017-08-02/UNAFFILIATED,CV5-040,2018,2022-12-30,2023-01-01,DEM;NOVO;PRB;PSD;PSL
affiliation-C041-paulo-pedrosa-2017-08-02-2017-08-02@service-C041-paulo-pedrosa-2017-08-02/UNAFFILIATED,CV5-041,2022,2023-01-01,2023-09-13,MDB;PCdoB;PDT;PSB;PSD;PSOL;PT;REDE;UNIÃO
affiliation-C041-paulo-pedrosa-2017-08-02-2017-08-02@service-C041-paulo-pedrosa-2017-08-02/UNAFFILIATED,CV5-042,2022,2023-09-13,2023-12-04,MDB;PCdoB;PDT;PP;PSB;PSD;PSOL;PT;REDE;REPUBLICANOS;UNIÃO
affiliation-C041-paulo-pedrosa-2017-08-02-2017-08-02@service-C041-paulo-pedrosa-2017-08-02/UNAFFILIATED,CV5-043,2022,2023-12-04,2023-12-06,MDB;PCdoB;PDT;PP;PSB;PSD;PSDB;PSOL;PT;REDE;REPUBLICANOS;UNIÃO
affiliation-C041-paulo-pedrosa-2017-08-02-2017-08-02@service-C041-paulo-pedrosa-2017-08-02/UNAFFILIATED,CV5-044,2022,2023-12-06,2024-12-03,MDB;PCdoB;PDT;PP;PSB;PSD;PSOL;PT;REDE;REPUBLICANOS;UNIÃO
affiliation-C041-paulo-pedrosa-2017-08-02-2017-08-02@service-C041-paulo-pedrosa-2017-08-02/UNAFFILIATED,CV5-045,2022,2024-12-03,2024-12-06,MDB;PCdoB;PDT;PP;PSB;PSD;PSDB;PSOL;PT;REDE;REPUBLICANOS;UNIÃO
affiliation-C041-paulo-pedrosa-2017-08-02-2017-08-02@service-C041-paulo-pedrosa-2017-08-02/UNAFFILIATED,CV5-046,2022,2024-12-06,2025-10-08,MDB;PCdoB;PDT;PP;PSB;PSD;PSOL;PT;REDE;REPUBLICANOS;UNIÃO
affiliation-C041-paulo-pedrosa-2017-08-02-2017-08-02@service-C041-paulo-pedrosa-2017-08-02/UNAFFILIATED,CV5-047,2022,2025-10-08,2025-10-09,MDB;PCdoB;PDT;PP;PSB;PSD;PSDB;PSOL;PT;REDE;REPUBLICANOS
affiliation-C041-paulo-pedrosa-2017-08-02-2017-08-02@service-C041-paulo-pedrosa-2017-08-02/UNAFFILIATED,CV5-048,2022,2025-10-09,2025-11-13,MDB;PCdoB;PDT;PP;PSB;PSD;PSOL;PT;REDE;REPUBLICANOS;UNIÃO
affiliation-C041-paulo-pedrosa-2017-08-02-2017-08-02@service-C041-paulo-pedrosa-2017-08-02/UNAFFILIATED,CV5-049,2022,2025-11-13,2025-11-17,MDB;PCdoB;PDT;PP;PSB;PSD;PSDB;PSOL;PT;REDE;REPUBLICANOS
affiliation-C041-paulo-pedrosa-2017-08-02-2017-08-02@service-C041-paulo-pedrosa-2017-08-02/UNAFFILIATED,CV5-050,2022,2025-11-17,2025-12-08,MDB;PCdoB;PDT;PP;PSB;PSD;PSOL;PT;REDE;REPUBLICANOS;UNIÃO
affiliation-C041-paulo-pedrosa-2017-08-02-2017-08-02@service-C041-paulo-pedrosa-2017-08-02/UNAFFILIATED,CV5-051,2022,2025-12-08,2025-12-19,MDB;PCdoB;PDT;PP;PSB;PSD;PSOL;PT;REDE;REPUBLICANOS
affiliation-C041-paulo-pedrosa-2017-08-02-2017-08-02@service-C041-paulo-pedrosa-2017-08-02/UNAFFILIATED,CV5-052,2022,2025-12-19,2025-12-23,MDB;PCdoB;PDT;PP;PSB;PSD;PSDB;PSOL;PT;REDE;REPUBLICANOS
affiliation-C041-paulo-pedrosa-2017-08-02-2017-08-02@service-C041-paulo-pedrosa-2017-08-02/UNAFFILIATED,CV5-053,2022,2025-12-23,2026-03-20,MDB;PCdoB;PDT;PP;PSB;PSD;PSOL;PT;REDE;REPUBLICANOS
affiliation-C041-paulo-pedrosa-2017-10-18-2017-10-18@service-C041-paulo-pedrosa-2017-10-18/PSDB,CV5-001,2014,2015-01-01,2015-03-19,PCdoB;PDT;PMDB;PP;PR;PRB;PROS;PSD;PT;PTB
affiliation-C041-paulo-pedrosa-2017-10-18-2017-10-18@service-C041-paulo-pedrosa-2017-10-18/PSDB,CV5-002,2014,2015-03-19,2016-03-18,PCdoB;PDT;PMDB;PP;PR;PRB;PSD;PT;PTB
affiliation-C041-paulo-pedrosa-2017-10-18-2017-10-18@service-C041-paulo-pedrosa-2017-10-18/PSDB,CV5-003,2014,2016-03-18,2016-03-31,PCdoB;PDT;PMDB;PP;PR;PROS;PSD;PT;PTB
affiliation-C041-paulo-pedrosa-2017-10-18-2017-10-18@service-C041-paulo-pedrosa-2017-10-18/PSDB,CV5-004,2014,2016-03-31,2016-04-14,PCdoB;PDT;PMDB;PP;PR;PSD;PT;PTB
affiliation-C041-paulo-pedrosa-2017-10-18-2017-10-18@service-C041-paulo-pedrosa-2017-10-18/PSDB,CV5-005,2014,2016-04-14,2016-04-19,PCdoB;PDT;PMDB;PR;PSD;PT;PTB
affiliation-C041-paulo-pedrosa-2017-10-18-2017-10-18@service-C041-paulo-pedrosa-2017-10-18/PSDB,CV5-006,2014,2016-04-19,2016-05-12,PCdoB;PDT;PMDB;PR;PT;PTB
affiliation-C041-paulo-pedrosa-2017-10-18-2017-10-18@service-C041-paulo-pedrosa-2017-10-18/PSDB,CV5-007,2014,2016-05-12,2016-10-10,DEM;PMDB;PP;PPS;PR;PRB;PSB;PSD;PSDB;PTB;PV
affiliation-C041-paulo-pedrosa-2017-10-18-2017-10-18@service-C041-paulo-pedrosa-2017-10-18/PSDB,CV5-008,2014,2016-10-10,2016-10-11,DEM;PMDB;PP;PPS;PR;PRB;PSD;PSDB;PTB;PV
affiliation-C041-paulo-pedrosa-2017-10-18-2017-10-18@service-C041-paulo-pedrosa-2017-10-18/PSDB,CV5-009,2014,2016-10-11,2016-10-25,DEM;PMDB;PP;PPS;PR;PRB;PSB;PSD;PSDB;PTB;PV
affiliation-C041-paulo-pedrosa-2017-10-18-2017-10-18@service-C041-paulo-pedrosa-2017-10-18/PSDB,CV5-010,2014,2016-10-25,2016-10-26,DEM;PMDB;PP;PPS;PR;PRB;PSD;PSDB;PTB;PV
affiliation-C041-paulo-pedrosa-2017-10-18-2017-10-18@service-C041-paulo-pedrosa-2017-10-18/PSDB,CV5-011,2014,2016-10-26,2017-04-26,DEM;PMDB;PP;PPS;PR;PRB;PSB;PSD;PSDB;PTB;PV
affiliation-C041-paulo-pedrosa-2017-10-18-2017-10-18@service-C041-paulo-pedrosa-2017-10-18/PSDB,CV5-012,2014,2017-04-26,2017-04-27,DEM;PMDB;PP;PPS;PR;PRB;PSD;PSDB;PTB;PV
affiliation-C041-paulo-pedrosa-2017-10-18-2017-10-18@service-C041-paulo-pedrosa-2017-10-18/PSDB,CV5-013,2014,2017-04-27,2017-08-02,DEM;PMDB;PP;PPS;PR;PRB;PSB;PSD;PSDB;PTB;PV
affiliation-C041-paulo-pedrosa-2017-10-18-2017-10-18@service-C041-paulo-pedrosa-2017-10-18/PSDB,CV5-014,2014,2017-08-02,2017-08-03,DEM;PMDB;PP;PPS;PR;PRB;PSD;PSDB;PTB;PV
affiliation-C041-paulo-pedrosa-2017-10-18-2017-10-18@service-C041-paulo-pedrosa-2017-10-18/PSDB,CV5-015,2014,2017-08-03,2017-10-18,DEM;PMDB;PP;PPS;PR;PRB;PSB;PSD;PSDB;PTB;PV
affiliation-C041-paulo-pedrosa-2017-10-18-2017-10-18@service-C041-paulo-pedrosa-2017-10-18/PSDB,CV5-016,2014,2017-10-18,2018-03-21,DEM;PMDB;PP;PPS;PR;PRB;PSD;PSDB;PTB;PV
affiliation-C041-paulo-pedrosa-2017-10-18-2017-10-18@service-C041-paulo-pedrosa-2017-10-18/PSDB,CV5-017,2014,2018-03-21,2018-04-02,DEM;PMDB;PP;PR;PRB;PSD;PSDB;PTB;PV
affiliation-C041-paulo-pedrosa-2017-10-18-2017-10-18@service-C041-paulo-pedrosa-2017-10-18/PSDB,CV5-018,2014,2018-04-02,2018-04-06,DEM;PMDB;PP;PRB;PSD;PSDB;PTB;PV
affiliation-C041-paulo-pedrosa-2017-10-18-2017-10-18@service-C041-paulo-pedrosa-2017-10-18/PSDB,CV5-019,2014,2018-04-06,2018-07-05,PMDB;PP;PRB;PSD;PSDB;PTB;PV
affiliation-C041-paulo-pedrosa-2017-10-18-2017-10-18@service-C041-paulo-pedrosa-2017-10-18/PSDB,CV5-020,2014,2018-07-05,2019-01-01,PMDB;PP;PRB;PSD;PSDB;PV
affiliation-C041-paulo-pedrosa-2017-10-18-2017-10-18@service-C041-paulo-pedrosa-2017-10-18/PSDB,CV5-021,2018,2019-01-01,2020-02-11,DEM;MDB;NOVO;PP;PSL
affiliation-C041-paulo-pedrosa-2017-10-18-2017-10-18@service-C041-paulo-pedrosa-2017-10-18/PSDB,CV5-022,2018,2020-02-11,2020-02-18,DEM;MDB;NOVO;PP;PSDB;PSL
affiliation-C041-paulo-pedrosa-2017-10-18-2017-10-18@service-C041-paulo-pedrosa-2017-10-18/PSDB,CV5-023,2018,2020-02-18,2020-04-16,DEM;NOVO;PP;PSDB;PSL
affiliation-C041-paulo-pedrosa-2017-10-18-2017-10-18@service-C041-paulo-pedrosa-2017-10-18/PSDB,CV5-024,2018,2020-04-16,2020-04-17,DEM;MDB;NOVO;PP;PSDB;PSL
affiliation-C041-paulo-pedrosa-2017-10-18-2017-10-18@service-C041-paulo-pedrosa-2017-10-18/PSDB,CV5-025,2018,2020-04-17,2020-05-07,DEM;NOVO;PP;PSDB;PSL
affiliation-C041-paulo-pedrosa-2017-10-18-2017-10-18@service-C041-paulo-pedrosa-2017-10-18/PSDB,CV5-026,2018,2020-05-07,2020-06-17,DEM;PP;PSDB;PSL
affiliation-C041-paulo-pedrosa-2017-10-18-2017-10-18@service-C041-paulo-pedrosa-2017-10-18/PSDB,CV5-027,2018,2020-06-17,2020-06-18,DEM;PP;PSD;PSDB;PSL
affiliation-C041-paulo-pedrosa-2017-10-18-2017-10-18@service-C041-paulo-pedrosa-2017-10-18/PSDB,CV5-028,2018,2020-06-18,2020-09-19,DEM;PP;PSD;PSL
affiliation-C041-paulo-pedrosa-2017-10-18-2017-10-18@service-C041-paulo-pedrosa-2017-10-18/PSDB,CV5-029,2018,2020-09-19,2020-12-09,DEM;PSD;PSL
affiliation-C041-paulo-pedrosa-2017-10-18-2017-10-18@service-C041-paulo-pedrosa-2017-10-18/PSDB,CV5-030,2018,2020-12-09,2021-02-12,DEM;PSC;PSD;PSL
affiliation-C041-paulo-pedrosa-2017-10-18-2017-10-18@service-C041-paulo-pedrosa-2017-10-18/PSDB,CV5-031,2018,2021-02-12,2021-03-31,DEM;PRB;PSC;PSD;PSL
affiliation-C041-paulo-pedrosa-2017-10-18-2017-10-18@service-C041-paulo-pedrosa-2017-10-18/PSDB,CV5-032,2018,2021-03-31,2021-07-28,DEM;PR;PRB;PSC;PSD;PSL
affiliation-C041-paulo-pedrosa-2017-10-18-2017-10-18@service-C041-paulo-pedrosa-2017-10-18/PSDB,CV5-033,2018,2021-07-28,2022-03-24,DEM;PP;PR;PRB;PSC;PSD;PSL
affiliation-C041-paulo-pedrosa-2017-10-18-2017-10-18@service-C041-paulo-pedrosa-2017-10-18/PSDB,CV5-034,2018,2022-03-24,2022-03-27,DEM;PP;PR;PRB;PSC;PSL
affiliation-C041-paulo-pedrosa-2017-10-18-2017-10-18@service-C041-paulo-pedrosa-2017-10-18/PSDB,CV5-035,2018,2022-03-27,2022-03-28,PP;PR;PSC
affiliation-C041-paulo-pedrosa-2017-10-18-2017-10-18@service-C041-paulo-pedrosa-2017-10-18/PSDB,CV5-036,2018,2022-03-28,2022-03-30,PP;PR;PRB;PSC
affiliation-C041-paulo-pedrosa-2017-10-18-2017-10-18@service-C041-paulo-pedrosa-2017-10-18/PSDB,CV5-037,2018,2022-03-30,2022-03-31,PP;PR;PRB
affiliation-C041-paulo-pedrosa-2017-10-18-2017-10-18@service-C041-paulo-pedrosa-2017-10-18/PSDB,CV5-038,2018,2022-03-31,2022-05-11,PP;PRB;PSD
affiliation-C041-paulo-pedrosa-2017-10-18-2017-10-18@service-C041-paulo-pedrosa-2017-10-18/PSDB,CV5-039,2018,2022-05-11,2022-12-30,DEM;PP;PRB;PSD;PSL
affiliation-C041-paulo-pedrosa-2017-10-18-2017-10-18@service-C041-paulo-pedrosa-2017-10-18/PSDB,CV5-040,2018,2022-12-30,2023-01-01,DEM;NOVO;PRB;PSD;PSL
affiliation-C041-paulo-pedrosa-2017-10-18-2017-10-18@service-C041-paulo-pedrosa-2017-10-18/PSDB,CV5-041,2022,2023-01-01,2023-09-13,MDB;PCdoB;PDT;PSB;PSD;PSOL;PT;REDE;UNIÃO
affiliation-C041-paulo-pedrosa-2017-10-18-2017-10-18@service-C041-paulo-pedrosa-2017-10-18/PSDB,CV5-042,2022,2023-09-13,2023-12-04,MDB;PCdoB;PDT;PP;PSB;PSD;PSOL;PT;REDE;REPUBLICANOS;UNIÃO
affiliation-C041-paulo-pedrosa-2017-10-18-2017-10-18@service-C041-paulo-pedrosa-2017-10-18/PSDB,CV5-043,2022,2023-12-04,2023-12-06,MDB;PCdoB;PDT;PP;PSB;PSD;PSDB;PSOL;PT;REDE;REPUBLICANOS;UNIÃO
affiliation-C041-paulo-pedrosa-2017-10-18-2017-10-18@service-C041-paulo-pedrosa-2017-10-18/PSDB,CV5-044,2022,2023-12-06,2024-12-03,MDB;PCdoB;PDT;PP;PSB;PSD;PSOL;PT;REDE;REPUBLICANOS;UNIÃO
affiliation-C041-paulo-pedrosa-2017-10-18-2017-10-18@service-C041-paulo-pedrosa-2017-10-18/PSDB,CV5-045,2022,2024-12-03,2024-12-06,MDB;PCdoB;PDT;PP;PSB;PSD;PSDB;PSOL;PT;REDE;REPUBLICANOS;UNIÃO
affiliation-C041-paulo-pedrosa-2017-10-18-2017-10-18@service-C041-paulo-pedrosa-2017-10-18/PSDB,CV5-046,2022,2024-12-06,2025-10-08,MDB;PCdoB;PDT;PP;PSB;PSD;PSOL;PT;REDE;REPUBLICANOS;UNIÃO
affiliation-C041-paulo-pedrosa-2017-10-18-2017-10-18@service-C041-paulo-pedrosa-2017-10-18/PSDB,CV5-047,2022,2025-10-08,2025-10-09,MDB;PCdoB;PDT;PP;PSB;PSD;PSDB;PSOL;PT;REDE;REPUBLICANOS
affiliation-C041-paulo-pedrosa-2017-10-18-2017-10-18@service-C041-paulo-pedrosa-2017-10-18/PSDB,CV5-048,2022,2025-10-09,2025-11-13,MDB;PCdoB;PDT;PP;PSB;PSD;PSOL;PT;REDE;REPUBLICANOS;UNIÃO
affiliation-C041-paulo-pedrosa-2017-10-18-2017-10-18@service-C041-paulo-pedrosa-2017-10-18/PSDB,CV5-049,2022,2025-11-13,2025-11-17,MDB;PCdoB;PDT;PP;PSB;PSD;PSDB;PSOL;PT;REDE;REPUBLICANOS
affiliation-C041-paulo-pedrosa-2017-10-18-2017-10-18@service-C041-paulo-pedrosa-2017-10-18/PSDB,CV5-050,2022,2025-11-17,2025-12-08,MDB;PCdoB;PDT;PP;PSB;PSD;PSOL;PT;REDE;REPUBLICANOS;UNIÃO
affiliation-C041-paulo-pedrosa-2017-10-18-2017-10-18@service-C041-paulo-pedrosa-2017-10-18/PSDB,CV5-051,2022,2025-12-08,2025-12-19,MDB;PCdoB;PDT;PP;PSB;PSD;PSOL;PT;REDE;REPUBLICANOS
affiliation-C041-paulo-pedrosa-2017-10-18-2017-10-18@service-C041-paulo-pedrosa-2017-10-18/PSDB,CV5-052,2022,2025-12-19,2025-12-23,MDB;PCdoB;PDT;PP;PSB;PSD;PSDB;PSOL;PT;REDE;REPUBLICANOS
affiliation-C041-paulo-pedrosa-2017-10-18-2017-10-18@service-C041-paulo-pedrosa-2017-10-18/PSDB,CV5-053,2022,2025-12-23,2026-03-20,MDB;PCdoB;PDT;PP;PSB;PSD;PSOL;PT;REDE;REPUBLICANOS
affiliation-C041-paulo-pedrosa-2017-10-18-2017-10-18@service-C041-paulo-pedrosa-2017-10-18/UNAFFILIATED,CV5-001,2014,2015-01-01,2015-03-19,PCdoB;PDT;PMDB;PP;PR;PRB;PROS;PSD;PT;PTB
affiliation-C041-paulo-pedrosa-2017-10-18-2017-10-18@service-C041-paulo-pedrosa-2017-10-18/UNAFFILIATED,CV5-002,2014,2015-03-19,2016-03-18,PCdoB;PDT;PMDB;PP;PR;PRB;PSD;PT;PTB
affiliation-C041-paulo-pedrosa-2017-10-18-2017-10-18@service-C041-paulo-pedrosa-2017-10-18/UNAFFILIATED,CV5-003,2014,2016-03-18,2016-03-31,PCdoB;PDT;PMDB;PP;PR;PROS;PSD;PT;PTB
affiliation-C041-paulo-pedrosa-2017-10-18-2017-10-18@service-C041-paulo-pedrosa-2017-10-18/UNAFFILIATED,CV5-004,2014,2016-03-31,2016-04-14,PCdoB;PDT;PMDB;PP;PR;PSD;PT;PTB
affiliation-C041-paulo-pedrosa-2017-10-18-2017-10-18@service-C041-paulo-pedrosa-2017-10-18/UNAFFILIATED,CV5-005,2014,2016-04-14,2016-04-19,PCdoB;PDT;PMDB;PR;PSD;PT;PTB
affiliation-C041-paulo-pedrosa-2017-10-18-2017-10-18@service-C041-paulo-pedrosa-2017-10-18/UNAFFILIATED,CV5-006,2014,2016-04-19,2016-05-12,PCdoB;PDT;PMDB;PR;PT;PTB
affiliation-C041-paulo-pedrosa-2017-10-18-2017-10-18@service-C041-paulo-pedrosa-2017-10-18/UNAFFILIATED,CV5-007,2014,2016-05-12,2016-10-10,DEM;PMDB;PP;PPS;PR;PRB;PSB;PSD;PSDB;PTB;PV
affiliation-C041-paulo-pedrosa-2017-10-18-2017-10-18@service-C041-paulo-pedrosa-2017-10-18/UNAFFILIATED,CV5-008,2014,2016-10-10,2016-10-11,DEM;PMDB;PP;PPS;PR;PRB;PSD;PSDB;PTB;PV
affiliation-C041-paulo-pedrosa-2017-10-18-2017-10-18@service-C041-paulo-pedrosa-2017-10-18/UNAFFILIATED,CV5-009,2014,2016-10-11,2016-10-25,DEM;PMDB;PP;PPS;PR;PRB;PSB;PSD;PSDB;PTB;PV
affiliation-C041-paulo-pedrosa-2017-10-18-2017-10-18@service-C041-paulo-pedrosa-2017-10-18/UNAFFILIATED,CV5-010,2014,2016-10-25,2016-10-26,DEM;PMDB;PP;PPS;PR;PRB;PSD;PSDB;PTB;PV
affiliation-C041-paulo-pedrosa-2017-10-18-2017-10-18@service-C041-paulo-pedrosa-2017-10-18/UNAFFILIATED,CV5-011,2014,2016-10-26,2017-04-26,DEM;PMDB;PP;PPS;PR;PRB;PSB;PSD;PSDB;PTB;PV
affiliation-C041-paulo-pedrosa-2017-10-18-2017-10-18@service-C041-paulo-pedrosa-2017-10-18/UNAFFILIATED,CV5-012,2014,2017-04-26,2017-04-27,DEM;PMDB;PP;PPS;PR;PRB;PSD;PSDB;PTB;PV
affiliation-C041-paulo-pedrosa-2017-10-18-2017-10-18@service-C041-paulo-pedrosa-2017-10-18/UNAFFILIATED,CV5-013,2014,2017-04-27,2017-08-02,DEM;PMDB;PP;PPS;PR;PRB;PSB;PSD;PSDB;PTB;PV
affiliation-C041-paulo-pedrosa-2017-10-18-2017-10-18@service-C041-paulo-pedrosa-2017-10-18/UNAFFILIATED,CV5-014,2014,2017-08-02,2017-08-03,DEM;PMDB;PP;PPS;PR;PRB;PSD;PSDB;PTB;PV
affiliation-C041-paulo-pedrosa-2017-10-18-2017-10-18@service-C041-paulo-pedrosa-2017-10-18/UNAFFILIATED,CV5-015,2014,2017-08-03,2017-10-18,DEM;PMDB;PP;PPS;PR;PRB;PSB;PSD;PSDB;PTB;PV
affiliation-C041-paulo-pedrosa-2017-10-18-2017-10-18@service-C041-paulo-pedrosa-2017-10-18/UNAFFILIATED,CV5-016,2014,2017-10-18,2018-03-21,DEM;PMDB;PP;PPS;PR;PRB;PSD;PSDB;PTB;PV
affiliation-C041-paulo-pedrosa-2017-10-18-2017-10-18@service-C041-paulo-pedrosa-2017-10-18/UNAFFILIATED,CV5-017,2014,2018-03-21,2018-04-02,DEM;PMDB;PP;PR;PRB;PSD;PSDB;PTB;PV
affiliation-C041-paulo-pedrosa-2017-10-18-2017-10-18@service-C041-paulo-pedrosa-2017-10-18/UNAFFILIATED,CV5-018,2014,2018-04-02,2018-04-06,DEM;PMDB;PP;PRB;PSD;PSDB;PTB;PV
affiliation-C041-paulo-pedrosa-2017-10-18-2017-10-18@service-C041-paulo-pedrosa-2017-10-18/UNAFFILIATED,CV5-019,2014,2018-04-06,2018-07-05,PMDB;PP;PRB;PSD;PSDB;PTB;PV
affiliation-C041-paulo-pedrosa-2017-10-18-2017-10-18@service-C041-paulo-pedrosa-2017-10-18/UNAFFILIATED,CV5-020,2014,2018-07-05,2019-01-01,PMDB;PP;PRB;PSD;PSDB;PV
affiliation-C041-paulo-pedrosa-2017-10-18-2017-10-18@service-C041-paulo-pedrosa-2017-10-18/UNAFFILIATED,CV5-021,2018,2019-01-01,2020-02-11,DEM;MDB;NOVO;PP;PSL
affiliation-C041-paulo-pedrosa-2017-10-18-2017-10-18@service-C041-paulo-pedrosa-2017-10-18/UNAFFILIATED,CV5-022,2018,2020-02-11,2020-02-18,DEM;MDB;NOVO;PP;PSDB;PSL
affiliation-C041-paulo-pedrosa-2017-10-18-2017-10-18@service-C041-paulo-pedrosa-2017-10-18/UNAFFILIATED,CV5-023,2018,2020-02-18,2020-04-16,DEM;NOVO;PP;PSDB;PSL
affiliation-C041-paulo-pedrosa-2017-10-18-2017-10-18@service-C041-paulo-pedrosa-2017-10-18/UNAFFILIATED,CV5-024,2018,2020-04-16,2020-04-17,DEM;MDB;NOVO;PP;PSDB;PSL
affiliation-C041-paulo-pedrosa-2017-10-18-2017-10-18@service-C041-paulo-pedrosa-2017-10-18/UNAFFILIATED,CV5-025,2018,2020-04-17,2020-05-07,DEM;NOVO;PP;PSDB;PSL
affiliation-C041-paulo-pedrosa-2017-10-18-2017-10-18@service-C041-paulo-pedrosa-2017-10-18/UNAFFILIATED,CV5-026,2018,2020-05-07,2020-06-17,DEM;PP;PSDB;PSL
affiliation-C041-paulo-pedrosa-2017-10-18-2017-10-18@service-C041-paulo-pedrosa-2017-10-18/UNAFFILIATED,CV5-027,2018,2020-06-17,2020-06-18,DEM;PP;PSD;PSDB;PSL
affiliation-C041-paulo-pedrosa-2017-10-18-2017-10-18@service-C041-paulo-pedrosa-2017-10-18/UNAFFILIATED,CV5-028,2018,2020-06-18,2020-09-19,DEM;PP;PSD;PSL
affiliation-C041-paulo-pedrosa-2017-10-18-2017-10-18@service-C041-paulo-pedrosa-2017-10-18/UNAFFILIATED,CV5-029,2018,2020-09-19,2020-12-09,DEM;PSD;PSL
affiliation-C041-paulo-pedrosa-2017-10-18-2017-10-18@service-C041-paulo-pedrosa-2017-10-18/UNAFFILIATED,CV5-030,2018,2020-12-09,2021-02-12,DEM;PSC;PSD;PSL
affiliation-C041-paulo-pedrosa-2017-10-18-2017-10-18@service-C041-paulo-pedrosa-2017-10-18/UNAFFILIATED,CV5-031,2018,2021-02-12,2021-03-31,DEM;PRB;PSC;PSD;PSL
affiliation-C041-paulo-pedrosa-2017-10-18-2017-10-18@service-C041-paulo-pedrosa-2017-10-18/UNAFFILIATED,CV5-032,2018,2021-03-31,2021-07-28,DEM;PR;PRB;PSC;PSD;PSL
affiliation-C041-paulo-pedrosa-2017-10-18-2017-10-18@service-C041-paulo-pedrosa-2017-10-18/UNAFFILIATED,CV5-033,2018,2021-07-28,2022-03-24,DEM;PP;PR;PRB;PSC;PSD;PSL
affiliation-C041-paulo-pedrosa-2017-10-18-2017-10-18@service-C041-paulo-pedrosa-2017-10-18/UNAFFILIATED,CV5-034,2018,2022-03-24,2022-03-27,DEM;PP;PR;PRB;PSC;PSL
affiliation-C041-paulo-pedrosa-2017-10-18-2017-10-18@service-C041-paulo-pedrosa-2017-10-18/UNAFFILIATED,CV5-035,2018,2022-03-27,2022-03-28,PP;PR;PSC
affiliation-C041-paulo-pedrosa-2017-10-18-2017-10-18@service-C041-paulo-pedrosa-2017-10-18/UNAFFILIATED,CV5-036,2018,2022-03-28,2022-03-30,PP;PR;PRB;PSC
affiliation-C041-paulo-pedrosa-2017-10-18-2017-10-18@service-C041-paulo-pedrosa-2017-10-18/UNAFFILIATED,CV5-037,2018,2022-03-30,2022-03-31,PP;PR;PRB
affiliation-C041-paulo-pedrosa-2017-10-18-2017-10-18@service-C041-paulo-pedrosa-2017-10-18/UNAFFILIATED,CV5-038,2018,2022-03-31,2022-05-11,PP;PRB;PSD
affiliation-C041-paulo-pedrosa-2017-10-18-2017-10-18@service-C041-paulo-pedrosa-2017-10-18/UNAFFILIATED,CV5-039,2018,2022-05-11,2022-12-30,DEM;PP;PRB;PSD;PSL
affiliation-C041-paulo-pedrosa-2017-10-18-2017-10-18@service-C041-paulo-pedrosa-2017-10-18/UNAFFILIATED,CV5-040,2018,2022-12-30,2023-01-01,DEM;NOVO;PRB;PSD;PSL
affiliation-C041-paulo-pedrosa-2017-10-18-2017-10-18@service-C041-paulo-pedrosa-2017-10-18/UNAFFILIATED,CV5-041,2022,2023-01-01,2023-09-13,MDB;PCdoB;PDT;PSB;PSD;PSOL;PT;REDE;UNIÃO
affiliation-C041-paulo-pedrosa-2017-10-18-2017-10-18@service-C041-paulo-pedrosa-2017-10-18/UNAFFILIATED,CV5-042,2022,2023-09-13,2023-12-04,MDB;PCdoB;PDT;PP;PSB;PSD;PSOL;PT;REDE;REPUBLICANOS;UNIÃO
affiliation-C041-paulo-pedrosa-2017-10-18-2017-10-18@service-C041-paulo-pedrosa-2017-10-18/UNAFFILIATED,CV5-043,2022,2023-12-04,2023-12-06,MDB;PCdoB;PDT;PP;PSB;PSD;PSDB;PSOL;PT;REDE;REPUBLICANOS;UNIÃO
affiliation-C041-paulo-pedrosa-2017-10-18-2017-10-18@service-C041-paulo-pedrosa-2017-10-18/UNAFFILIATED,CV5-044,2022,2023-12-06,2024-12-03,MDB;PCdoB;PDT;PP;PSB;PSD;PSOL;PT;REDE;REPUBLICANOS;UNIÃO
affiliation-C041-paulo-pedrosa-2017-10-18-2017-10-18@service-C041-paulo-pedrosa-2017-10-18/UNAFFILIATED,CV5-045,2022,2024-12-03,2024-12-06,MDB;PCdoB;PDT;PP;PSB;PSD;PSDB;PSOL;PT;REDE;REPUBLICANOS;UNIÃO
affiliation-C041-paulo-pedrosa-2017-10-18-2017-10-18@service-C041-paulo-pedrosa-2017-10-18/UNAFFILIATED,CV5-046,2022,2024-12-06,2025-10-08,MDB;PCdoB;PDT;PP;PSB;PSD;PSOL;PT;REDE;REPUBLICANOS;UNIÃO
affiliation-C041-paulo-pedrosa-2017-10-18-2017-10-18@service-C041-paulo-pedrosa-2017-10-18/UNAFFILIATED,CV5-047,2022,2025-10-08,2025-10-09,MDB;PCdoB;PDT;PP;PSB;PSD;PSDB;PSOL;PT;REDE;REPUBLICANOS
affiliation-C041-paulo-pedrosa-2017-10-18-2017-10-18@service-C041-paulo-pedrosa-2017-10-18/UNAFFILIATED,CV5-048,2022,2025-10-09,2025-11-13,MDB;PCdoB;PDT;PP;PSB;PSD;PSOL;PT;REDE;REPUBLICANOS;UNIÃO
affiliation-C041-paulo-pedrosa-2017-10-18-2017-10-18@service-C041-paulo-pedrosa-2017-10-18/UNAFFILIATED,CV5-049,2022,2025-11-13,2025-11-17,MDB;PCdoB;PDT;PP;PSB;PSD;PSDB;PSOL;PT;REDE;REPUBLICANOS
affiliation-C041-paulo-pedrosa-2017-10-18-2017-10-18@service-C041-paulo-pedrosa-2017-10-18/UNAFFILIATED,CV5-050,2022,2025-11-17,2025-12-08,MDB;PCdoB;PDT;PP;PSB;PSD;PSOL;PT;REDE;REPUBLICANOS;UNIÃO
affiliation-C041-paulo-pedrosa-2017-10-18-2017-10-18@service-C041-paulo-pedrosa-2017-10-18/UNAFFILIATED,CV5-051,2022,2025-12-08,2025-12-19,MDB;PCdoB;PDT;PP;PSB;PSD;PSOL;PT;REDE;REPUBLICANOS
affiliation-C041-paulo-pedrosa-2017-10-18-2017-10-18@service-C041-paulo-pedrosa-2017-10-18/UNAFFILIATED,CV5-052,2022,2025-12-19,2025-12-23,MDB;PCdoB;PDT;PP;PSB;PSD;PSDB;PSOL;PT;REDE;REPUBLICANOS
affiliation-C041-paulo-pedrosa-2017-10-18-2017-10-18@service-C041-paulo-pedrosa-2017-10-18/UNAFFILIATED,CV5-053,2022,2025-12-23,2026-03-20,MDB;PCdoB;PDT;PP;PSB;PSD;PSOL;PT;REDE;REPUBLICANOS
affiliation-C041-paulo-pedrosa-2018-04-06-2018-04-06@service-C041-paulo-pedrosa-2018-04-06/PSDB,CV5-001,2014,2015-01-01,2015-03-19,PCdoB;PDT;PMDB;PP;PR;PRB;PROS;PSD;PT;PTB
affiliation-C041-paulo-pedrosa-2018-04-06-2018-04-06@service-C041-paulo-pedrosa-2018-04-06/PSDB,CV5-002,2014,2015-03-19,2016-03-18,PCdoB;PDT;PMDB;PP;PR;PRB;PSD;PT;PTB
affiliation-C041-paulo-pedrosa-2018-04-06-2018-04-06@service-C041-paulo-pedrosa-2018-04-06/PSDB,CV5-003,2014,2016-03-18,2016-03-31,PCdoB;PDT;PMDB;PP;PR;PROS;PSD;PT;PTB
affiliation-C041-paulo-pedrosa-2018-04-06-2018-04-06@service-C041-paulo-pedrosa-2018-04-06/PSDB,CV5-004,2014,2016-03-31,2016-04-14,PCdoB;PDT;PMDB;PP;PR;PSD;PT;PTB
affiliation-C041-paulo-pedrosa-2018-04-06-2018-04-06@service-C041-paulo-pedrosa-2018-04-06/PSDB,CV5-005,2014,2016-04-14,2016-04-19,PCdoB;PDT;PMDB;PR;PSD;PT;PTB
affiliation-C041-paulo-pedrosa-2018-04-06-2018-04-06@service-C041-paulo-pedrosa-2018-04-06/PSDB,CV5-006,2014,2016-04-19,2016-05-12,PCdoB;PDT;PMDB;PR;PT;PTB
affiliation-C041-paulo-pedrosa-2018-04-06-2018-04-06@service-C041-paulo-pedrosa-2018-04-06/PSDB,CV5-007,2014,2016-05-12,2016-10-10,DEM;PMDB;PP;PPS;PR;PRB;PSB;PSD;PSDB;PTB;PV
affiliation-C041-paulo-pedrosa-2018-04-06-2018-04-06@service-C041-paulo-pedrosa-2018-04-06/PSDB,CV5-008,2014,2016-10-10,2016-10-11,DEM;PMDB;PP;PPS;PR;PRB;PSD;PSDB;PTB;PV
affiliation-C041-paulo-pedrosa-2018-04-06-2018-04-06@service-C041-paulo-pedrosa-2018-04-06/PSDB,CV5-009,2014,2016-10-11,2016-10-25,DEM;PMDB;PP;PPS;PR;PRB;PSB;PSD;PSDB;PTB;PV
affiliation-C041-paulo-pedrosa-2018-04-06-2018-04-06@service-C041-paulo-pedrosa-2018-04-06/PSDB,CV5-010,2014,2016-10-25,2016-10-26,DEM;PMDB;PP;PPS;PR;PRB;PSD;PSDB;PTB;PV
affiliation-C041-paulo-pedrosa-2018-04-06-2018-04-06@service-C041-paulo-pedrosa-2018-04-06/PSDB,CV5-011,2014,2016-10-26,2017-04-26,DEM;PMDB;PP;PPS;PR;PRB;PSB;PSD;PSDB;PTB;PV
affiliation-C041-paulo-pedrosa-2018-04-06-2018-04-06@service-C041-paulo-pedrosa-2018-04-06/PSDB,CV5-012,2014,2017-04-26,2017-04-27,DEM;PMDB;PP;PPS;PR;PRB;PSD;PSDB;PTB;PV
affiliation-C041-paulo-pedrosa-2018-04-06-2018-04-06@service-C041-paulo-pedrosa-2018-04-06/PSDB,CV5-013,2014,2017-04-27,2017-08-02,DEM;PMDB;PP;PPS;PR;PRB;PSB;PSD;PSDB;PTB;PV
affiliation-C041-paulo-pedrosa-2018-04-06-2018-04-06@service-C041-paulo-pedrosa-2018-04-06/PSDB,CV5-014,2014,2017-08-02,2017-08-03,DEM;PMDB;PP;PPS;PR;PRB;PSD;PSDB;PTB;PV
affiliation-C041-paulo-pedrosa-2018-04-06-2018-04-06@service-C041-paulo-pedrosa-2018-04-06/PSDB,CV5-015,2014,2017-08-03,2017-10-18,DEM;PMDB;PP;PPS;PR;PRB;PSB;PSD;PSDB;PTB;PV
affiliation-C041-paulo-pedrosa-2018-04-06-2018-04-06@service-C041-paulo-pedrosa-2018-04-06/PSDB,CV5-016,2014,2017-10-18,2018-03-21,DEM;PMDB;PP;PPS;PR;PRB;PSD;PSDB;PTB;PV
affiliation-C041-paulo-pedrosa-2018-04-06-2018-04-06@service-C041-paulo-pedrosa-2018-04-06/PSDB,CV5-017,2014,2018-03-21,2018-04-02,DEM;PMDB;PP;PR;PRB;PSD;PSDB;PTB;PV
affiliation-C041-paulo-pedrosa-2018-04-06-2018-04-06@service-C041-paulo-pedrosa-2018-04-06/PSDB,CV5-018,2014,2018-04-02,2018-04-06,DEM;PMDB;PP;PRB;PSD;PSDB;PTB;PV
affiliation-C041-paulo-pedrosa-2018-04-06-2018-04-06@service-C041-paulo-pedrosa-2018-04-06/PSDB,CV5-019,2014,2018-04-06,2018-07-05,PMDB;PP;PRB;PSD;PSDB;PTB;PV
affiliation-C041-paulo-pedrosa-2018-04-06-2018-04-06@service-C041-paulo-pedrosa-2018-04-06/PSDB,CV5-020,2014,2018-07-05,2019-01-01,PMDB;PP;PRB;PSD;PSDB;PV
affiliation-C041-paulo-pedrosa-2018-04-06-2018-04-06@service-C041-paulo-pedrosa-2018-04-06/PSDB,CV5-021,2018,2019-01-01,2020-02-11,DEM;MDB;NOVO;PP;PSL
affiliation-C041-paulo-pedrosa-2018-04-06-2018-04-06@service-C041-paulo-pedrosa-2018-04-06/PSDB,CV5-022,2018,2020-02-11,2020-02-18,DEM;MDB;NOVO;PP;PSDB;PSL
affiliation-C041-paulo-pedrosa-2018-04-06-2018-04-06@service-C041-paulo-pedrosa-2018-04-06/PSDB,CV5-023,2018,2020-02-18,2020-04-16,DEM;NOVO;PP;PSDB;PSL
affiliation-C041-paulo-pedrosa-2018-04-06-2018-04-06@service-C041-paulo-pedrosa-2018-04-06/PSDB,CV5-024,2018,2020-04-16,2020-04-17,DEM;MDB;NOVO;PP;PSDB;PSL
affiliation-C041-paulo-pedrosa-2018-04-06-2018-04-06@service-C041-paulo-pedrosa-2018-04-06/PSDB,CV5-025,2018,2020-04-17,2020-05-07,DEM;NOVO;PP;PSDB;PSL
affiliation-C041-paulo-pedrosa-2018-04-06-2018-04-06@service-C041-paulo-pedrosa-2018-04-06/PSDB,CV5-026,2018,2020-05-07,2020-06-17,DEM;PP;PSDB;PSL
affiliation-C041-paulo-pedrosa-2018-04-06-2018-04-06@service-C041-paulo-pedrosa-2018-04-06/PSDB,CV5-027,2018,2020-06-17,2020-06-18,DEM;PP;PSD;PSDB;PSL
affiliation-C041-paulo-pedrosa-2018-04-06-2018-04-06@service-C041-paulo-pedrosa-2018-04-06/PSDB,CV5-028,2018,2020-06-18,2020-09-19,DEM;PP;PSD;PSL
affiliation-C041-paulo-pedrosa-2018-04-06-2018-04-06@service-C041-paulo-pedrosa-2018-04-06/PSDB,CV5-029,2018,2020-09-19,2020-12-09,DEM;PSD;PSL
affiliation-C041-paulo-pedrosa-2018-04-06-2018-04-06@service-C041-paulo-pedrosa-2018-04-06/PSDB,CV5-030,2018,2020-12-09,2021-02-12,DEM;PSC;PSD;PSL
affiliation-C041-paulo-pedrosa-2018-04-06-2018-04-06@service-C041-paulo-pedrosa-2018-04-06/PSDB,CV5-031,2018,2021-02-12,2021-03-31,DEM;PRB;PSC;PSD;PSL
affiliation-C041-paulo-pedrosa-2018-04-06-2018-04-06@service-C041-paulo-pedrosa-2018-04-06/PSDB,CV5-032,2018,2021-03-31,2021-07-28,DEM;PR;PRB;PSC;PSD;PSL
affiliation-C041-paulo-pedrosa-2018-04-06-2018-04-06@service-C041-paulo-pedrosa-2018-04-06/PSDB,CV5-033,2018,2021-07-28,2022-03-24,DEM;PP;PR;PRB;PSC;PSD;PSL
affiliation-C041-paulo-pedrosa-2018-04-06-2018-04-06@service-C041-paulo-pedrosa-2018-04-06/PSDB,CV5-034,2018,2022-03-24,2022-03-27,DEM;PP;PR;PRB;PSC;PSL
affiliation-C041-paulo-pedrosa-2018-04-06-2018-04-06@service-C041-paulo-pedrosa-2018-04-06/PSDB,CV5-035,2018,2022-03-27,2022-03-28,PP;PR;PSC
affiliation-C041-paulo-pedrosa-2018-04-06-2018-04-06@service-C041-paulo-pedrosa-2018-04-06/PSDB,CV5-036,2018,2022-03-28,2022-03-30,PP;PR;PRB;PSC
affiliation-C041-paulo-pedrosa-2018-04-06-2018-04-06@service-C041-paulo-pedrosa-2018-04-06/PSDB,CV5-037,2018,2022-03-30,2022-03-31,PP;PR;PRB
affiliation-C041-paulo-pedrosa-2018-04-06-2018-04-06@service-C041-paulo-pedrosa-2018-04-06/PSDB,CV5-038,2018,2022-03-31,2022-05-11,PP;PRB;PSD
affiliation-C041-paulo-pedrosa-2018-04-06-2018-04-06@service-C041-paulo-pedrosa-2018-04-06/PSDB,CV5-039,2018,2022-05-11,2022-12-30,DEM;PP;PRB;PSD;PSL
affiliation-C041-paulo-pedrosa-2018-04-06-2018-04-06@service-C041-paulo-pedrosa-2018-04-06/PSDB,CV5-040,2018,2022-12-30,2023-01-01,DEM;NOVO;PRB;PSD;PSL
affiliation-C041-paulo-pedrosa-2018-04-06-2018-04-06@service-C041-paulo-pedrosa-2018-04-06/PSDB,CV5-041,2022,2023-01-01,2023-09-13,MDB;PCdoB;PDT;PSB;PSD;PSOL;PT;REDE;UNIÃO
affiliation-C041-paulo-pedrosa-2018-04-06-2018-04-06@service-C041-paulo-pedrosa-2018-04-06/PSDB,CV5-042,2022,2023-09-13,2023-12-04,MDB;PCdoB;PDT;PP;PSB;PSD;PSOL;PT;REDE;REPUBLICANOS;UNIÃO
affiliation-C041-paulo-pedrosa-2018-04-06-2018-04-06@service-C041-paulo-pedrosa-2018-04-06/PSDB,CV5-043,2022,2023-12-04,2023-12-06,MDB;PCdoB;PDT;PP;PSB;PSD;PSDB;PSOL;PT;REDE;REPUBLICANOS;UNIÃO
affiliation-C041-paulo-pedrosa-2018-04-06-2018-04-06@service-C041-paulo-pedrosa-2018-04-06/PSDB,CV5-044,2022,2023-12-06,2024-12-03,MDB;PCdoB;PDT;PP;PSB;PSD;PSOL;PT;REDE;REPUBLICANOS;UNIÃO
affiliation-C041-paulo-pedrosa-2018-04-06-2018-04-06@service-C041-paulo-pedrosa-2018-04-06/PSDB,CV5-045,2022,2024-12-03,2024-12-06,MDB;PCdoB;PDT;PP;PSB;PSD;PSDB;PSOL;PT;REDE;REPUBLICANOS;UNIÃO
affiliation-C041-paulo-pedrosa-2018-04-06-2018-04-06@service-C041-paulo-pedrosa-2018-04-06/PSDB,CV5-046,2022,2024-12-06,2025-10-08,MDB;PCdoB;PDT;PP;PSB;PSD;PSOL;PT;REDE;REPUBLICANOS;UNIÃO
affiliation-C041-paulo-pedrosa-2018-04-06-2018-04-06@service-C041-paulo-pedrosa-2018-04-06/PSDB,CV5-047,2022,2025-10-08,2025-10-09,MDB;PCdoB;PDT;PP;PSB;PSD;PSDB;PSOL;PT;REDE;REPUBLICANOS
affiliation-C041-paulo-pedrosa-2018-04-06-2018-04-06@service-C041-paulo-pedrosa-2018-04-06/PSDB,CV5-048,2022,2025-10-09,2025-11-13,MDB;PCdoB;PDT;PP;PSB;PSD;PSOL;PT;REDE;REPUBLICANOS;UNIÃO
affiliation-C041-paulo-pedrosa-2018-04-06-2018-04-06@service-C041-paulo-pedrosa-2018-04-06/PSDB,CV5-049,2022,2025-11-13,2025-11-17,MDB;PCdoB;PDT;PP;PSB;PSD;PSDB;PSOL;PT;REDE;REPUBLICANOS
affiliation-C041-paulo-pedrosa-2018-04-06-2018-04-06@service-C041-paulo-pedrosa-2018-04-06/PSDB,CV5-050,2022,2025-11-17,2025-12-08,MDB;PCdoB;PDT;PP;PSB;PSD;PSOL;PT;REDE;REPUBLICANOS;UNIÃO
affiliation-C041-paulo-pedrosa-2018-04-06-2018-04-06@service-C041-paulo-pedrosa-2018-04-06/PSDB,CV5-051,2022,2025-12-08,2025-12-19,MDB;PCdoB;PDT;PP;PSB;PSD;PSOL;PT;REDE;REPUBLICANOS
affiliation-C041-paulo-pedrosa-2018-04-06-2018-04-06@service-C041-paulo-pedrosa-2018-04-06/PSDB,CV5-052,2022,2025-12-19,2025-12-23,MDB;PCdoB;PDT;PP;PSB;PSD;PSDB;PSOL;PT;REDE;REPUBLICANOS
affiliation-C041-paulo-pedrosa-2018-04-06-2018-04-06@service-C041-paulo-pedrosa-2018-04-06/PSDB,CV5-053,2022,2025-12-23,2026-03-20,MDB;PCdoB;PDT;PP;PSB;PSD;PSOL;PT;REDE;REPUBLICANOS
affiliation-C041-paulo-pedrosa-2018-04-06-2018-04-06@service-C041-paulo-pedrosa-2018-04-06/UNAFFILIATED,CV5-001,2014,2015-01-01,2015-03-19,PCdoB;PDT;PMDB;PP;PR;PRB;PROS;PSD;PT;PTB
affiliation-C041-paulo-pedrosa-2018-04-06-2018-04-06@service-C041-paulo-pedrosa-2018-04-06/UNAFFILIATED,CV5-002,2014,2015-03-19,2016-03-18,PCdoB;PDT;PMDB;PP;PR;PRB;PSD;PT;PTB
affiliation-C041-paulo-pedrosa-2018-04-06-2018-04-06@service-C041-paulo-pedrosa-2018-04-06/UNAFFILIATED,CV5-003,2014,2016-03-18,2016-03-31,PCdoB;PDT;PMDB;PP;PR;PROS;PSD;PT;PTB
affiliation-C041-paulo-pedrosa-2018-04-06-2018-04-06@service-C041-paulo-pedrosa-2018-04-06/UNAFFILIATED,CV5-004,2014,2016-03-31,2016-04-14,PCdoB;PDT;PMDB;PP;PR;PSD;PT;PTB
affiliation-C041-paulo-pedrosa-2018-04-06-2018-04-06@service-C041-paulo-pedrosa-2018-04-06/UNAFFILIATED,CV5-005,2014,2016-04-14,2016-04-19,PCdoB;PDT;PMDB;PR;PSD;PT;PTB
affiliation-C041-paulo-pedrosa-2018-04-06-2018-04-06@service-C041-paulo-pedrosa-2018-04-06/UNAFFILIATED,CV5-006,2014,2016-04-19,2016-05-12,PCdoB;PDT;PMDB;PR;PT;PTB
affiliation-C041-paulo-pedrosa-2018-04-06-2018-04-06@service-C041-paulo-pedrosa-2018-04-06/UNAFFILIATED,CV5-007,2014,2016-05-12,2016-10-10,DEM;PMDB;PP;PPS;PR;PRB;PSB;PSD;PSDB;PTB;PV
affiliation-C041-paulo-pedrosa-2018-04-06-2018-04-06@service-C041-paulo-pedrosa-2018-04-06/UNAFFILIATED,CV5-008,2014,2016-10-10,2016-10-11,DEM;PMDB;PP;PPS;PR;PRB;PSD;PSDB;PTB;PV
affiliation-C041-paulo-pedrosa-2018-04-06-2018-04-06@service-C041-paulo-pedrosa-2018-04-06/UNAFFILIATED,CV5-009,2014,2016-10-11,2016-10-25,DEM;PMDB;PP;PPS;PR;PRB;PSB;PSD;PSDB;PTB;PV
affiliation-C041-paulo-pedrosa-2018-04-06-2018-04-06@service-C041-paulo-pedrosa-2018-04-06/UNAFFILIATED,CV5-010,2014,2016-10-25,2016-10-26,DEM;PMDB;PP;PPS;PR;PRB;PSD;PSDB;PTB;PV
affiliation-C041-paulo-pedrosa-2018-04-06-2018-04-06@service-C041-paulo-pedrosa-2018-04-06/UNAFFILIATED,CV5-011,2014,2016-10-26,2017-04-26,DEM;PMDB;PP;PPS;PR;PRB;PSB;PSD;PSDB;PTB;PV
affiliation-C041-paulo-pedrosa-2018-04-06-2018-04-06@service-C041-paulo-pedrosa-2018-04-06/UNAFFILIATED,CV5-012,2014,2017-04-26,2017-04-27,DEM;PMDB;PP;PPS;PR;PRB;PSD;PSDB;PTB;PV
affiliation-C041-paulo-pedrosa-2018-04-06-2018-04-06@service-C041-paulo-pedrosa-2018-04-06/UNAFFILIATED,CV5-013,2014,2017-04-27,2017-08-02,DEM;PMDB;PP;PPS;PR;PRB;PSB;PSD;PSDB;PTB;PV
affiliation-C041-paulo-pedrosa-2018-04-06-2018-04-06@service-C041-paulo-pedrosa-2018-04-06/UNAFFILIATED,CV5-014,2014,2017-08-02,2017-08-03,DEM;PMDB;PP;PPS;PR;PRB;PSD;PSDB;PTB;PV
affiliation-C041-paulo-pedrosa-2018-04-06-2018-04-06@service-C041-paulo-pedrosa-2018-04-06/UNAFFILIATED,CV5-015,2014,2017-08-03,2017-10-18,DEM;PMDB;PP;PPS;PR;PRB;PSB;PSD;PSDB;PTB;PV
affiliation-C041-paulo-pedrosa-2018-04-06-2018-04-06@service-C041-paulo-pedrosa-2018-04-06/UNAFFILIATED,CV5-016,2014,2017-10-18,2018-03-21,DEM;PMDB;PP;PPS;PR;PRB;PSD;PSDB;PTB;PV
affiliation-C041-paulo-pedrosa-2018-04-06-2018-04-06@service-C041-paulo-pedrosa-2018-04-06/UNAFFILIATED,CV5-017,2014,2018-03-21,2018-04-02,DEM;PMDB;PP;PR;PRB;PSD;PSDB;PTB;PV
affiliation-C041-paulo-pedrosa-2018-04-06-2018-04-06@service-C041-paulo-pedrosa-2018-04-06/UNAFFILIATED,CV5-018,2014,2018-04-02,2018-04-06,DEM;PMDB;PP;PRB;PSD;PSDB;PTB;PV
affiliation-C041-paulo-pedrosa-2018-04-06-2018-04-06@service-C041-paulo-pedrosa-2018-04-06/UNAFFILIATED,CV5-019,2014,2018-04-06,2018-07-05,PMDB;PP;PRB;PSD;PSDB;PTB;PV
affiliation-C041-paulo-pedrosa-2018-04-06-2018-04-06@service-C041-paulo-pedrosa-2018-04-06/UNAFFILIATED,CV5-020,2014,2018-07-05,2019-01-01,PMDB;PP;PRB;PSD;PSDB;PV
affiliation-C041-paulo-pedrosa-2018-04-06-2018-04-06@service-C041-paulo-pedrosa-2018-04-06/UNAFFILIATED,CV5-021,2018,2019-01-01,2020-02-11,DEM;MDB;NOVO;PP;PSL
affiliation-C041-paulo-pedrosa-2018-04-06-2018-04-06@service-C041-paulo-pedrosa-2018-04-06/UNAFFILIATED,CV5-022,2018,2020-02-11,2020-02-18,DEM;MDB;NOVO;PP;PSDB;PSL
affiliation-C041-paulo-pedrosa-2018-04-06-2018-04-06@service-C041-paulo-pedrosa-2018-04-06/UNAFFILIATED,CV5-023,2018,2020-02-18,2020-04-16,DEM;NOVO;PP;PSDB;PSL
affiliation-C041-paulo-pedrosa-2018-04-06-2018-04-06@service-C041-paulo-pedrosa-2018-04-06/UNAFFILIATED,CV5-024,2018,2020-04-16,2020-04-17,DEM;MDB;NOVO;PP;PSDB;PSL
affiliation-C041-paulo-pedrosa-2018-04-06-2018-04-06@service-C041-paulo-pedrosa-2018-04-06/UNAFFILIATED,CV5-025,2018,2020-04-17,2020-05-07,DEM;NOVO;PP;PSDB;PSL
affiliation-C041-paulo-pedrosa-2018-04-06-2018-04-06@service-C041-paulo-pedrosa-2018-04-06/UNAFFILIATED,CV5-026,2018,2020-05-07,2020-06-17,DEM;PP;PSDB;PSL
affiliation-C041-paulo-pedrosa-2018-04-06-2018-04-06@service-C041-paulo-pedrosa-2018-04-06/UNAFFILIATED,CV5-027,2018,2020-06-17,2020-06-18,DEM;PP;PSD;PSDB;PSL
affiliation-C041-paulo-pedrosa-2018-04-06-2018-04-06@service-C041-paulo-pedrosa-2018-04-06/UNAFFILIATED,CV5-028,2018,2020-06-18,2020-09-19,DEM;PP;PSD;PSL
affiliation-C041-paulo-pedrosa-2018-04-06-2018-04-06@service-C041-paulo-pedrosa-2018-04-06/UNAFFILIATED,CV5-029,2018,2020-09-19,2020-12-09,DEM;PSD;PSL
affiliation-C041-paulo-pedrosa-2018-04-06-2018-04-06@service-C041-paulo-pedrosa-2018-04-06/UNAFFILIATED,CV5-030,2018,2020-12-09,2021-02-12,DEM;PSC;PSD;PSL
affiliation-C041-paulo-pedrosa-2018-04-06-2018-04-06@service-C041-paulo-pedrosa-2018-04-06/UNAFFILIATED,CV5-031,2018,2021-02-12,2021-03-31,DEM;PRB;PSC;PSD;PSL
affiliation-C041-paulo-pedrosa-2018-04-06-2018-04-06@service-C041-paulo-pedrosa-2018-04-06/UNAFFILIATED,CV5-032,2018,2021-03-31,2021-07-28,DEM;PR;PRB;PSC;PSD;PSL
affiliation-C041-paulo-pedrosa-2018-04-06-2018-04-06@service-C041-paulo-pedrosa-2018-04-06/UNAFFILIATED,CV5-033,2018,2021-07-28,2022-03-24,DEM;PP;PR;PRB;PSC;PSD;PSL
affiliation-C041-paulo-pedrosa-2018-04-06-2018-04-06@service-C041-paulo-pedrosa-2018-04-06/UNAFFILIATED,CV5-034,2018,2022-03-24,2022-03-27,DEM;PP;PR;PRB;PSC;PSL
affiliation-C041-paulo-pedrosa-2018-04-06-2018-04-06@service-C041-paulo-pedrosa-2018-04-06/UNAFFILIATED,CV5-035,2018,2022-03-27,2022-03-28,PP;PR;PSC
affiliation-C041-paulo-pedrosa-2018-04-06-2018-04-06@service-C041-paulo-pedrosa-2018-04-06/UNAFFILIATED,CV5-036,2018,2022-03-28,2022-03-30,PP;PR;PRB;PSC
affiliation-C041-paulo-pedrosa-2018-04-06-2018-04-06@service-C041-paulo-pedrosa-2018-04-06/UNAFFILIATED,CV5-037,2018,2022-03-30,2022-03-31,PP;PR;PRB
affiliation-C041-paulo-pedrosa-2018-04-06-2018-04-06@service-C041-paulo-pedrosa-2018-04-06/UNAFFILIATED,CV5-038,2018,2022-03-31,2022-05-11,PP;PRB;PSD
affiliation-C041-paulo-pedrosa-2018-04-06-2018-04-06@service-C041-paulo-pedrosa-2018-04-06/UNAFFILIATED,CV5-039,2018,2022-05-11,2022-12-30,DEM;PP;PRB;PSD;PSL
affiliation-C041-paulo-pedrosa-2018-04-06-2018-04-06@service-C041-paulo-pedrosa-2018-04-06/UNAFFILIATED,CV5-040,2018,2022-12-30,2023-01-01,DEM;NOVO;PRB;PSD;PSL
affiliation-C041-paulo-pedrosa-2018-04-06-2018-04-06@service-C041-paulo-pedrosa-2018-04-06/UNAFFILIATED,CV5-041,2022,2023-01-01,2023-09-13,MDB;PCdoB;PDT;PSB;PSD;PSOL;PT;REDE;UNIÃO
affiliation-C041-paulo-pedrosa-2018-04-06-2018-04-06@service-C041-paulo-pedrosa-2018-04-06/UNAFFILIATED,CV5-042,2022,2023-09-13,2023-12-04,MDB;PCdoB;PDT;PP;PSB;PSD;PSOL;PT;REDE;REPUBLICANOS;UNIÃO
affiliation-C041-paulo-pedrosa-2018-04-06-2018-04-06@service-C041-paulo-pedrosa-2018-04-06/UNAFFILIATED,CV5-043,2022,2023-12-04,2023-12-06,MDB;PCdoB;PDT;PP;PSB;PSD;PSDB;PSOL;PT;REDE;REPUBLICANOS;UNIÃO
affiliation-C041-paulo-pedrosa-2018-04-06-2018-04-06@service-C041-paulo-pedrosa-2018-04-06/UNAFFILIATED,CV5-044,2022,2023-12-06,2024-12-03,MDB;PCdoB;PDT;PP;PSB;PSD;PSOL;PT;REDE;REPUBLICANOS;UNIÃO
affiliation-C041-paulo-pedrosa-2018-04-06-2018-04-06@service-C041-paulo-pedrosa-2018-04-06/UNAFFILIATED,CV5-045,2022,2024-12-03,2024-12-06,MDB;PCdoB;PDT;PP;PSB;PSD;PSDB;PSOL;PT;REDE;REPUBLICANOS;UNIÃO
affiliation-C041-paulo-pedrosa-2018-04-06-2018-04-06@service-C041-paulo-pedrosa-2018-04-06/UNAFFILIATED,CV5-046,2022,2024-12-06,2025-10-08,MDB;PCdoB;PDT;PP;PSB;PSD;PSOL;PT;REDE;REPUBLICANOS;UNIÃO
affiliation-C041-paulo-pedrosa-2018-04-06-2018-04-06@service-C041-paulo-pedrosa-2018-04-06/UNAFFILIATED,CV5-047,2022,2025-10-08,2025-10-09,MDB;PCdoB;PDT;PP;PSB;PSD;PSDB;PSOL;PT;REDE;REPUBLICANOS
affiliation-C041-paulo-pedrosa-2018-04-06-2018-04-06@service-C041-paulo-pedrosa-2018-04-06/UNAFFILIATED,CV5-048,2022,2025-10-09,2025-11-13,MDB;PCdoB;PDT;PP;PSB;PSD;PSOL;PT;REDE;REPUBLICANOS;UNIÃO
affiliation-C041-paulo-pedrosa-2018-04-06-2018-04-06@service-C041-paulo-pedrosa-2018-04-06/UNAFFILIATED,CV5-049,2022,2025-11-13,2025-11-17,MDB;PCdoB;PDT;PP;PSB;PSD;PSDB;PSOL;PT;REDE;REPUBLICANOS
affiliation-C041-paulo-pedrosa-2018-04-06-2018-04-06@service-C041-paulo-pedrosa-2018-04-06/UNAFFILIATED,CV5-050,2022,2025-11-17,2025-12-08,MDB;PCdoB;PDT;PP;PSB;PSD;PSOL;PT;REDE;REPUBLICANOS;UNIÃO
affiliation-C041-paulo-pedrosa-2018-04-06-2018-04-06@service-C041-paulo-pedrosa-2018-04-06/UNAFFILIATED,CV5-051,2022,2025-12-08,2025-12-19,MDB;PCdoB;PDT;PP;PSB;PSD;PSOL;PT;REDE;REPUBLICANOS
affiliation-C041-paulo-pedrosa-2018-04-06-2018-04-06@service-C041-paulo-pedrosa-2018-04-06/UNAFFILIATED,CV5-052,2022,2025-12-19,2025-12-23,MDB;PCdoB;PDT;PP;PSB;PSD;PSDB;PSOL;PT;REDE;REPUBLICANOS
affiliation-C041-paulo-pedrosa-2018-04-06-2018-04-06@service-C041-paulo-pedrosa-2018-04-06/UNAFFILIATED,CV5-053,2022,2025-12-23,2026-03-20,MDB;PCdoB;PDT;PP;PSB;PSD;PSOL;PT;REDE;REPUBLICANOS
affiliation-C044-helder-melillo-lopes-cunha-silva-2022-12-30@service-C044-helder-melillo-lopes-cunha-silva/UNAFFILIATED,CV5-001,2014,2015-01-01,2015-03-19,PCdoB;PDT;PMDB;PP;PR;PRB;PROS;PSD;PT;PTB
affiliation-C044-helder-melillo-lopes-cunha-silva-2022-12-30@service-C044-helder-melillo-lopes-cunha-silva/UNAFFILIATED,CV5-002,2014,2015-03-19,2016-03-18,PCdoB;PDT;PMDB;PP;PR;PRB;PSD;PT;PTB
affiliation-C044-helder-melillo-lopes-cunha-silva-2022-12-30@service-C044-helder-melillo-lopes-cunha-silva/UNAFFILIATED,CV5-003,2014,2016-03-18,2016-03-31,PCdoB;PDT;PMDB;PP;PR;PROS;PSD;PT;PTB
affiliation-C044-helder-melillo-lopes-cunha-silva-2022-12-30@service-C044-helder-melillo-lopes-cunha-silva/UNAFFILIATED,CV5-004,2014,2016-03-31,2016-04-14,PCdoB;PDT;PMDB;PP;PR;PSD;PT;PTB
affiliation-C044-helder-melillo-lopes-cunha-silva-2022-12-30@service-C044-helder-melillo-lopes-cunha-silva/UNAFFILIATED,CV5-005,2014,2016-04-14,2016-04-19,PCdoB;PDT;PMDB;PR;PSD;PT;PTB
affiliation-C044-helder-melillo-lopes-cunha-silva-2022-12-30@service-C044-helder-melillo-lopes-cunha-silva/UNAFFILIATED,CV5-006,2014,2016-04-19,2016-05-12,PCdoB;PDT;PMDB;PR;PT;PTB
affiliation-C044-helder-melillo-lopes-cunha-silva-2022-12-30@service-C044-helder-melillo-lopes-cunha-silva/UNAFFILIATED,CV5-007,2014,2016-05-12,2016-10-10,DEM;PMDB;PP;PPS;PR;PRB;PSB;PSD;PSDB;PTB;PV
affiliation-C044-helder-melillo-lopes-cunha-silva-2022-12-30@service-C044-helder-melillo-lopes-cunha-silva/UNAFFILIATED,CV5-008,2014,2016-10-10,2016-10-11,DEM;PMDB;PP;PPS;PR;PRB;PSD;PSDB;PTB;PV
affiliation-C044-helder-melillo-lopes-cunha-silva-2022-12-30@service-C044-helder-melillo-lopes-cunha-silva/UNAFFILIATED,CV5-009,2014,2016-10-11,2016-10-25,DEM;PMDB;PP;PPS;PR;PRB;PSB;PSD;PSDB;PTB;PV
affiliation-C044-helder-melillo-lopes-cunha-silva-2022-12-30@service-C044-helder-melillo-lopes-cunha-silva/UNAFFILIATED,CV5-010,2014,2016-10-25,2016-10-26,DEM;PMDB;PP;PPS;PR;PRB;PSD;PSDB;PTB;PV
affiliation-C044-helder-melillo-lopes-cunha-silva-2022-12-30@service-C044-helder-melillo-lopes-cunha-silva/UNAFFILIATED,CV5-011,2014,2016-10-26,2017-04-26,DEM;PMDB;PP;PPS;PR;PRB;PSB;PSD;PSDB;PTB;PV
affiliation-C044-helder-melillo-lopes-cunha-silva-2022-12-30@service-C044-helder-melillo-lopes-cunha-silva/UNAFFILIATED,CV5-012,2014,2017-04-26,2017-04-27,DEM;PMDB;PP;PPS;PR;PRB;PSD;PSDB;PTB;PV
affiliation-C044-helder-melillo-lopes-cunha-silva-2022-12-30@service-C044-helder-melillo-lopes-cunha-silva/UNAFFILIATED,CV5-013,2014,2017-04-27,2017-08-02,DEM;PMDB;PP;PPS;PR;PRB;PSB;PSD;PSDB;PTB;PV
affiliation-C044-helder-melillo-lopes-cunha-silva-2022-12-30@service-C044-helder-melillo-lopes-cunha-silva/UNAFFILIATED,CV5-014,2014,2017-08-02,2017-08-03,DEM;PMDB;PP;PPS;PR;PRB;PSD;PSDB;PTB;PV
affiliation-C044-helder-melillo-lopes-cunha-silva-2022-12-30@service-C044-helder-melillo-lopes-cunha-silva/UNAFFILIATED,CV5-015,2014,2017-08-03,2017-10-18,DEM;PMDB;PP;PPS;PR;PRB;PSB;PSD;PSDB;PTB;PV
affiliation-C044-helder-melillo-lopes-cunha-silva-2022-12-30@service-C044-helder-melillo-lopes-cunha-silva/UNAFFILIATED,CV5-016,2014,2017-10-18,2018-03-21,DEM;PMDB;PP;PPS;PR;PRB;PSD;PSDB;PTB;PV
affiliation-C044-helder-melillo-lopes-cunha-silva-2022-12-30@service-C044-helder-melillo-lopes-cunha-silva/UNAFFILIATED,CV5-017,2014,2018-03-21,2018-04-02,DEM;PMDB;PP;PR;PRB;PSD;PSDB;PTB;PV
affiliation-C044-helder-melillo-lopes-cunha-silva-2022-12-30@service-C044-helder-melillo-lopes-cunha-silva/UNAFFILIATED,CV5-018,2014,2018-04-02,2018-04-06,DEM;PMDB;PP;PRB;PSD;PSDB;PTB;PV
affiliation-C044-helder-melillo-lopes-cunha-silva-2022-12-30@service-C044-helder-melillo-lopes-cunha-silva/UNAFFILIATED,CV5-019,2014,2018-04-06,2018-07-05,PMDB;PP;PRB;PSD;PSDB;PTB;PV
affiliation-C044-helder-melillo-lopes-cunha-silva-2022-12-30@service-C044-helder-melillo-lopes-cunha-silva/UNAFFILIATED,CV5-020,2014,2018-07-05,2019-01-01,PMDB;PP;PRB;PSD;PSDB;PV
affiliation-C044-helder-melillo-lopes-cunha-silva-2022-12-30@service-C044-helder-melillo-lopes-cunha-silva/UNAFFILIATED,CV5-021,2018,2019-01-01,2020-02-11,DEM;MDB;NOVO;PP;PSL
affiliation-C044-helder-melillo-lopes-cunha-silva-2022-12-30@service-C044-helder-melillo-lopes-cunha-silva/UNAFFILIATED,CV5-022,2018,2020-02-11,2020-02-18,DEM;MDB;NOVO;PP;PSDB;PSL
affiliation-C044-helder-melillo-lopes-cunha-silva-2022-12-30@service-C044-helder-melillo-lopes-cunha-silva/UNAFFILIATED,CV5-023,2018,2020-02-18,2020-04-16,DEM;NOVO;PP;PSDB;PSL
affiliation-C044-helder-melillo-lopes-cunha-silva-2022-12-30@service-C044-helder-melillo-lopes-cunha-silva/UNAFFILIATED,CV5-024,2018,2020-04-16,2020-04-17,DEM;MDB;NOVO;PP;PSDB;PSL
affiliation-C044-helder-melillo-lopes-cunha-silva-2022-12-30@service-C044-helder-melillo-lopes-cunha-silva/UNAFFILIATED,CV5-025,2018,2020-04-17,2020-05-07,DEM;NOVO;PP;PSDB;PSL
affiliation-C044-helder-melillo-lopes-cunha-silva-2022-12-30@service-C044-helder-melillo-lopes-cunha-silva/UNAFFILIATED,CV5-026,2018,2020-05-07,2020-06-17,DEM;PP;PSDB;PSL
affiliation-C044-helder-melillo-lopes-cunha-silva-2022-12-30@service-C044-helder-melillo-lopes-cunha-silva/UNAFFILIATED,CV5-027,2018,2020-06-17,2020-06-18,DEM;PP;PSD;PSDB;PSL
affiliation-C044-helder-melillo-lopes-cunha-silva-2022-12-30@service-C044-helder-melillo-lopes-cunha-silva/UNAFFILIATED,CV5-028,2018,2020-06-18,2020-09-19,DEM;PP;PSD;PSL
affiliation-C044-helder-melillo-lopes-cunha-silva-2022-12-30@service-C044-helder-melillo-lopes-cunha-silva/UNAFFILIATED,CV5-029,2018,2020-09-19,2020-12-09,DEM;PSD;PSL
affiliation-C044-helder-melillo-lopes-cunha-silva-2022-12-30@service-C044-helder-melillo-lopes-cunha-silva/UNAFFILIATED,CV5-030,2018,2020-12-09,2021-02-12,DEM;PSC;PSD;PSL
affiliation-C044-helder-melillo-lopes-cunha-silva-2022-12-30@service-C044-helder-melillo-lopes-cunha-silva/UNAFFILIATED,CV5-031,2018,2021-02-12,2021-03-31,DEM;PRB;PSC;PSD;PSL
affiliation-C044-helder-melillo-lopes-cunha-silva-2022-12-30@service-C044-helder-melillo-lopes-cunha-silva/UNAFFILIATED,CV5-032,2018,2021-03-31,2021-07-28,DEM;PR;PRB;PSC;PSD;PSL
affiliation-C044-helder-melillo-lopes-cunha-silva-2022-12-30@service-C044-helder-melillo-lopes-cunha-silva/UNAFFILIATED,CV5-033,2018,2021-07-28,2022-03-24,DEM;PP;PR;PRB;PSC;PSD;PSL
affiliation-C044-helder-melillo-lopes-cunha-silva-2022-12-30@service-C044-helder-melillo-lopes-cunha-silva/UNAFFILIATED,CV5-034,2018,2022-03-24,2022-03-27,DEM;PP;PR;PRB;PSC;PSL
affiliation-C044-helder-melillo-lopes-cunha-silva-2022-12-30@service-C044-helder-melillo-lopes-cunha-silva/UNAFFILIATED,CV5-035,2018,2022-03-27,2022-03-28,PP;PR;PSC
affiliation-C044-helder-melillo-lopes-cunha-silva-2022-12-30@service-C044-helder-melillo-lopes-cunha-silva/UNAFFILIATED,CV5-036,2018,2022-03-28,2022-03-30,PP;PR;PRB;PSC
affiliation-C044-helder-melillo-lopes-cunha-silva-2022-12-30@service-C044-helder-melillo-lopes-cunha-silva/UNAFFILIATED,CV5-037,2018,2022-03-30,2022-03-31,PP;PR;PRB
affiliation-C044-helder-melillo-lopes-cunha-silva-2022-12-30@service-C044-helder-melillo-lopes-cunha-silva/UNAFFILIATED,CV5-038,2018,2022-03-31,2022-05-11,PP;PRB;PSD
affiliation-C044-helder-melillo-lopes-cunha-silva-2022-12-30@service-C044-helder-melillo-lopes-cunha-silva/UNAFFILIATED,CV5-039,2018,2022-05-11,2022-12-30,DEM;PP;PRB;PSD;PSL
affiliation-C044-helder-melillo-lopes-cunha-silva-2022-12-30@service-C044-helder-melillo-lopes-cunha-silva/UNAFFILIATED,CV5-040,2018,2022-12-30,2023-01-01,DEM;PRB;PSD;PSL
affiliation-C044-helder-melillo-lopes-cunha-silva-2022-12-30@service-C044-helder-melillo-lopes-cunha-silva/UNAFFILIATED,CV5-041,2022,2023-01-01,2023-09-13,MDB;PCdoB;PDT;PSB;PSD;PSOL;PT;REDE;UNIÃO
affiliation-C044-helder-melillo-lopes-cunha-silva-2022-12-30@service-C044-helder-melillo-lopes-cunha-silva/UNAFFILIATED,CV5-042,2022,2023-09-13,2023-12-04,MDB;PCdoB;PDT;PP;PSB;PSD;PSOL;PT;REDE;REPUBLICANOS;UNIÃO
affiliation-C044-helder-melillo-lopes-cunha-silva-2022-12-30@service-C044-helder-melillo-lopes-cunha-silva/UNAFFILIATED,CV5-043,2022,2023-12-04,2023-12-06,MDB;PCdoB;PDT;PP;PSB;PSD;PSDB;PSOL;PT;REDE;REPUBLICANOS;UNIÃO
affiliation-C044-helder-melillo-lopes-cunha-silva-2022-12-30@service-C044-helder-melillo-lopes-cunha-silva/UNAFFILIATED,CV5-044,2022,2023-12-06,2024-12-03,MDB;PCdoB;PDT;PP;PSB;PSD;PSOL;PT;REDE;REPUBLICANOS;UNIÃO
affiliation-C044-helder-melillo-lopes-cunha-silva-2022-12-30@service-C044-helder-melillo-lopes-cunha-silva/UNAFFILIATED,CV5-045,2022,2024-12-03,2024-12-06,MDB;PCdoB;PDT;PP;PSB;PSD;PSDB;PSOL;PT;REDE;REPUBLICANOS;UNIÃO
affiliation-C044-helder-melillo-lopes-cunha-silva-2022-12-30@service-C044-helder-melillo-lopes-cunha-silva/UNAFFILIATED,CV5-046,2022,2024-12-06,2025-10-08,MDB;PCdoB;PDT;PP;PSB;PSD;PSOL;PT;REDE;REPUBLICANOS;UNIÃO
affiliation-C044-helder-melillo-lopes-cunha-silva-2022-12-30@service-C044-helder-melillo-lopes-cunha-silva/UNAFFILIATED,CV5-047,2022,2025-10-08,2025-10-09,MDB;PCdoB;PDT;PP;PSB;PSD;PSDB;PSOL;PT;REDE;REPUBLICANOS
affiliation-C044-helder-melillo-lopes-cunha-silva-2022-12-30@service-C044-helder-melillo-lopes-cunha-silva/UNAFFILIATED,CV5-048,2022,2025-10-09,2025-11-13,MDB;PCdoB;PDT;PP;PSB;PSD;PSOL;PT;REDE;REPUBLICANOS;UNIÃO
affiliation-C044-helder-melillo-lopes-cunha-silva-2022-12-30@service-C044-helder-melillo-lopes-cunha-silva/UNAFFILIATED,CV5-049,2022,2025-11-13,2025-11-17,MDB;PCdoB;PDT;PP;PSB;PSD;PSDB;PSOL;PT;REDE;REPUBLICANOS
affiliation-C044-helder-melillo-lopes-cunha-silva-2022-12-30@service-C044-helder-melillo-lopes-cunha-silva/UNAFFILIATED,CV5-050,2022,2025-11-17,2025-12-08,MDB;PCdoB;PDT;PP;PSB;PSD;PSOL;PT;REDE;REPUBLICANOS;UNIÃO
affiliation-C044-helder-melillo-lopes-cunha-silva-2022-12-30@service-C044-helder-melillo-lopes-cunha-silva/UNAFFILIATED,CV5-051,2022,2025-12-08,2025-12-19,MDB;PCdoB;PDT;PP;PSB;PSD;PSOL;PT;REDE;REPUBLICANOS
affiliation-C044-helder-melillo-lopes-cunha-silva-2022-12-30@service-C044-helder-melillo-lopes-cunha-silva/UNAFFILIATED,CV5-052,2022,2025-12-19,2025-12-23,MDB;PCdoB;PDT;PP;PSB;PSD;PSDB;PSOL;PT;REDE;REPUBLICANOS
affiliation-C044-helder-melillo-lopes-cunha-silva-2022-12-30@service-C044-helder-melillo-lopes-cunha-silva/UNAFFILIATED,CV5-053,2022,2025-12-23,2026-03-20,MDB;PCdoB;PDT;PP;PSB;PSD;PSOL;PT;REDE;REPUBLICANOS
affiliation-C053-alberto-alves@service-C053-person-9cf6aaca0bc9/MDB,CV5-001,2014,2015-01-01,2015-03-19,PCdoB;PDT;PMDB;PP;PR;PRB;PROS;PSD;PT;PTB
affiliation-C053-alberto-alves@service-C053-person-9cf6aaca0bc9/MDB,CV5-002,2014,2015-03-19,2016-03-18,PCdoB;PDT;PMDB;PP;PR;PRB;PSD;PT;PTB
affiliation-C053-alberto-alves@service-C053-person-9cf6aaca0bc9/MDB,CV5-003,2014,2016-03-18,2016-03-31,PCdoB;PDT;PMDB;PP;PR;PROS;PSD;PT;PTB
affiliation-C053-alberto-alves@service-C053-person-9cf6aaca0bc9/MDB,CV5-004,2014,2016-03-31,2016-04-14,PCdoB;PDT;PMDB;PP;PR;PSD;PT;PTB
affiliation-C053-alberto-alves@service-C053-person-9cf6aaca0bc9/MDB,CV5-005,2014,2016-04-14,2016-04-19,PCdoB;PDT;PMDB;PR;PSD;PT;PTB
affiliation-C053-alberto-alves@service-C053-person-9cf6aaca0bc9/MDB,CV5-006,2014,2016-04-19,2016-05-12,PCdoB;PDT;PMDB;PR;PT;PTB
affiliation-C053-alberto-alves@service-C053-person-9cf6aaca0bc9/MDB,CV5-007,2014,2016-05-12,2016-10-10,DEM;PMDB;PP;PPS;PR;PRB;PSB;PSD;PSDB;PTB;PV
affiliation-C053-alberto-alves@service-C053-person-9cf6aaca0bc9/MDB,CV5-008,2014,2016-10-10,2016-10-11,DEM;PMDB;PP;PPS;PR;PRB;PSD;PSDB;PTB;PV
affiliation-C053-alberto-alves@service-C053-person-9cf6aaca0bc9/MDB,CV5-009,2014,2016-10-11,2016-10-25,DEM;PMDB;PP;PPS;PR;PRB;PSB;PSD;PSDB;PTB;PV
affiliation-C053-alberto-alves@service-C053-person-9cf6aaca0bc9/MDB,CV5-010,2014,2016-10-25,2016-10-26,DEM;PMDB;PP;PPS;PR;PRB;PSD;PSDB;PTB;PV
affiliation-C053-alberto-alves@service-C053-person-9cf6aaca0bc9/MDB,CV5-011,2014,2016-10-26,2017-04-26,DEM;PMDB;PP;PPS;PR;PRB;PSB;PSD;PSDB;PTB;PV
affiliation-C053-alberto-alves@service-C053-person-9cf6aaca0bc9/MDB,CV5-012,2014,2017-04-26,2017-04-27,DEM;PMDB;PP;PPS;PR;PRB;PSD;PSDB;PTB;PV
affiliation-C053-alberto-alves@service-C053-person-9cf6aaca0bc9/MDB,CV5-013,2014,2017-04-27,2017-08-02,DEM;PMDB;PP;PPS;PR;PRB;PSB;PSD;PSDB;PTB;PV
affiliation-C053-alberto-alves@service-C053-person-9cf6aaca0bc9/MDB,CV5-014,2014,2017-08-02,2017-08-03,DEM;PMDB;PP;PPS;PR;PRB;PSD;PSDB;PTB;PV
affiliation-C053-alberto-alves@service-C053-person-9cf6aaca0bc9/MDB,CV5-015,2014,2017-08-03,2017-10-18,DEM;PMDB;PP;PPS;PR;PRB;PSB;PSD;PSDB;PTB;PV
affiliation-C053-alberto-alves@service-C053-person-9cf6aaca0bc9/MDB,CV5-016,2014,2017-10-18,2018-03-21,DEM;PMDB;PP;PPS;PR;PRB;PSD;PSDB;PTB;PV
affiliation-C053-alberto-alves@service-C053-person-9cf6aaca0bc9/MDB,CV5-017,2014,2018-03-21,2018-04-02,DEM;PMDB;PP;PR;PRB;PSD;PSDB;PTB;PV
affiliation-C053-alberto-alves@service-C053-person-9cf6aaca0bc9/MDB,CV5-018,2014,2018-04-02,2018-04-06,DEM;PMDB;PP;PRB;PSD;PSDB;PTB;PV
affiliation-C053-alberto-alves@service-C053-person-9cf6aaca0bc9/MDB,CV5-019,2014,2018-04-06,2018-07-05,PMDB;PP;PRB;PSD;PSDB;PTB;PV
affiliation-C053-alberto-alves@service-C053-person-9cf6aaca0bc9/MDB,CV5-020,2014,2018-07-05,2019-01-01,PMDB;PP;PRB;PSD;PSDB;PV
affiliation-C053-alberto-alves@service-C053-person-9cf6aaca0bc9/MDB,CV5-021,2018,2019-01-01,2020-02-11,DEM;MDB;NOVO;PP;PSL
affiliation-C053-alberto-alves@service-C053-person-9cf6aaca0bc9/MDB,CV5-022,2018,2020-02-11,2020-02-18,DEM;MDB;NOVO;PP;PSDB;PSL
affiliation-C053-alberto-alves@service-C053-person-9cf6aaca0bc9/MDB,CV5-023,2018,2020-02-18,2020-04-16,DEM;NOVO;PP;PSDB;PSL
affiliation-C053-alberto-alves@service-C053-person-9cf6aaca0bc9/MDB,CV5-024,2018,2020-04-16,2020-04-17,DEM;MDB;NOVO;PP;PSDB;PSL
affiliation-C053-alberto-alves@service-C053-person-9cf6aaca0bc9/MDB,CV5-025,2018,2020-04-17,2020-05-07,DEM;NOVO;PP;PSDB;PSL
affiliation-C053-alberto-alves@service-C053-person-9cf6aaca0bc9/MDB,CV5-026,2018,2020-05-07,2020-06-17,DEM;PP;PSDB;PSL
affiliation-C053-alberto-alves@service-C053-person-9cf6aaca0bc9/MDB,CV5-027,2018,2020-06-17,2020-06-18,DEM;PP;PSD;PSDB;PSL
affiliation-C053-alberto-alves@service-C053-person-9cf6aaca0bc9/MDB,CV5-028,2018,2020-06-18,2020-09-19,DEM;PP;PSD;PSL
affiliation-C053-alberto-alves@service-C053-person-9cf6aaca0bc9/MDB,CV5-029,2018,2020-09-19,2020-12-09,DEM;PSD;PSL
affiliation-C053-alberto-alves@service-C053-person-9cf6aaca0bc9/MDB,CV5-030,2018,2020-12-09,2021-02-12,DEM;PSC;PSD;PSL
affiliation-C053-alberto-alves@service-C053-person-9cf6aaca0bc9/MDB,CV5-031,2018,2021-02-12,2021-03-31,DEM;PRB;PSC;PSD;PSL
affiliation-C053-alberto-alves@service-C053-person-9cf6aaca0bc9/MDB,CV5-032,2018,2021-03-31,2021-07-28,DEM;PR;PRB;PSC;PSD;PSL
affiliation-C053-alberto-alves@service-C053-person-9cf6aaca0bc9/MDB,CV5-033,2018,2021-07-28,2022-03-24,DEM;PP;PR;PRB;PSC;PSD;PSL
affiliation-C053-alberto-alves@service-C053-person-9cf6aaca0bc9/MDB,CV5-034,2018,2022-03-24,2022-03-27,DEM;PP;PR;PRB;PSC;PSL
affiliation-C053-alberto-alves@service-C053-person-9cf6aaca0bc9/MDB,CV5-035,2018,2022-03-27,2022-03-28,PP;PR;PSC
affiliation-C053-alberto-alves@service-C053-person-9cf6aaca0bc9/MDB,CV5-036,2018,2022-03-28,2022-03-30,PP;PR;PRB;PSC
affiliation-C053-alberto-alves@service-C053-person-9cf6aaca0bc9/MDB,CV5-037,2018,2022-03-30,2022-03-31,PP;PR;PRB
affiliation-C053-alberto-alves@service-C053-person-9cf6aaca0bc9/MDB,CV5-038,2018,2022-03-31,2022-05-11,PP;PRB;PSD
affiliation-C053-alberto-alves@service-C053-person-9cf6aaca0bc9/MDB,CV5-039,2018,2022-05-11,2022-12-30,DEM;PP;PRB;PSD;PSL
affiliation-C053-alberto-alves@service-C053-person-9cf6aaca0bc9/MDB,CV5-040,2018,2022-12-30,2023-01-01,DEM;NOVO;PRB;PSD;PSL
affiliation-C053-alberto-alves@service-C053-person-9cf6aaca0bc9/MDB,CV5-041,2022,2023-01-01,2023-09-13,MDB;PCdoB;PDT;PSB;PSD;PSOL;PT;REDE;UNIÃO
affiliation-C053-alberto-alves@service-C053-person-9cf6aaca0bc9/MDB,CV5-042,2022,2023-09-13,2023-12-04,MDB;PCdoB;PDT;PP;PSB;PSD;PSOL;PT;REDE;REPUBLICANOS;UNIÃO
affiliation-C053-alberto-alves@service-C053-person-9cf6aaca0bc9/MDB,CV5-043,2022,2023-12-04,2023-12-06,MDB;PCdoB;PDT;PP;PSB;PSD;PSDB;PSOL;PT;REDE;REPUBLICANOS;UNIÃO
affiliation-C053-alberto-alves@service-C053-person-9cf6aaca0bc9/MDB,CV5-044,2022,2023-12-06,2024-12-03,MDB;PCdoB;PDT;PP;PSB;PSD;PSOL;PT;REDE;REPUBLICANOS;UNIÃO
affiliation-C053-alberto-alves@service-C053-person-9cf6aaca0bc9/MDB,CV5-045,2022,2024-12-03,2024-12-06,MDB;PCdoB;PDT;PP;PSB;PSD;PSDB;PSOL;PT;REDE;REPUBLICANOS;UNIÃO
affiliation-C053-alberto-alves@service-C053-person-9cf6aaca0bc9/MDB,CV5-046,2022,2024-12-06,2025-10-08,MDB;PCdoB;PDT;PP;PSB;PSD;PSOL;PT;REDE;REPUBLICANOS;UNIÃO
affiliation-C053-alberto-alves@service-C053-person-9cf6aaca0bc9/MDB,CV5-047,2022,2025-10-08,2025-10-09,MDB;PCdoB;PDT;PP;PSB;PSD;PSDB;PSOL;PT;REDE;REPUBLICANOS
affiliation-C053-alberto-alves@service-C053-person-9cf6aaca0bc9/MDB,CV5-048,2022,2025-10-09,2025-11-13,MDB;PCdoB;PDT;PP;PSB;PSD;PSOL;PT;REDE;REPUBLICANOS;UNIÃO
affiliation-C053-alberto-alves@service-C053-person-9cf6aaca0bc9/MDB,CV5-049,2022,2025-11-13,2025-11-17,MDB;PCdoB;PDT;PP;PSB;PSD;PSDB;PSOL;PT;REDE;REPUBLICANOS
affiliation-C053-alberto-alves@service-C053-person-9cf6aaca0bc9/MDB,CV5-050,2022,2025-11-17,2025-12-08,MDB;PCdoB;PDT;PP;PSB;PSD;PSOL;PT;REDE;REPUBLICANOS;UNIÃO
affiliation-C053-alberto-alves@service-C053-person-9cf6aaca0bc9/MDB,CV5-051,2022,2025-12-08,2025-12-19,MDB;PCdoB;PDT;PP;PSB;PSD;PSOL;PT;REDE;REPUBLICANOS
affiliation-C053-alberto-alves@service-C053-person-9cf6aaca0bc9/MDB,CV5-052,2022,2025-12-19,2025-12-23,MDB;PCdoB;PDT;PP;PSB;PSD;PSDB;PSOL;PT;REDE;REPUBLICANOS
affiliation-C053-alberto-alves@service-C053-person-9cf6aaca0bc9/MDB,CV5-053,2022,2025-12-23,2026-03-20,MDB;PCdoB;PDT;PP;PSB;PSD;PSOL;PT;REDE;REPUBLICANOS
affiliation-C074-carlos-henrique-sobral-2023@service-C073-vacancy-0/UNAFFILIATED,CV5-001,2014,2015-01-01,2015-03-19,PCdoB;PDT;PMDB;PP;PR;PRB;PROS;PSD;PT;PTB
affiliation-C074-carlos-henrique-sobral-2023@service-C073-vacancy-0/UNAFFILIATED,CV5-002,2014,2015-03-19,2016-03-18,PCdoB;PDT;PMDB;PP;PR;PRB;PSD;PT;PTB
affiliation-C074-carlos-henrique-sobral-2023@service-C073-vacancy-0/UNAFFILIATED,CV5-003,2014,2016-03-18,2016-03-31,PCdoB;PDT;PMDB;PP;PR;PROS;PSD;PT;PTB
affiliation-C074-carlos-henrique-sobral-2023@service-C073-vacancy-0/UNAFFILIATED,CV5-004,2014,2016-03-31,2016-04-14,PCdoB;PDT;PMDB;PP;PR;PSD;PT;PTB
affiliation-C074-carlos-henrique-sobral-2023@service-C073-vacancy-0/UNAFFILIATED,CV5-005,2014,2016-04-14,2016-04-19,PCdoB;PDT;PMDB;PR;PSD;PT;PTB
affiliation-C074-carlos-henrique-sobral-2023@service-C073-vacancy-0/UNAFFILIATED,CV5-006,2014,2016-04-19,2016-05-12,PCdoB;PDT;PMDB;PR;PT;PTB
affiliation-C074-carlos-henrique-sobral-2023@service-C073-vacancy-0/UNAFFILIATED,CV5-007,2014,2016-05-12,2016-10-10,DEM;PMDB;PP;PPS;PR;PRB;PSB;PSD;PSDB;PTB;PV
affiliation-C074-carlos-henrique-sobral-2023@service-C073-vacancy-0/UNAFFILIATED,CV5-008,2014,2016-10-10,2016-10-11,DEM;PMDB;PP;PPS;PR;PRB;PSD;PSDB;PTB;PV
affiliation-C074-carlos-henrique-sobral-2023@service-C073-vacancy-0/UNAFFILIATED,CV5-009,2014,2016-10-11,2016-10-25,DEM;PMDB;PP;PPS;PR;PRB;PSB;PSD;PSDB;PTB;PV
affiliation-C074-carlos-henrique-sobral-2023@service-C073-vacancy-0/UNAFFILIATED,CV5-010,2014,2016-10-25,2016-10-26,DEM;PMDB;PP;PPS;PR;PRB;PSD;PSDB;PTB;PV
affiliation-C074-carlos-henrique-sobral-2023@service-C073-vacancy-0/UNAFFILIATED,CV5-011,2014,2016-10-26,2017-04-26,DEM;PMDB;PP;PPS;PR;PRB;PSB;PSD;PSDB;PTB;PV
affiliation-C074-carlos-henrique-sobral-2023@service-C073-vacancy-0/UNAFFILIATED,CV5-012,2014,2017-04-26,2017-04-27,DEM;PMDB;PP;PPS;PR;PRB;PSD;PSDB;PTB;PV
affiliation-C074-carlos-henrique-sobral-2023@service-C073-vacancy-0/UNAFFILIATED,CV5-013,2014,2017-04-27,2017-08-02,DEM;PMDB;PP;PPS;PR;PRB;PSB;PSD;PSDB;PTB;PV
affiliation-C074-carlos-henrique-sobral-2023@service-C073-vacancy-0/UNAFFILIATED,CV5-014,2014,2017-08-02,2017-08-03,DEM;PMDB;PP;PPS;PR;PRB;PSD;PSDB;PTB;PV
affiliation-C074-carlos-henrique-sobral-2023@service-C073-vacancy-0/UNAFFILIATED,CV5-015,2014,2017-08-03,2017-10-18,DEM;PMDB;PP;PPS;PR;PRB;PSB;PSD;PSDB;PTB;PV
affiliation-C074-carlos-henrique-sobral-2023@service-C073-vacancy-0/UNAFFILIATED,CV5-016,2014,2017-10-18,2018-03-21,DEM;PMDB;PP;PPS;PR;PRB;PSD;PSDB;PTB;PV
affiliation-C074-carlos-henrique-sobral-2023@service-C073-vacancy-0/UNAFFILIATED,CV5-017,2014,2018-03-21,2018-04-02,DEM;PMDB;PP;PR;PRB;PSD;PSDB;PTB;PV
affiliation-C074-carlos-henrique-sobral-2023@service-C073-vacancy-0/UNAFFILIATED,CV5-018,2014,2018-04-02,2018-04-06,DEM;PMDB;PP;PRB;PSD;PSDB;PTB;PV
affiliation-C074-carlos-henrique-sobral-2023@service-C073-vacancy-0/UNAFFILIATED,CV5-019,2014,2018-04-06,2018-07-05,PMDB;PP;PRB;PSD;PSDB;PTB;PV
affiliation-C074-carlos-henrique-sobral-2023@service-C073-vacancy-0/UNAFFILIATED,CV5-020,2014,2018-07-05,2019-01-01,PMDB;PP;PRB;PSD;PSDB;PV
affiliation-C074-carlos-henrique-sobral-2023@service-C073-vacancy-0/UNAFFILIATED,CV5-021,2018,2019-01-01,2020-02-11,DEM;MDB;NOVO;PP;PSL
affiliation-C074-carlos-henrique-sobral-2023@service-C073-vacancy-0/UNAFFILIATED,CV5-022,2018,2020-02-11,2020-02-18,DEM;MDB;NOVO;PP;PSDB;PSL
affiliation-C074-carlos-henrique-sobral-2023@service-C073-vacancy-0/UNAFFILIATED,CV5-023,2018,2020-02-18,2020-04-16,DEM;NOVO;PP;PSDB;PSL
affiliation-C074-carlos-henrique-sobral-2023@service-C073-vacancy-0/UNAFFILIATED,CV5-024,2018,2020-04-16,2020-04-17,DEM;MDB;NOVO;PP;PSDB;PSL
affiliation-C074-carlos-henrique-sobral-2023@service-C073-vacancy-0/UNAFFILIATED,CV5-025,2018,2020-04-17,2020-05-07,DEM;NOVO;PP;PSDB;PSL
affiliation-C074-carlos-henrique-sobral-2023@service-C073-vacancy-0/UNAFFILIATED,CV5-026,2018,2020-05-07,2020-06-17,DEM;PP;PSDB;PSL
affiliation-C074-carlos-henrique-sobral-2023@service-C073-vacancy-0/UNAFFILIATED,CV5-027,2018,2020-06-17,2020-06-18,DEM;PP;PSD;PSDB;PSL
affiliation-C074-carlos-henrique-sobral-2023@service-C073-vacancy-0/UNAFFILIATED,CV5-028,2018,2020-06-18,2020-09-19,DEM;PP;PSD;PSL
affiliation-C074-carlos-henrique-sobral-2023@service-C073-vacancy-0/UNAFFILIATED,CV5-029,2018,2020-09-19,2020-12-09,DEM;PSD;PSL
affiliation-C074-carlos-henrique-sobral-2023@service-C073-vacancy-0/UNAFFILIATED,CV5-030,2018,2020-12-09,2021-02-12,DEM;PSC;PSD;PSL
affiliation-C074-carlos-henrique-sobral-2023@service-C073-vacancy-0/UNAFFILIATED,CV5-031,2018,2021-02-12,2021-03-31,DEM;PRB;PSC;PSD;PSL
affiliation-C074-carlos-henrique-sobral-2023@service-C073-vacancy-0/UNAFFILIATED,CV5-032,2018,2021-03-31,2021-07-28,DEM;PR;PRB;PSC;PSD;PSL
affiliation-C074-carlos-henrique-sobral-2023@service-C073-vacancy-0/UNAFFILIATED,CV5-033,2018,2021-07-28,2022-03-24,DEM;PP;PR;PRB;PSC;PSD;PSL
affiliation-C074-carlos-henrique-sobral-2023@service-C073-vacancy-0/UNAFFILIATED,CV5-034,2018,2022-03-24,2022-03-27,DEM;PP;PR;PRB;PSC;PSL
affiliation-C074-carlos-henrique-sobral-2023@service-C073-vacancy-0/UNAFFILIATED,CV5-035,2018,2022-03-27,2022-03-28,PP;PR;PSC
affiliation-C074-carlos-henrique-sobral-2023@service-C073-vacancy-0/UNAFFILIATED,CV5-036,2018,2022-03-28,2022-03-30,PP;PR;PRB;PSC
affiliation-C074-carlos-henrique-sobral-2023@service-C073-vacancy-0/UNAFFILIATED,CV5-037,2018,2022-03-30,2022-03-31,PP;PR;PRB
affiliation-C074-carlos-henrique-sobral-2023@service-C073-vacancy-0/UNAFFILIATED,CV5-038,2018,2022-03-31,2022-05-11,PP;PRB;PSD
affiliation-C074-carlos-henrique-sobral-2023@service-C073-vacancy-0/UNAFFILIATED,CV5-039,2018,2022-05-11,2022-12-30,DEM;PP;PRB;PSD;PSL
affiliation-C074-carlos-henrique-sobral-2023@service-C073-vacancy-0/UNAFFILIATED,CV5-040,2018,2022-12-30,2023-01-01,DEM;NOVO;PRB;PSD;PSL
affiliation-C074-carlos-henrique-sobral-2023@service-C073-vacancy-0/UNAFFILIATED,CV5-041,2022,2023-01-01,2023-09-13,MDB;PCdoB;PDT;PSB;PSD;PSOL;PT;REDE;UNIÃO
affiliation-C074-carlos-henrique-sobral-2023@service-C073-vacancy-0/UNAFFILIATED,CV5-042,2022,2023-09-13,2023-12-04,MDB;PCdoB;PDT;PP;PSB;PSD;PSOL;PT;REDE;REPUBLICANOS;UNIÃO
affiliation-C074-carlos-henrique-sobral-2023@service-C073-vacancy-0/UNAFFILIATED,CV5-043,2022,2023-12-04,2023-12-06,MDB;PCdoB;PDT;PP;PSB;PSD;PSDB;PSOL;PT;REDE;REPUBLICANOS;UNIÃO
affiliation-C074-carlos-henrique-sobral-2023@service-C073-vacancy-0/UNAFFILIATED,CV5-044,2022,2023-12-06,2024-12-03,MDB;PCdoB;PDT;PP;PSB;PSD;PSOL;PT;REDE;REPUBLICANOS;UNIÃO
affiliation-C074-carlos-henrique-sobral-2023@service-C073-vacancy-0/UNAFFILIATED,CV5-045,2022,2024-12-03,2024-12-06,MDB;PCdoB;PDT;PP;PSB;PSD;PSDB;PSOL;PT;REDE;REPUBLICANOS;UNIÃO
affiliation-C074-carlos-henrique-sobral-2023@service-C073-vacancy-0/UNAFFILIATED,CV5-046,2022,2024-12-06,2025-10-08,MDB;PCdoB;PDT;PP;PSB;PSD;PSOL;PT;REDE;REPUBLICANOS;UNIÃO
affiliation-C074-carlos-henrique-sobral-2023@service-C073-vacancy-0/UNAFFILIATED,CV5-047,2022,2025-10-08,2025-10-09,MDB;PCdoB;PDT;PP;PSB;PSD;PSDB;PSOL;PT;REDE;REPUBLICANOS
affiliation-C074-carlos-henrique-sobral-2023@service-C073-vacancy-0/UNAFFILIATED,CV5-048,2022,2025-10-09,2025-11-13,MDB;PCdoB;PDT;PP;PSB;PSD;PSOL;PT;REDE;REPUBLICANOS;UNIÃO
affiliation-C074-carlos-henrique-sobral-2023@service-C073-vacancy-0/UNAFFILIATED,CV5-049,2022,2025-11-13,2025-11-17,MDB;PCdoB;PDT;PP;PSB;PSD;PSDB;PSOL;PT;REDE;REPUBLICANOS
affiliation-C074-carlos-henrique-sobral-2023@service-C073-vacancy-0/UNAFFILIATED,CV5-050,2022,2025-11-17,2025-12-08,MDB;PCdoB;PDT;PP;PSB;PSD;PSOL;PT;REDE;REPUBLICANOS;UNIÃO
affiliation-C074-carlos-henrique-sobral-2023@service-C073-vacancy-0/UNAFFILIATED,CV5-051,2022,2025-12-08,2025-12-19,MDB;PCdoB;PDT;PP;PSB;PSD;PSOL;PT;REDE;REPUBLICANOS
affiliation-C074-carlos-henrique-sobral-2023@service-C073-vacancy-0/UNAFFILIATED,CV5-052,2022,2025-12-19,2025-12-23,MDB;PCdoB;PDT;PP;PSB;PSD;PSDB;PSOL;PT;REDE;REPUBLICANOS
affiliation-C074-carlos-henrique-sobral-2023@service-C073-vacancy-0/UNAFFILIATED,CV5-053,2022,2025-12-23,2026-03-20,MDB;PCdoB;PDT;PP;PSB;PSD;PSOL;PT;REDE;REPUBLICANOS
affiliation-C074-carlos-henrique-sobral-2023@service-C073-vacancy-3/UNAFFILIATED,CV5-001,2014,2015-01-01,2015-03-19,PCdoB;PDT;PMDB;PP;PR;PRB;PROS;PSD;PT;PTB
affiliation-C074-carlos-henrique-sobral-2023@service-C073-vacancy-3/UNAFFILIATED,CV5-002,2014,2015-03-19,2016-03-18,PCdoB;PDT;PMDB;PP;PR;PRB;PSD;PT;PTB
affiliation-C074-carlos-henrique-sobral-2023@service-C073-vacancy-3/UNAFFILIATED,CV5-003,2014,2016-03-18,2016-03-31,PCdoB;PDT;PMDB;PP;PR;PROS;PSD;PT;PTB
affiliation-C074-carlos-henrique-sobral-2023@service-C073-vacancy-3/UNAFFILIATED,CV5-004,2014,2016-03-31,2016-04-14,PCdoB;PDT;PMDB;PP;PR;PSD;PT;PTB
affiliation-C074-carlos-henrique-sobral-2023@service-C073-vacancy-3/UNAFFILIATED,CV5-005,2014,2016-04-14,2016-04-19,PCdoB;PDT;PMDB;PR;PSD;PT;PTB
affiliation-C074-carlos-henrique-sobral-2023@service-C073-vacancy-3/UNAFFILIATED,CV5-006,2014,2016-04-19,2016-05-12,PCdoB;PDT;PMDB;PR;PT;PTB
affiliation-C074-carlos-henrique-sobral-2023@service-C073-vacancy-3/UNAFFILIATED,CV5-007,2014,2016-05-12,2016-10-10,DEM;PMDB;PP;PPS;PR;PRB;PSB;PSD;PSDB;PTB;PV
affiliation-C074-carlos-henrique-sobral-2023@service-C073-vacancy-3/UNAFFILIATED,CV5-008,2014,2016-10-10,2016-10-11,DEM;PMDB;PP;PPS;PR;PRB;PSD;PSDB;PTB;PV
affiliation-C074-carlos-henrique-sobral-2023@service-C073-vacancy-3/UNAFFILIATED,CV5-009,2014,2016-10-11,2016-10-25,DEM;PMDB;PP;PPS;PR;PRB;PSB;PSD;PSDB;PTB;PV
affiliation-C074-carlos-henrique-sobral-2023@service-C073-vacancy-3/UNAFFILIATED,CV5-010,2014,2016-10-25,2016-10-26,DEM;PMDB;PP;PPS;PR;PRB;PSD;PSDB;PTB;PV
affiliation-C074-carlos-henrique-sobral-2023@service-C073-vacancy-3/UNAFFILIATED,CV5-011,2014,2016-10-26,2017-04-26,DEM;PMDB;PP;PPS;PR;PRB;PSB;PSD;PSDB;PTB;PV
affiliation-C074-carlos-henrique-sobral-2023@service-C073-vacancy-3/UNAFFILIATED,CV5-012,2014,2017-04-26,2017-04-27,DEM;PMDB;PP;PPS;PR;PRB;PSD;PSDB;PTB;PV
affiliation-C074-carlos-henrique-sobral-2023@service-C073-vacancy-3/UNAFFILIATED,CV5-013,2014,2017-04-27,2017-08-02,DEM;PMDB;PP;PPS;PR;PRB;PSB;PSD;PSDB;PTB;PV
affiliation-C074-carlos-henrique-sobral-2023@service-C073-vacancy-3/UNAFFILIATED,CV5-014,2014,2017-08-02,2017-08-03,DEM;PMDB;PP;PPS;PR;PRB;PSD;PSDB;PTB;PV
affiliation-C074-carlos-henrique-sobral-2023@service-C073-vacancy-3/UNAFFILIATED,CV5-015,2014,2017-08-03,2017-10-18,DEM;PMDB;PP;PPS;PR;PRB;PSB;PSD;PSDB;PTB;PV
affiliation-C074-carlos-henrique-sobral-2023@service-C073-vacancy-3/UNAFFILIATED,CV5-016,2014,2017-10-18,2018-03-21,DEM;PMDB;PP;PPS;PR;PRB;PSD;PSDB;PTB;PV
affiliation-C074-carlos-henrique-sobral-2023@service-C073-vacancy-3/UNAFFILIATED,CV5-017,2014,2018-03-21,2018-04-02,DEM;PMDB;PP;PR;PRB;PSD;PSDB;PTB;PV
affiliation-C074-carlos-henrique-sobral-2023@service-C073-vacancy-3/UNAFFILIATED,CV5-018,2014,2018-04-02,2018-04-06,DEM;PMDB;PP;PRB;PSD;PSDB;PTB;PV
affiliation-C074-carlos-henrique-sobral-2023@service-C073-vacancy-3/UNAFFILIATED,CV5-019,2014,2018-04-06,2018-07-05,PMDB;PP;PRB;PSD;PSDB;PTB;PV
affiliation-C074-carlos-henrique-sobral-2023@service-C073-vacancy-3/UNAFFILIATED,CV5-020,2014,2018-07-05,2019-01-01,PMDB;PP;PRB;PSD;PSDB;PV
affiliation-C074-carlos-henrique-sobral-2023@service-C073-vacancy-3/UNAFFILIATED,CV5-021,2018,2019-01-01,2020-02-11,DEM;MDB;NOVO;PP;PSL
affiliation-C074-carlos-henrique-sobral-2023@service-C073-vacancy-3/UNAFFILIATED,CV5-022,2018,2020-02-11,2020-02-18,DEM;MDB;NOVO;PP;PSDB;PSL
affiliation-C074-carlos-henrique-sobral-2023@service-C073-vacancy-3/UNAFFILIATED,CV5-023,2018,2020-02-18,2020-04-16,DEM;NOVO;PP;PSDB;PSL
affiliation-C074-carlos-henrique-sobral-2023@service-C073-vacancy-3/UNAFFILIATED,CV5-024,2018,2020-04-16,2020-04-17,DEM;MDB;NOVO;PP;PSDB;PSL
affiliation-C074-carlos-henrique-sobral-2023@service-C073-vacancy-3/UNAFFILIATED,CV5-025,2018,2020-04-17,2020-05-07,DEM;NOVO;PP;PSDB;PSL
affiliation-C074-carlos-henrique-sobral-2023@service-C073-vacancy-3/UNAFFILIATED,CV5-026,2018,2020-05-07,2020-06-17,DEM;PP;PSDB;PSL
affiliation-C074-carlos-henrique-sobral-2023@service-C073-vacancy-3/UNAFFILIATED,CV5-027,2018,2020-06-17,2020-06-18,DEM;PP;PSD;PSDB;PSL
affiliation-C074-carlos-henrique-sobral-2023@service-C073-vacancy-3/UNAFFILIATED,CV5-028,2018,2020-06-18,2020-09-19,DEM;PP;PSD;PSL
affiliation-C074-carlos-henrique-sobral-2023@service-C073-vacancy-3/UNAFFILIATED,CV5-029,2018,2020-09-19,2020-12-09,DEM;PSD;PSL
affiliation-C074-carlos-henrique-sobral-2023@service-C073-vacancy-3/UNAFFILIATED,CV5-030,2018,2020-12-09,2021-02-12,DEM;PSC;PSD;PSL
affiliation-C074-carlos-henrique-sobral-2023@service-C073-vacancy-3/UNAFFILIATED,CV5-031,2018,2021-02-12,2021-03-31,DEM;PRB;PSC;PSD;PSL
affiliation-C074-carlos-henrique-sobral-2023@service-C073-vacancy-3/UNAFFILIATED,CV5-032,2018,2021-03-31,2021-07-28,DEM;PR;PRB;PSC;PSD;PSL
affiliation-C074-carlos-henrique-sobral-2023@service-C073-vacancy-3/UNAFFILIATED,CV5-033,2018,2021-07-28,2022-03-24,DEM;PP;PR;PRB;PSC;PSD;PSL
affiliation-C074-carlos-henrique-sobral-2023@service-C073-vacancy-3/UNAFFILIATED,CV5-034,2018,2022-03-24,2022-03-27,DEM;PP;PR;PRB;PSC;PSL
affiliation-C074-carlos-henrique-sobral-2023@service-C073-vacancy-3/UNAFFILIATED,CV5-035,2018,2022-03-27,2022-03-28,PP;PR;PSC
affiliation-C074-carlos-henrique-sobral-2023@service-C073-vacancy-3/UNAFFILIATED,CV5-036,2018,2022-03-28,2022-03-30,PP;PR;PRB;PSC
affiliation-C074-carlos-henrique-sobral-2023@service-C073-vacancy-3/UNAFFILIATED,CV5-037,2018,2022-03-30,2022-03-31,PP;PR;PRB
affiliation-C074-carlos-henrique-sobral-2023@service-C073-vacancy-3/UNAFFILIATED,CV5-038,2018,2022-03-31,2022-05-11,PP;PRB;PSD
affiliation-C074-carlos-henrique-sobral-2023@service-C073-vacancy-3/UNAFFILIATED,CV5-039,2018,2022-05-11,2022-12-30,DEM;PP;PRB;PSD;PSL
affiliation-C074-carlos-henrique-sobral-2023@service-C073-vacancy-3/UNAFFILIATED,CV5-040,2018,2022-12-30,2023-01-01,DEM;NOVO;PRB;PSD;PSL
affiliation-C074-carlos-henrique-sobral-2023@service-C073-vacancy-3/UNAFFILIATED,CV5-041,2022,2023-01-01,2023-09-13,MDB;PCdoB;PDT;PSB;PSD;PSOL;PT;REDE;UNIÃO
affiliation-C074-carlos-henrique-sobral-2023@service-C073-vacancy-3/UNAFFILIATED,CV5-042,2022,2023-09-13,2023-12-04,MDB;PCdoB;PDT;PP;PSB;PSD;PSOL;PT;REDE;REPUBLICANOS;UNIÃO
affiliation-C074-carlos-henrique-sobral-2023@service-C073-vacancy-3/UNAFFILIATED,CV5-043,2022,2023-12-04,2023-12-06,MDB;PCdoB;PDT;PP;PSB;PSD;PSDB;PSOL;PT;REDE;REPUBLICANOS;UNIÃO
affiliation-C074-carlos-henrique-sobral-2023@service-C073-vacancy-3/UNAFFILIATED,CV5-044,2022,2023-12-06,2024-12-03,MDB;PCdoB;PDT;PP;PSB;PSD;PSOL;PT;REDE;REPUBLICANOS;UNIÃO
affiliation-C074-carlos-henrique-sobral-2023@service-C073-vacancy-3/UNAFFILIATED,CV5-045,2022,2024-12-03,2024-12-06,MDB;PCdoB;PDT;PP;PSB;PSD;PSDB;PSOL;PT;REDE;REPUBLICANOS;UNIÃO
affiliation-C074-carlos-henrique-sobral-2023@service-C073-vacancy-3/UNAFFILIATED,CV5-046,2022,2024-12-06,2025-10-08,MDB;PCdoB;PDT;PP;PSB;PSD;PSOL;PT;REDE;REPUBLICANOS;UNIÃO
affiliation-C074-carlos-henrique-sobral-2023@service-C073-vacancy-3/UNAFFILIATED,CV5-047,2022,2025-10-08,2025-10-09,MDB;PCdoB;PDT;PP;PSB;PSD;PSDB;PSOL;PT;REDE;REPUBLICANOS
affiliation-C074-carlos-henrique-sobral-2023@service-C073-vacancy-3/UNAFFILIATED,CV5-048,2022,2025-10-09,2025-11-13,MDB;PCdoB;PDT;PP;PSB;PSD;PSOL;PT;REDE;REPUBLICANOS;UNIÃO
affiliation-C074-carlos-henrique-sobral-2023@service-C073-vacancy-3/UNAFFILIATED,CV5-049,2022,2025-11-13,2025-11-17,MDB;PCdoB;PDT;PP;PSB;PSD;PSDB;PSOL;PT;REDE;REPUBLICANOS
affiliation-C074-carlos-henrique-sobral-2023@service-C073-vacancy-3/UNAFFILIATED,CV5-050,2022,2025-11-17,2025-12-08,MDB;PCdoB;PDT;PP;PSB;PSD;PSOL;PT;REDE;REPUBLICANOS;UNIÃO
affiliation-C074-carlos-henrique-sobral-2023@service-C073-vacancy-3/UNAFFILIATED,CV5-051,2022,2025-12-08,2025-12-19,MDB;PCdoB;PDT;PP;PSB;PSD;PSOL;PT;REDE;REPUBLICANOS
affiliation-C074-carlos-henrique-sobral-2023@service-C073-vacancy-3/UNAFFILIATED,CV5-052,2022,2025-12-19,2025-12-23,MDB;PCdoB;PDT;PP;PSB;PSD;PSDB;PSOL;PT;REDE;REPUBLICANOS
affiliation-C074-carlos-henrique-sobral-2023@service-C073-vacancy-3/UNAFFILIATED,CV5-053,2022,2025-12-23,2026-03-20,MDB;PCdoB;PDT;PP;PSB;PSD;PSOL;PT;REDE;REPUBLICANOS
affiliation-b5e73dd9d2f3@service-dilma_rousseff-1-32/UNAFFILIATED,CV5-001,2014,2015-01-01,2015-03-19,PCdoB;PDT;PMDB;PP;PR;PRB;PROS;PSD;PT;PTB
affiliation-b5e73dd9d2f3@service-dilma_rousseff-1-32/UNAFFILIATED,CV5-002,2014,2015-03-19,2016-03-18,PCdoB;PDT;PMDB;PP;PR;PRB;PSD;PT;PTB
affiliation-b5e73dd9d2f3@service-dilma_rousseff-1-32/UNAFFILIATED,CV5-003,2014,2016-03-18,2016-03-31,PCdoB;PDT;PMDB;PP;PR;PROS;PSD;PT;PTB
affiliation-b5e73dd9d2f3@service-dilma_rousseff-1-32/UNAFFILIATED,CV5-004,2014,2016-03-31,2016-04-14,PCdoB;PDT;PMDB;PP;PR;PSD;PT;PTB
affiliation-b5e73dd9d2f3@service-dilma_rousseff-1-32/UNAFFILIATED,CV5-005,2014,2016-04-14,2016-04-19,PCdoB;PDT;PMDB;PR;PSD;PT;PTB
affiliation-b5e73dd9d2f3@service-dilma_rousseff-1-32/UNAFFILIATED,CV5-006,2014,2016-04-19,2016-05-12,PCdoB;PDT;PMDB;PR;PT;PTB
affiliation-b5e73dd9d2f3@service-dilma_rousseff-1-32/UNAFFILIATED,CV5-007,2014,2016-05-12,2016-10-10,DEM;PMDB;PP;PPS;PR;PRB;PSB;PSD;PSDB;PTB;PV
affiliation-b5e73dd9d2f3@service-dilma_rousseff-1-32/UNAFFILIATED,CV5-008,2014,2016-10-10,2016-10-11,DEM;PMDB;PP;PPS;PR;PRB;PSD;PSDB;PTB;PV
affiliation-b5e73dd9d2f3@service-dilma_rousseff-1-32/UNAFFILIATED,CV5-009,2014,2016-10-11,2016-10-25,DEM;PMDB;PP;PPS;PR;PRB;PSB;PSD;PSDB;PTB;PV
affiliation-b5e73dd9d2f3@service-dilma_rousseff-1-32/UNAFFILIATED,CV5-010,2014,2016-10-25,2016-10-26,DEM;PMDB;PP;PPS;PR;PRB;PSD;PSDB;PTB;PV
affiliation-b5e73dd9d2f3@service-dilma_rousseff-1-32/UNAFFILIATED,CV5-011,2014,2016-10-26,2017-04-26,DEM;PMDB;PP;PPS;PR;PRB;PSB;PSD;PSDB;PTB;PV
affiliation-b5e73dd9d2f3@service-dilma_rousseff-1-32/UNAFFILIATED,CV5-012,2014,2017-04-26,2017-04-27,DEM;PMDB;PP;PPS;PR;PRB;PSD;PSDB;PTB;PV
affiliation-b5e73dd9d2f3@service-dilma_rousseff-1-32/UNAFFILIATED,CV5-013,2014,2017-04-27,2017-08-02,DEM;PMDB;PP;PPS;PR;PRB;PSB;PSD;PSDB;PTB;PV
affiliation-b5e73dd9d2f3@service-dilma_rousseff-1-32/UNAFFILIATED,CV5-014,2014,2017-08-02,2017-08-03,DEM;PMDB;PP;PPS;PR;PRB;PSD;PSDB;PTB;PV
affiliation-b5e73dd9d2f3@service-dilma_rousseff-1-32/UNAFFILIATED,CV5-015,2014,2017-08-03,2017-10-18,DEM;PMDB;PP;PPS;PR;PRB;PSB;PSD;PSDB;PTB;PV
affiliation-b5e73dd9d2f3@service-dilma_rousseff-1-32/UNAFFILIATED,CV5-016,2014,2017-10-18,2018-03-21,DEM;PMDB;PP;PPS;PR;PRB;PSD;PSDB;PTB;PV
affiliation-b5e73dd9d2f3@service-dilma_rousseff-1-32/UNAFFILIATED,CV5-017,2014,2018-03-21,2018-04-02,DEM;PMDB;PP;PR;PRB;PSD;PSDB;PTB;PV
affiliation-b5e73dd9d2f3@service-dilma_rousseff-1-32/UNAFFILIATED,CV5-018,2014,2018-04-02,2018-04-06,DEM;PMDB;PP;PRB;PSD;PSDB;PTB;PV
affiliation-b5e73dd9d2f3@service-dilma_rousseff-1-32/UNAFFILIATED,CV5-019,2014,2018-04-06,2018-07-05,PMDB;PP;PRB;PSD;PSDB;PTB;PV
affiliation-b5e73dd9d2f3@service-dilma_rousseff-1-32/UNAFFILIATED,CV5-020,2014,2018-07-05,2019-01-01,PMDB;PP;PRB;PSD;PSDB;PV
affiliation-b5e73dd9d2f3@service-dilma_rousseff-1-32/UNAFFILIATED,CV5-021,2018,2019-01-01,2020-02-11,DEM;MDB;NOVO;PP;PSL
affiliation-b5e73dd9d2f3@service-dilma_rousseff-1-32/UNAFFILIATED,CV5-022,2018,2020-02-11,2020-02-18,DEM;MDB;NOVO;PP;PSDB;PSL
affiliation-b5e73dd9d2f3@service-dilma_rousseff-1-32/UNAFFILIATED,CV5-023,2018,2020-02-18,2020-04-16,DEM;NOVO;PP;PSDB;PSL
affiliation-b5e73dd9d2f3@service-dilma_rousseff-1-32/UNAFFILIATED,CV5-024,2018,2020-04-16,2020-04-17,DEM;MDB;NOVO;PP;PSDB;PSL
affiliation-b5e73dd9d2f3@service-dilma_rousseff-1-32/UNAFFILIATED,CV5-025,2018,2020-04-17,2020-05-07,DEM;NOVO;PP;PSDB;PSL
affiliation-b5e73dd9d2f3@service-dilma_rousseff-1-32/UNAFFILIATED,CV5-026,2018,2020-05-07,2020-06-17,DEM;PP;PSDB;PSL
affiliation-b5e73dd9d2f3@service-dilma_rousseff-1-32/UNAFFILIATED,CV5-027,2018,2020-06-17,2020-06-18,DEM;PP;PSD;PSDB;PSL
affiliation-b5e73dd9d2f3@service-dilma_rousseff-1-32/UNAFFILIATED,CV5-028,2018,2020-06-18,2020-09-19,DEM;PP;PSD;PSL
affiliation-b5e73dd9d2f3@service-dilma_rousseff-1-32/UNAFFILIATED,CV5-029,2018,2020-09-19,2020-12-09,DEM;PSD;PSL
affiliation-b5e73dd9d2f3@service-dilma_rousseff-1-32/UNAFFILIATED,CV5-030,2018,2020-12-09,2021-02-12,DEM;PSC;PSD;PSL
affiliation-b5e73dd9d2f3@service-dilma_rousseff-1-32/UNAFFILIATED,CV5-031,2018,2021-02-12,2021-03-31,DEM;PRB;PSC;PSD;PSL
affiliation-b5e73dd9d2f3@service-dilma_rousseff-1-32/UNAFFILIATED,CV5-032,2018,2021-03-31,2021-07-28,DEM;PR;PRB;PSC;PSD;PSL
affiliation-b5e73dd9d2f3@service-dilma_rousseff-1-32/UNAFFILIATED,CV5-033,2018,2021-07-28,2022-03-24,DEM;PP;PR;PRB;PSC;PSD;PSL
affiliation-b5e73dd9d2f3@service-dilma_rousseff-1-32/UNAFFILIATED,CV5-034,2018,2022-03-24,2022-03-27,DEM;PP;PR;PRB;PSC;PSL
affiliation-b5e73dd9d2f3@service-dilma_rousseff-1-32/UNAFFILIATED,CV5-035,2018,2022-03-27,2022-03-28,PP;PR;PSC
affiliation-b5e73dd9d2f3@service-dilma_rousseff-1-32/UNAFFILIATED,CV5-036,2018,2022-03-28,2022-03-30,PP;PR;PRB;PSC
affiliation-b5e73dd9d2f3@service-dilma_rousseff-1-32/UNAFFILIATED,CV5-037,2018,2022-03-30,2022-03-31,PP;PR;PRB
affiliation-b5e73dd9d2f3@service-dilma_rousseff-1-32/UNAFFILIATED,CV5-038,2018,2022-03-31,2022-05-11,PP;PRB;PSD
affiliation-b5e73dd9d2f3@service-dilma_rousseff-1-32/UNAFFILIATED,CV5-039,2018,2022-05-11,2022-12-30,DEM;PP;PRB;PSD;PSL
affiliation-b5e73dd9d2f3@service-dilma_rousseff-1-32/UNAFFILIATED,CV5-040,2018,2022-12-30,2023-01-01,DEM;NOVO;PRB;PSD;PSL
affiliation-b5e73dd9d2f3@service-dilma_rousseff-1-32/UNAFFILIATED,CV5-041,2022,2023-01-01,2023-09-13,MDB;PCdoB;PDT;PSB;PSD;PSOL;PT;REDE;UNIÃO
affiliation-b5e73dd9d2f3@service-dilma_rousseff-1-32/UNAFFILIATED,CV5-042,2022,2023-09-13,2023-12-04,MDB;PCdoB;PDT;PP;PSB;PSD;PSOL;PT;REDE;REPUBLICANOS;UNIÃO
affiliation-b5e73dd9d2f3@service-dilma_rousseff-1-32/UNAFFILIATED,CV5-043,2022,2023-12-04,2023-12-06,MDB;PCdoB;PDT;PP;PSB;PSD;PSDB;PSOL;PT;REDE;REPUBLICANOS;UNIÃO
affiliation-b5e73dd9d2f3@service-dilma_rousseff-1-32/UNAFFILIATED,CV5-044,2022,2023-12-06,2024-12-03,MDB;PCdoB;PDT;PP;PSB;PSD;PSOL;PT;REDE;REPUBLICANOS;UNIÃO
affiliation-b5e73dd9d2f3@service-dilma_rousseff-1-32/UNAFFILIATED,CV5-045,2022,2024-12-03,2024-12-06,MDB;PCdoB;PDT;PP;PSB;PSD;PSDB;PSOL;PT;REDE;REPUBLICANOS;UNIÃO
affiliation-b5e73dd9d2f3@service-dilma_rousseff-1-32/UNAFFILIATED,CV5-046,2022,2024-12-06,2025-10-08,MDB;PCdoB;PDT;PP;PSB;PSD;PSOL;PT;REDE;REPUBLICANOS;UNIÃO
affiliation-b5e73dd9d2f3@service-dilma_rousseff-1-32/UNAFFILIATED,CV5-047,2022,2025-10-08,2025-10-09,MDB;PCdoB;PDT;PP;PSB;PSD;PSDB;PSOL;PT;REDE;REPUBLICANOS
affiliation-b5e73dd9d2f3@service-dilma_rousseff-1-32/UNAFFILIATED,CV5-048,2022,2025-10-09,2025-11-13,MDB;PCdoB;PDT;PP;PSB;PSD;PSOL;PT;REDE;REPUBLICANOS;UNIÃO
affiliation-b5e73dd9d2f3@service-dilma_rousseff-1-32/UNAFFILIATED,CV5-049,2022,2025-11-13,2025-11-17,MDB;PCdoB;PDT;PP;PSB;PSD;PSDB;PSOL;PT;REDE;REPUBLICANOS
affiliation-b5e73dd9d2f3@service-dilma_rousseff-1-32/UNAFFILIATED,CV5-050,2022,2025-11-17,2025-12-08,MDB;PCdoB;PDT;PP;PSB;PSD;PSOL;PT;REDE;REPUBLICANOS;UNIÃO
affiliation-b5e73dd9d2f3@service-dilma_rousseff-1-32/UNAFFILIATED,CV5-051,2022,2025-12-08,2025-12-19,MDB;PCdoB;PDT;PP;PSB;PSD;PSOL;PT;REDE;REPUBLICANOS
affiliation-b5e73dd9d2f3@service-dilma_rousseff-1-32/UNAFFILIATED,CV5-052,2022,2025-12-19,2025-12-23,MDB;PCdoB;PDT;PP;PSB;PSD;PSDB;PSOL;PT;REDE;REPUBLICANOS
affiliation-b5e73dd9d2f3@service-dilma_rousseff-1-32/UNAFFILIATED,CV5-053,2022,2025-12-23,2026-03-20,MDB;PCdoB;PDT;PP;PSB;PSD;PSOL;PT;REDE;REPUBLICANOS
environment-2018-succession/2018-04-07,CV5-001,2014,2015-01-01,2015-03-19,PCdoB;PDT;PMDB;PP;PR;PRB;PROS;PSD;PT;PTB
environment-2018-succession/2018-04-07,CV5-002,2014,2015-03-19,2016-03-18,PCdoB;PDT;PMDB;PP;PR;PRB;PSD;PT;PTB
environment-2018-succession/2018-04-07,CV5-003,2014,2016-03-18,2016-03-31,PCdoB;PDT;PMDB;PP;PR;PROS;PSD;PT;PTB
environment-2018-succession/2018-04-07,CV5-004,2014,2016-03-31,2016-04-14,PCdoB;PDT;PMDB;PP;PR;PSD;PT;PTB
environment-2018-succession/2018-04-07,CV5-005,2014,2016-04-14,2016-04-19,PCdoB;PDT;PMDB;PR;PSD;PT;PTB
environment-2018-succession/2018-04-07,CV5-006,2014,2016-04-19,2016-05-12,PCdoB;PDT;PMDB;PR;PT;PTB
environment-2018-succession/2018-04-07,CV5-007,2014,2016-05-12,2016-10-10,DEM;PMDB;PP;PPS;PR;PRB;PSB;PSD;PSDB;PTB;PV
environment-2018-succession/2018-04-07,CV5-008,2014,2016-10-10,2016-10-11,DEM;PMDB;PP;PPS;PR;PRB;PSD;PSDB;PTB;PV
environment-2018-succession/2018-04-07,CV5-009,2014,2016-10-11,2016-10-25,DEM;PMDB;PP;PPS;PR;PRB;PSB;PSD;PSDB;PTB;PV
environment-2018-succession/2018-04-07,CV5-010,2014,2016-10-25,2016-10-26,DEM;PMDB;PP;PPS;PR;PRB;PSD;PSDB;PTB;PV
environment-2018-succession/2018-04-07,CV5-011,2014,2016-10-26,2017-04-26,DEM;PMDB;PP;PPS;PR;PRB;PSB;PSD;PSDB;PTB;PV
environment-2018-succession/2018-04-07,CV5-012,2014,2017-04-26,2017-04-27,DEM;PMDB;PP;PPS;PR;PRB;PSD;PSDB;PTB;PV
environment-2018-succession/2018-04-07,CV5-013,2014,2017-04-27,2017-08-02,DEM;PMDB;PP;PPS;PR;PRB;PSB;PSD;PSDB;PTB;PV
environment-2018-succession/2018-04-07,CV5-014,2014,2017-08-02,2017-08-03,DEM;PMDB;PP;PPS;PR;PRB;PSD;PSDB;PTB;PV
environment-2018-succession/2018-04-07,CV5-015,2014,2017-08-03,2017-10-18,DEM;PMDB;PP;PPS;PR;PRB;PSB;PSD;PSDB;PTB;PV
environment-2018-succession/2018-04-07,CV5-016,2014,2017-10-18,2018-03-21,DEM;PMDB;PP;PPS;PR;PRB;PSD;PSDB;PTB;PV
environment-2018-succession/2018-04-07,CV5-017,2014,2018-03-21,2018-04-02,DEM;PMDB;PP;PR;PRB;PSD;PSDB;PTB;PV
environment-2018-succession/2018-04-07,CV5-018,2014,2018-04-02,2018-04-06,DEM;PMDB;PP;PRB;PSD;PSDB;PTB;PV
environment-2018-succession/2018-04-07,CV5-019,2014,2018-04-06,2018-07-05,PMDB;PP;PRB;PSD;PSDB;PTB;PV
environment-2018-succession/2018-04-07,CV5-020,2014,2018-07-05,2019-01-01,PMDB;PP;PRB;PSD;PSDB;PV
environment-2018-succession/2018-04-07,CV5-021,2018,2019-01-01,2020-02-11,DEM;MDB;NOVO;PP;PSL
environment-2018-succession/2018-04-07,CV5-022,2018,2020-02-11,2020-02-18,DEM;MDB;NOVO;PP;PSDB;PSL
environment-2018-succession/2018-04-07,CV5-023,2018,2020-02-18,2020-04-16,DEM;NOVO;PP;PSDB;PSL
environment-2018-succession/2018-04-07,CV5-024,2018,2020-04-16,2020-04-17,DEM;MDB;NOVO;PP;PSDB;PSL
environment-2018-succession/2018-04-07,CV5-025,2018,2020-04-17,2020-05-07,DEM;NOVO;PP;PSDB;PSL
environment-2018-succession/2018-04-07,CV5-026,2018,2020-05-07,2020-06-17,DEM;PP;PSDB;PSL
environment-2018-succession/2018-04-07,CV5-027,2018,2020-06-17,2020-06-18,DEM;PP;PSD;PSDB;PSL
environment-2018-succession/2018-04-07,CV5-028,2018,2020-06-18,2020-09-19,DEM;PP;PSD;PSL
environment-2018-succession/2018-04-07,CV5-029,2018,2020-09-19,2020-12-09,DEM;PSD;PSL
environment-2018-succession/2018-04-07,CV5-030,2018,2020-12-09,2021-02-12,DEM;PSC;PSD;PSL
environment-2018-succession/2018-04-07,CV5-031,2018,2021-02-12,2021-03-31,DEM;PRB;PSC;PSD;PSL
environment-2018-succession/2018-04-07,CV5-032,2018,2021-03-31,2021-07-28,DEM;PR;PRB;PSC;PSD;PSL
environment-2018-succession/2018-04-07,CV5-033,2018,2021-07-28,2022-03-24,DEM;PP;PR;PRB;PSC;PSD;PSL
environment-2018-succession/2018-04-07,CV5-034,2018,2022-03-24,2022-03-27,DEM;PP;PR;PRB;PSC;PSL
environment-2018-succession/2018-04-07,CV5-035,2018,2022-03-27,2022-03-28,PP;PR;PSC
environment-2018-succession/2018-04-07,CV5-036,2018,2022-03-28,2022-03-30,PP;PR;PRB;PSC
environment-2018-succession/2018-04-07,CV5-037,2018,2022-03-30,2022-03-31,PP;PR;PRB
environment-2018-succession/2018-04-07,CV5-038,2018,2022-03-31,2022-05-11,PP;PRB;PSD
environment-2018-succession/2018-04-07,CV5-039,2018,2022-05-11,2022-12-30,DEM;PP;PRB;PSD;PSL
environment-2018-succession/2018-04-07,CV5-040,2018,2022-12-30,2023-01-01,DEM;NOVO;PRB;PSD;PSL
environment-2018-succession/2018-04-07,CV5-041,2022,2023-01-01,2023-09-13,MDB;PCdoB;PDT;PSB;PSD;PSOL;PT;REDE;UNIÃO
environment-2018-succession/2018-04-07,CV5-042,2022,2023-09-13,2023-12-04,MDB;PCdoB;PDT;PP;PSB;PSD;PSOL;PT;REDE;REPUBLICANOS;UNIÃO
environment-2018-succession/2018-04-07,CV5-043,2022,2023-12-04,2023-12-06,MDB;PCdoB;PDT;PP;PSB;PSD;PSDB;PSOL;PT;REDE;REPUBLICANOS;UNIÃO
environment-2018-succession/2018-04-07,CV5-044,2022,2023-12-06,2024-12-03,MDB;PCdoB;PDT;PP;PSB;PSD;PSOL;PT;REDE;REPUBLICANOS;UNIÃO
environment-2018-succession/2018-04-07,CV5-045,2022,2024-12-03,2024-12-06,MDB;PCdoB;PDT;PP;PSB;PSD;PSDB;PSOL;PT;REDE;REPUBLICANOS;UNIÃO
environment-2018-succession/2018-04-07,CV5-046,2022,2024-12-06,2025-10-08,MDB;PCdoB;PDT;PP;PSB;PSD;PSOL;PT;REDE;REPUBLICANOS;UNIÃO
environment-2018-succession/2018-04-07,CV5-047,2022,2025-10-08,2025-10-09,MDB;PCdoB;PDT;PP;PSB;PSD;PSDB;PSOL;PT;REDE;REPUBLICANOS
environment-2018-succession/2018-04-07,CV5-048,2022,2025-10-09,2025-11-13,MDB;PCdoB;PDT;PP;PSB;PSD;PSOL;PT;REDE;REPUBLICANOS;UNIÃO
environment-2018-succession/2018-04-07,CV5-049,2022,2025-11-13,2025-11-17,MDB;PCdoB;PDT;PP;PSB;PSD;PSDB;PSOL;PT;REDE;REPUBLICANOS
environment-2018-succession/2018-04-07,CV5-050,2022,2025-11-17,2025-12-08,MDB;PCdoB;PDT;PP;PSB;PSD;PSOL;PT;REDE;REPUBLICANOS;UNIÃO
environment-2018-succession/2018-04-07,CV5-051,2022,2025-12-08,2025-12-19,MDB;PCdoB;PDT;PP;PSB;PSD;PSOL;PT;REDE;REPUBLICANOS
environment-2018-succession/2018-04-07,CV5-052,2022,2025-12-19,2025-12-23,MDB;PCdoB;PDT;PP;PSB;PSD;PSDB;PSOL;PT;REDE;REPUBLICANOS
environment-2018-succession/2018-04-07,CV5-053,2022,2025-12-23,2026-03-20,MDB;PCdoB;PDT;PP;PSB;PSD;PSOL;PT;REDE;REPUBLICANOS
justice-2026-entry/2026-01-13,CV5-001,2014,2015-01-01,2015-03-19,PCdoB;PDT;PMDB;PP;PR;PRB;PROS;PSD;PT;PTB
justice-2026-entry/2026-01-13,CV5-002,2014,2015-03-19,2016-03-18,PCdoB;PDT;PMDB;PP;PR;PRB;PSD;PT;PTB
justice-2026-entry/2026-01-13,CV5-003,2014,2016-03-18,2016-03-31,PCdoB;PDT;PMDB;PP;PR;PROS;PSD;PT;PTB
justice-2026-entry/2026-01-13,CV5-004,2014,2016-03-31,2016-04-14,PCdoB;PDT;PMDB;PP;PR;PSD;PT;PTB
justice-2026-entry/2026-01-13,CV5-005,2014,2016-04-14,2016-04-19,PCdoB;PDT;PMDB;PR;PSD;PT;PTB
justice-2026-entry/2026-01-13,CV5-006,2014,2016-04-19,2016-05-12,PCdoB;PDT;PMDB;PR;PT;PTB
justice-2026-entry/2026-01-13,CV5-007,2014,2016-05-12,2016-10-10,DEM;PMDB;PP;PPS;PR;PRB;PSB;PSD;PSDB;PTB;PV
justice-2026-entry/2026-01-13,CV5-008,2014,2016-10-10,2016-10-11,DEM;PMDB;PP;PPS;PR;PRB;PSD;PSDB;PTB;PV
justice-2026-entry/2026-01-13,CV5-009,2014,2016-10-11,2016-10-25,DEM;PMDB;PP;PPS;PR;PRB;PSB;PSD;PSDB;PTB;PV
justice-2026-entry/2026-01-13,CV5-010,2014,2016-10-25,2016-10-26,DEM;PMDB;PP;PPS;PR;PRB;PSD;PSDB;PTB;PV
justice-2026-entry/2026-01-13,CV5-011,2014,2016-10-26,2017-04-26,DEM;PMDB;PP;PPS;PR;PRB;PSB;PSD;PSDB;PTB;PV
justice-2026-entry/2026-01-13,CV5-012,2014,2017-04-26,2017-04-27,DEM;PMDB;PP;PPS;PR;PRB;PSD;PSDB;PTB;PV
justice-2026-entry/2026-01-13,CV5-013,2014,2017-04-27,2017-08-02,DEM;PMDB;PP;PPS;PR;PRB;PSB;PSD;PSDB;PTB;PV
justice-2026-entry/2026-01-13,CV5-014,2014,2017-08-02,2017-08-03,DEM;PMDB;PP;PPS;PR;PRB;PSD;PSDB;PTB;PV
justice-2026-entry/2026-01-13,CV5-015,2014,2017-08-03,2017-10-18,DEM;PMDB;PP;PPS;PR;PRB;PSB;PSD;PSDB;PTB;PV
justice-2026-entry/2026-01-13,CV5-016,2014,2017-10-18,2018-03-21,DEM;PMDB;PP;PPS;PR;PRB;PSD;PSDB;PTB;PV
justice-2026-entry/2026-01-13,CV5-017,2014,2018-03-21,2018-04-02,DEM;PMDB;PP;PR;PRB;PSD;PSDB;PTB;PV
justice-2026-entry/2026-01-13,CV5-018,2014,2018-04-02,2018-04-06,DEM;PMDB;PP;PRB;PSD;PSDB;PTB;PV
justice-2026-entry/2026-01-13,CV5-019,2014,2018-04-06,2018-07-05,PMDB;PP;PRB;PSD;PSDB;PTB;PV
justice-2026-entry/2026-01-13,CV5-020,2014,2018-07-05,2019-01-01,PMDB;PP;PRB;PSD;PSDB;PV
justice-2026-entry/2026-01-13,CV5-021,2018,2019-01-01,2020-02-11,DEM;MDB;NOVO;PP;PSL
justice-2026-entry/2026-01-13,CV5-022,2018,2020-02-11,2020-02-18,DEM;MDB;NOVO;PP;PSDB;PSL
justice-2026-entry/2026-01-13,CV5-023,2018,2020-02-18,2020-04-16,DEM;NOVO;PP;PSDB;PSL
justice-2026-entry/2026-01-13,CV5-024,2018,2020-04-16,2020-04-17,DEM;MDB;NOVO;PP;PSDB;PSL
justice-2026-entry/2026-01-13,CV5-025,2018,2020-04-17,2020-05-07,DEM;NOVO;PP;PSDB;PSL
justice-2026-entry/2026-01-13,CV5-026,2018,2020-05-07,2020-06-17,DEM;PP;PSDB;PSL
justice-2026-entry/2026-01-13,CV5-027,2018,2020-06-17,2020-06-18,DEM;PP;PSD;PSDB;PSL
justice-2026-entry/2026-01-13,CV5-028,2018,2020-06-18,2020-09-19,DEM;PP;PSD;PSL
justice-2026-entry/2026-01-13,CV5-029,2018,2020-09-19,2020-12-09,DEM;PSD;PSL
justice-2026-entry/2026-01-13,CV5-030,2018,2020-12-09,2021-02-12,DEM;PSC;PSD;PSL
justice-2026-entry/2026-01-13,CV5-031,2018,2021-02-12,2021-03-31,DEM;PRB;PSC;PSD;PSL
justice-2026-entry/2026-01-13,CV5-032,2018,2021-03-31,2021-07-28,DEM;PR;PRB;PSC;PSD;PSL
justice-2026-entry/2026-01-13,CV5-033,2018,2021-07-28,2022-03-24,DEM;PP;PR;PRB;PSC;PSD;PSL
justice-2026-entry/2026-01-13,CV5-034,2018,2022-03-24,2022-03-27,DEM;PP;PR;PRB;PSC;PSL
justice-2026-entry/2026-01-13,CV5-035,2018,2022-03-27,2022-03-28,PP;PR;PSC
justice-2026-entry/2026-01-13,CV5-036,2018,2022-03-28,2022-03-30,PP;PR;PRB;PSC
justice-2026-entry/2026-01-13,CV5-037,2018,2022-03-30,2022-03-31,PP;PR;PRB
justice-2026-entry/2026-01-13,CV5-038,2018,2022-03-31,2022-05-11,PP;PRB;PSD
justice-2026-entry/2026-01-13,CV5-039,2018,2022-05-11,2022-12-30,DEM;PP;PRB;PSD;PSL
justice-2026-entry/2026-01-13,CV5-040,2018,2022-12-30,2023-01-01,DEM;NOVO;PRB;PSD;PSL
justice-2026-entry/2026-01-13,CV5-041,2022,2023-01-01,2023-09-13,MDB;PCdoB;PDT;PSB;PSD;PSOL;PT;REDE;UNIÃO
justice-2026-entry/2026-01-13,CV5-042,2022,2023-09-13,2023-12-04,MDB;PCdoB;PDT;PP;PSB;PSD;PSOL;PT;REDE;REPUBLICANOS;UNIÃO
justice-2026-entry/2026-01-13,CV5-043,2022,2023-12-04,2023-12-06,MDB;PCdoB;PDT;PP;PSB;PSD;PSDB;PSOL;PT;REDE;REPUBLICANOS;UNIÃO
justice-2026-entry/2026-01-13,CV5-044,2022,2023-12-06,2024-12-03,MDB;PCdoB;PDT;PP;PSB;PSD;PSOL;PT;REDE;REPUBLICANOS;UNIÃO
justice-2026-entry/2026-01-13,CV5-045,2022,2024-12-03,2024-12-06,MDB;PCdoB;PDT;PP;PSB;PSD;PSDB;PSOL;PT;REDE;REPUBLICANOS;UNIÃO
justice-2026-entry/2026-01-13,CV5-046,2022,2024-12-06,2025-10-08,MDB;PCdoB;PDT;PP;PSB;PSD;PSOL;PT;REDE;REPUBLICANOS;UNIÃO
justice-2026-entry/2026-01-13,CV5-047,2022,2025-10-08,2025-10-09,MDB;PCdoB;PDT;PP;PSB;PSD;PSDB;PSOL;PT;REDE;REPUBLICANOS
justice-2026-entry/2026-01-13,CV5-048,2022,2025-10-09,2025-11-13,MDB;PCdoB;PDT;PP;PSB;PSD;PSOL;PT;REDE;REPUBLICANOS;UNIÃO
justice-2026-entry/2026-01-13,CV5-049,2022,2025-11-13,2025-11-17,MDB;PCdoB;PDT;PP;PSB;PSD;PSDB;PSOL;PT;REDE;REPUBLICANOS
justice-2026-entry/2026-01-13,CV5-050,2022,2025-11-17,2025-12-08,MDB;PCdoB;PDT;PP;PSB;PSD;PSOL;PT;REDE;REPUBLICANOS;UNIÃO
justice-2026-entry/2026-01-13,CV5-051,2022,2025-12-08,2025-12-19,MDB;PCdoB;PDT;PP;PSB;PSD;PSOL;PT;REDE;REPUBLICANOS
justice-2026-entry/2026-01-13,CV5-052,2022,2025-12-19,2025-12-23,MDB;PCdoB;PDT;PP;PSB;PSD;PSDB;PSOL;PT;REDE;REPUBLICANOS
justice-2026-entry/2026-01-13,CV5-053,2022,2025-12-23,2026-03-20,MDB;PCdoB;PDT;PP;PSB;PSD;PSOL;PT;REDE;REPUBLICANOS
justice-2026-entry/2026-01-14,CV5-001,2014,2015-01-01,2015-03-19,PCdoB;PDT;PMDB;PP;PR;PRB;PROS;PSD;PT;PTB
justice-2026-entry/2026-01-14,CV5-002,2014,2015-03-19,2016-03-18,PCdoB;PDT;PMDB;PP;PR;PRB;PSD;PT;PTB
justice-2026-entry/2026-01-14,CV5-003,2014,2016-03-18,2016-03-31,PCdoB;PDT;PMDB;PP;PR;PROS;PSD;PT;PTB
justice-2026-entry/2026-01-14,CV5-004,2014,2016-03-31,2016-04-14,PCdoB;PDT;PMDB;PP;PR;PSD;PT;PTB
justice-2026-entry/2026-01-14,CV5-005,2014,2016-04-14,2016-04-19,PCdoB;PDT;PMDB;PR;PSD;PT;PTB
justice-2026-entry/2026-01-14,CV5-006,2014,2016-04-19,2016-05-12,PCdoB;PDT;PMDB;PR;PT;PTB
justice-2026-entry/2026-01-14,CV5-007,2014,2016-05-12,2016-10-10,DEM;PMDB;PP;PPS;PR;PRB;PSB;PSD;PSDB;PTB;PV
justice-2026-entry/2026-01-14,CV5-008,2014,2016-10-10,2016-10-11,DEM;PMDB;PP;PPS;PR;PRB;PSD;PSDB;PTB;PV
justice-2026-entry/2026-01-14,CV5-009,2014,2016-10-11,2016-10-25,DEM;PMDB;PP;PPS;PR;PRB;PSB;PSD;PSDB;PTB;PV
justice-2026-entry/2026-01-14,CV5-010,2014,2016-10-25,2016-10-26,DEM;PMDB;PP;PPS;PR;PRB;PSD;PSDB;PTB;PV
justice-2026-entry/2026-01-14,CV5-011,2014,2016-10-26,2017-04-26,DEM;PMDB;PP;PPS;PR;PRB;PSB;PSD;PSDB;PTB;PV
justice-2026-entry/2026-01-14,CV5-012,2014,2017-04-26,2017-04-27,DEM;PMDB;PP;PPS;PR;PRB;PSD;PSDB;PTB;PV
justice-2026-entry/2026-01-14,CV5-013,2014,2017-04-27,2017-08-02,DEM;PMDB;PP;PPS;PR;PRB;PSB;PSD;PSDB;PTB;PV
justice-2026-entry/2026-01-14,CV5-014,2014,2017-08-02,2017-08-03,DEM;PMDB;PP;PPS;PR;PRB;PSD;PSDB;PTB;PV
justice-2026-entry/2026-01-14,CV5-015,2014,2017-08-03,2017-10-18,DEM;PMDB;PP;PPS;PR;PRB;PSB;PSD;PSDB;PTB;PV
justice-2026-entry/2026-01-14,CV5-016,2014,2017-10-18,2018-03-21,DEM;PMDB;PP;PPS;PR;PRB;PSD;PSDB;PTB;PV
justice-2026-entry/2026-01-14,CV5-017,2014,2018-03-21,2018-04-02,DEM;PMDB;PP;PR;PRB;PSD;PSDB;PTB;PV
justice-2026-entry/2026-01-14,CV5-018,2014,2018-04-02,2018-04-06,DEM;PMDB;PP;PRB;PSD;PSDB;PTB;PV
justice-2026-entry/2026-01-14,CV5-019,2014,2018-04-06,2018-07-05,PMDB;PP;PRB;PSD;PSDB;PTB;PV
justice-2026-entry/2026-01-14,CV5-020,2014,2018-07-05,2019-01-01,PMDB;PP;PRB;PSD;PSDB;PV
justice-2026-entry/2026-01-14,CV5-021,2018,2019-01-01,2020-02-11,DEM;MDB;NOVO;PP;PSL
justice-2026-entry/2026-01-14,CV5-022,2018,2020-02-11,2020-02-18,DEM;MDB;NOVO;PP;PSDB;PSL
justice-2026-entry/2026-01-14,CV5-023,2018,2020-02-18,2020-04-16,DEM;NOVO;PP;PSDB;PSL
justice-2026-entry/2026-01-14,CV5-024,2018,2020-04-16,2020-04-17,DEM;MDB;NOVO;PP;PSDB;PSL
justice-2026-entry/2026-01-14,CV5-025,2018,2020-04-17,2020-05-07,DEM;NOVO;PP;PSDB;PSL
justice-2026-entry/2026-01-14,CV5-026,2018,2020-05-07,2020-06-17,DEM;PP;PSDB;PSL
justice-2026-entry/2026-01-14,CV5-027,2018,2020-06-17,2020-06-18,DEM;PP;PSD;PSDB;PSL
justice-2026-entry/2026-01-14,CV5-028,2018,2020-06-18,2020-09-19,DEM;PP;PSD;PSL
justice-2026-entry/2026-01-14,CV5-029,2018,2020-09-19,2020-12-09,DEM;PSD;PSL
justice-2026-entry/2026-01-14,CV5-030,2018,2020-12-09,2021-02-12,DEM;PSC;PSD;PSL
justice-2026-entry/2026-01-14,CV5-031,2018,2021-02-12,2021-03-31,DEM;PRB;PSC;PSD;PSL
justice-2026-entry/2026-01-14,CV5-032,2018,2021-03-31,2021-07-28,DEM;PR;PRB;PSC;PSD;PSL
justice-2026-entry/2026-01-14,CV5-033,2018,2021-07-28,2022-03-24,DEM;PP;PR;PRB;PSC;PSD;PSL
justice-2026-entry/2026-01-14,CV5-034,2018,2022-03-24,2022-03-27,DEM;PP;PR;PRB;PSC;PSL
justice-2026-entry/2026-01-14,CV5-035,2018,2022-03-27,2022-03-28,PP;PR;PSC
justice-2026-entry/2026-01-14,CV5-036,2018,2022-03-28,2022-03-30,PP;PR;PRB;PSC
justice-2026-entry/2026-01-14,CV5-037,2018,2022-03-30,2022-03-31,PP;PR;PRB
justice-2026-entry/2026-01-14,CV5-038,2018,2022-03-31,2022-05-11,PP;PRB;PSD
justice-2026-entry/2026-01-14,CV5-039,2018,2022-05-11,2022-12-30,DEM;PP;PRB;PSD;PSL
justice-2026-entry/2026-01-14,CV5-040,2018,2022-12-30,2023-01-01,DEM;NOVO;PRB;PSD;PSL
justice-2026-entry/2026-01-14,CV5-041,2022,2023-01-01,2023-09-13,MDB;PCdoB;PDT;PSB;PSD;PSOL;PT;REDE;UNIÃO
justice-2026-entry/2026-01-14,CV5-042,2022,2023-09-13,2023-12-04,MDB;PCdoB;PDT;PP;PSB;PSD;PSOL;PT;REDE;REPUBLICANOS;UNIÃO
justice-2026-entry/2026-01-14,CV5-043,2022,2023-12-04,2023-12-06,MDB;PCdoB;PDT;PP;PSB;PSD;PSDB;PSOL;PT;REDE;REPUBLICANOS;UNIÃO
justice-2026-entry/2026-01-14,CV5-044,2022,2023-12-06,2024-12-03,MDB;PCdoB;PDT;PP;PSB;PSD;PSOL;PT;REDE;REPUBLICANOS;UNIÃO
justice-2026-entry/2026-01-14,CV5-045,2022,2024-12-03,2024-12-06,MDB;PCdoB;PDT;PP;PSB;PSD;PSDB;PSOL;PT;REDE;REPUBLICANOS;UNIÃO
justice-2026-entry/2026-01-14,CV5-046,2022,2024-12-06,2025-10-08,MDB;PCdoB;PDT;PP;PSB;PSD;PSOL;PT;REDE;REPUBLICANOS;UNIÃO
justice-2026-entry/2026-01-14,CV5-047,2022,2025-10-08,2025-10-09,MDB;PCdoB;PDT;PP;PSB;PSD;PSDB;PSOL;PT;REDE;REPUBLICANOS
justice-2026-entry/2026-01-14,CV5-048,2022,2025-10-09,2025-11-13,MDB;PCdoB;PDT;PP;PSB;PSD;PSOL;PT;REDE;REPUBLICANOS;UNIÃO
justice-2026-entry/2026-01-14,CV5-049,2022,2025-11-13,2025-11-17,MDB;PCdoB;PDT;PP;PSB;PSD;PSDB;PSOL;PT;REDE;REPUBLICANOS
justice-2026-entry/2026-01-14,CV5-050,2022,2025-11-17,2025-12-08,MDB;PCdoB;PDT;PP;PSB;PSD;PSOL;PT;REDE;REPUBLICANOS;UNIÃO
justice-2026-entry/2026-01-14,CV5-051,2022,2025-12-08,2025-12-19,MDB;PCdoB;PDT;PP;PSB;PSD;PSOL;PT;REDE;REPUBLICANOS
justice-2026-entry/2026-01-14,CV5-052,2022,2025-12-19,2025-12-23,MDB;PCdoB;PDT;PP;PSB;PSD;PSDB;PSOL;PT;REDE;REPUBLICANOS
justice-2026-entry/2026-01-14,CV5-053,2022,2025-12-23,2026-03-20,MDB;PCdoB;PDT;PP;PSB;PSD;PSOL;PT;REDE;REPUBLICANOS
mdic-2018-succession/2018-01-03,CV5-001,2014,2015-01-01,2015-03-19,PCdoB;PDT;PMDB;PP;PR;PRB;PROS;PSD;PT;PTB
mdic-2018-succession/2018-01-03,CV5-002,2014,2015-03-19,2016-03-18,PCdoB;PDT;PMDB;PP;PR;PRB;PSD;PT;PTB
mdic-2018-succession/2018-01-03,CV5-003,2014,2016-03-18,2016-03-31,PCdoB;PDT;PMDB;PP;PR;PROS;PSD;PT;PTB
mdic-2018-succession/2018-01-03,CV5-004,2014,2016-03-31,2016-04-14,PCdoB;PDT;PMDB;PP;PR;PSD;PT;PTB
mdic-2018-succession/2018-01-03,CV5-005,2014,2016-04-14,2016-04-19,PCdoB;PDT;PMDB;PR;PSD;PT;PTB
mdic-2018-succession/2018-01-03,CV5-006,2014,2016-04-19,2016-05-12,PCdoB;PDT;PMDB;PR;PT;PTB
mdic-2018-succession/2018-01-03,CV5-007,2014,2016-05-12,2016-10-10,DEM;PMDB;PP;PPS;PR;PRB;PSB;PSD;PSDB;PTB;PV
mdic-2018-succession/2018-01-03,CV5-008,2014,2016-10-10,2016-10-11,DEM;PMDB;PP;PPS;PR;PRB;PSD;PSDB;PTB;PV
mdic-2018-succession/2018-01-03,CV5-009,2014,2016-10-11,2016-10-25,DEM;PMDB;PP;PPS;PR;PRB;PSB;PSD;PSDB;PTB;PV
mdic-2018-succession/2018-01-03,CV5-010,2014,2016-10-25,2016-10-26,DEM;PMDB;PP;PPS;PR;PRB;PSD;PSDB;PTB;PV
mdic-2018-succession/2018-01-03,CV5-011,2014,2016-10-26,2017-04-26,DEM;PMDB;PP;PPS;PR;PRB;PSB;PSD;PSDB;PTB;PV
mdic-2018-succession/2018-01-03,CV5-012,2014,2017-04-26,2017-04-27,DEM;PMDB;PP;PPS;PR;PRB;PSD;PSDB;PTB;PV
mdic-2018-succession/2018-01-03,CV5-013,2014,2017-04-27,2017-08-02,DEM;PMDB;PP;PPS;PR;PRB;PSB;PSD;PSDB;PTB;PV
mdic-2018-succession/2018-01-03,CV5-014,2014,2017-08-02,2017-08-03,DEM;PMDB;PP;PPS;PR;PRB;PSD;PSDB;PTB;PV
mdic-2018-succession/2018-01-03,CV5-015,2014,2017-08-03,2017-10-18,DEM;PMDB;PP;PPS;PR;PRB;PSB;PSD;PSDB;PTB;PV
mdic-2018-succession/2018-01-03,CV5-016,2014,2017-10-18,2018-03-21,DEM;PMDB;PP;PPS;PR;PRB;PSD;PSDB;PTB;PV
mdic-2018-succession/2018-01-03,CV5-017,2014,2018-03-21,2018-04-02,DEM;PMDB;PP;PR;PRB;PSD;PSDB;PTB;PV
mdic-2018-succession/2018-01-03,CV5-018,2014,2018-04-02,2018-04-06,DEM;PMDB;PP;PRB;PSD;PSDB;PTB;PV
mdic-2018-succession/2018-01-03,CV5-019,2014,2018-04-06,2018-07-05,PMDB;PP;PRB;PSD;PSDB;PTB;PV
mdic-2018-succession/2018-01-03,CV5-020,2014,2018-07-05,2019-01-01,PMDB;PP;PRB;PSD;PSDB;PV
mdic-2018-succession/2018-01-03,CV5-021,2018,2019-01-01,2020-02-11,DEM;MDB;NOVO;PP;PSL
mdic-2018-succession/2018-01-03,CV5-022,2018,2020-02-11,2020-02-18,DEM;MDB;NOVO;PP;PSDB;PSL
mdic-2018-succession/2018-01-03,CV5-023,2018,2020-02-18,2020-04-16,DEM;NOVO;PP;PSDB;PSL
mdic-2018-succession/2018-01-03,CV5-024,2018,2020-04-16,2020-04-17,DEM;MDB;NOVO;PP;PSDB;PSL
mdic-2018-succession/2018-01-03,CV5-025,2018,2020-04-17,2020-05-07,DEM;NOVO;PP;PSDB;PSL
mdic-2018-succession/2018-01-03,CV5-026,2018,2020-05-07,2020-06-17,DEM;PP;PSDB;PSL
mdic-2018-succession/2018-01-03,CV5-027,2018,2020-06-17,2020-06-18,DEM;PP;PSD;PSDB;PSL
mdic-2018-succession/2018-01-03,CV5-028,2018,2020-06-18,2020-09-19,DEM;PP;PSD;PSL
mdic-2018-succession/2018-01-03,CV5-029,2018,2020-09-19,2020-12-09,DEM;PSD;PSL
mdic-2018-succession/2018-01-03,CV5-030,2018,2020-12-09,2021-02-12,DEM;PSC;PSD;PSL
mdic-2018-succession/2018-01-03,CV5-031,2018,2021-02-12,2021-03-31,DEM;PRB;PSC;PSD;PSL
mdic-2018-succession/2018-01-03,CV5-032,2018,2021-03-31,2021-07-28,DEM;PR;PRB;PSC;PSD;PSL
mdic-2018-succession/2018-01-03,CV5-033,2018,2021-07-28,2022-03-24,DEM;PP;PR;PRB;PSC;PSD;PSL
mdic-2018-succession/2018-01-03,CV5-034,2018,2022-03-24,2022-03-27,DEM;PP;PR;PRB;PSC;PSL
mdic-2018-succession/2018-01-03,CV5-035,2018,2022-03-27,2022-03-28,PP;PR;PSC
mdic-2018-succession/2018-01-03,CV5-036,2018,2022-03-28,2022-03-30,PP;PR;PRB;PSC
mdic-2018-succession/2018-01-03,CV5-037,2018,2022-03-30,2022-03-31,PP;PR;PRB
mdic-2018-succession/2018-01-03,CV5-038,2018,2022-03-31,2022-05-11,PP;PRB;PSD
mdic-2018-succession/2018-01-03,CV5-039,2018,2022-05-11,2022-12-30,DEM;PP;PRB;PSD;PSL
mdic-2018-succession/2018-01-03,CV5-040,2018,2022-12-30,2023-01-01,DEM;NOVO;PRB;PSD;PSL
mdic-2018-succession/2018-01-03,CV5-041,2022,2023-01-01,2023-09-13,MDB;PCdoB;PDT;PSB;PSD;PSOL;PT;REDE;UNIÃO
mdic-2018-succession/2018-01-03,CV5-042,2022,2023-09-13,2023-12-04,MDB;PCdoB;PDT;PP;PSB;PSD;PSOL;PT;REDE;REPUBLICANOS;UNIÃO
mdic-2018-succession/2018-01-03,CV5-043,2022,2023-12-04,2023-12-06,MDB;PCdoB;PDT;PP;PSB;PSD;PSDB;PSOL;PT;REDE;REPUBLICANOS;UNIÃO
mdic-2018-succession/2018-01-03,CV5-044,2022,2023-12-06,2024-12-03,MDB;PCdoB;PDT;PP;PSB;PSD;PSOL;PT;REDE;REPUBLICANOS;UNIÃO
mdic-2018-succession/2018-01-03,CV5-045,2022,2024-12-03,2024-12-06,MDB;PCdoB;PDT;PP;PSB;PSD;PSDB;PSOL;PT;REDE;REPUBLICANOS;UNIÃO
mdic-2018-succession/2018-01-03,CV5-046,2022,2024-12-06,2025-10-08,MDB;PCdoB;PDT;PP;PSB;PSD;PSOL;PT;REDE;REPUBLICANOS;UNIÃO
mdic-2018-succession/2018-01-03,CV5-047,2022,2025-10-08,2025-10-09,MDB;PCdoB;PDT;PP;PSB;PSD;PSDB;PSOL;PT;REDE;REPUBLICANOS
mdic-2018-succession/2018-01-03,CV5-048,2022,2025-10-09,2025-11-13,MDB;PCdoB;PDT;PP;PSB;PSD;PSOL;PT;REDE;REPUBLICANOS;UNIÃO
mdic-2018-succession/2018-01-03,CV5-049,2022,2025-11-13,2025-11-17,MDB;PCdoB;PDT;PP;PSB;PSD;PSDB;PSOL;PT;REDE;REPUBLICANOS
mdic-2018-succession/2018-01-03,CV5-050,2022,2025-11-17,2025-12-08,MDB;PCdoB;PDT;PP;PSB;PSD;PSOL;PT;REDE;REPUBLICANOS;UNIÃO
mdic-2018-succession/2018-01-03,CV5-051,2022,2025-12-08,2025-12-19,MDB;PCdoB;PDT;PP;PSB;PSD;PSOL;PT;REDE;REPUBLICANOS
mdic-2018-succession/2018-01-03,CV5-052,2022,2025-12-19,2025-12-23,MDB;PCdoB;PDT;PP;PSB;PSD;PSDB;PSOL;PT;REDE;REPUBLICANOS
mdic-2018-succession/2018-01-03,CV5-053,2022,2025-12-23,2026-03-20,MDB;PCdoB;PDT;PP;PSB;PSD;PSOL;PT;REDE;REPUBLICANOS
mdic-2018-succession/2018-01-05,CV5-001,2014,2015-01-01,2015-03-19,PCdoB;PDT;PMDB;PP;PR;PRB;PROS;PSD;PT;PTB
mdic-2018-succession/2018-01-05,CV5-002,2014,2015-03-19,2016-03-18,PCdoB;PDT;PMDB;PP;PR;PRB;PSD;PT;PTB
mdic-2018-succession/2018-01-05,CV5-003,2014,2016-03-18,2016-03-31,PCdoB;PDT;PMDB;PP;PR;PROS;PSD;PT;PTB
mdic-2018-succession/2018-01-05,CV5-004,2014,2016-03-31,2016-04-14,PCdoB;PDT;PMDB;PP;PR;PSD;PT;PTB
mdic-2018-succession/2018-01-05,CV5-005,2014,2016-04-14,2016-04-19,PCdoB;PDT;PMDB;PR;PSD;PT;PTB
mdic-2018-succession/2018-01-05,CV5-006,2014,2016-04-19,2016-05-12,PCdoB;PDT;PMDB;PR;PT;PTB
mdic-2018-succession/2018-01-05,CV5-007,2014,2016-05-12,2016-10-10,DEM;PMDB;PP;PPS;PR;PRB;PSB;PSD;PSDB;PTB;PV
mdic-2018-succession/2018-01-05,CV5-008,2014,2016-10-10,2016-10-11,DEM;PMDB;PP;PPS;PR;PRB;PSD;PSDB;PTB;PV
mdic-2018-succession/2018-01-05,CV5-009,2014,2016-10-11,2016-10-25,DEM;PMDB;PP;PPS;PR;PRB;PSB;PSD;PSDB;PTB;PV
mdic-2018-succession/2018-01-05,CV5-010,2014,2016-10-25,2016-10-26,DEM;PMDB;PP;PPS;PR;PRB;PSD;PSDB;PTB;PV
mdic-2018-succession/2018-01-05,CV5-011,2014,2016-10-26,2017-04-26,DEM;PMDB;PP;PPS;PR;PRB;PSB;PSD;PSDB;PTB;PV
mdic-2018-succession/2018-01-05,CV5-012,2014,2017-04-26,2017-04-27,DEM;PMDB;PP;PPS;PR;PRB;PSD;PSDB;PTB;PV
mdic-2018-succession/2018-01-05,CV5-013,2014,2017-04-27,2017-08-02,DEM;PMDB;PP;PPS;PR;PRB;PSB;PSD;PSDB;PTB;PV
mdic-2018-succession/2018-01-05,CV5-014,2014,2017-08-02,2017-08-03,DEM;PMDB;PP;PPS;PR;PRB;PSD;PSDB;PTB;PV
mdic-2018-succession/2018-01-05,CV5-015,2014,2017-08-03,2017-10-18,DEM;PMDB;PP;PPS;PR;PRB;PSB;PSD;PSDB;PTB;PV
mdic-2018-succession/2018-01-05,CV5-016,2014,2017-10-18,2018-03-21,DEM;PMDB;PP;PPS;PR;PRB;PSD;PSDB;PTB;PV
mdic-2018-succession/2018-01-05,CV5-017,2014,2018-03-21,2018-04-02,DEM;PMDB;PP;PR;PRB;PSD;PSDB;PTB;PV
mdic-2018-succession/2018-01-05,CV5-018,2014,2018-04-02,2018-04-06,DEM;PMDB;PP;PRB;PSD;PSDB;PTB;PV
mdic-2018-succession/2018-01-05,CV5-019,2014,2018-04-06,2018-07-05,PMDB;PP;PRB;PSD;PSDB;PTB;PV
mdic-2018-succession/2018-01-05,CV5-020,2014,2018-07-05,2019-01-01,PMDB;PP;PRB;PSD;PSDB;PV
mdic-2018-succession/2018-01-05,CV5-021,2018,2019-01-01,2020-02-11,DEM;MDB;NOVO;PP;PSL
mdic-2018-succession/2018-01-05,CV5-022,2018,2020-02-11,2020-02-18,DEM;MDB;NOVO;PP;PSDB;PSL
mdic-2018-succession/2018-01-05,CV5-023,2018,2020-02-18,2020-04-16,DEM;NOVO;PP;PSDB;PSL
mdic-2018-succession/2018-01-05,CV5-024,2018,2020-04-16,2020-04-17,DEM;MDB;NOVO;PP;PSDB;PSL
mdic-2018-succession/2018-01-05,CV5-025,2018,2020-04-17,2020-05-07,DEM;NOVO;PP;PSDB;PSL
mdic-2018-succession/2018-01-05,CV5-026,2018,2020-05-07,2020-06-17,DEM;PP;PSDB;PSL
mdic-2018-succession/2018-01-05,CV5-027,2018,2020-06-17,2020-06-18,DEM;PP;PSD;PSDB;PSL
mdic-2018-succession/2018-01-05,CV5-028,2018,2020-06-18,2020-09-19,DEM;PP;PSD;PSL
mdic-2018-succession/2018-01-05,CV5-029,2018,2020-09-19,2020-12-09,DEM;PSD;PSL
mdic-2018-succession/2018-01-05,CV5-030,2018,2020-12-09,2021-02-12,DEM;PSC;PSD;PSL
mdic-2018-succession/2018-01-05,CV5-031,2018,2021-02-12,2021-03-31,DEM;PRB;PSC;PSD;PSL
mdic-2018-succession/2018-01-05,CV5-032,2018,2021-03-31,2021-07-28,DEM;PR;PRB;PSC;PSD;PSL
mdic-2018-succession/2018-01-05,CV5-033,2018,2021-07-28,2022-03-24,DEM;PP;PR;PRB;PSC;PSD;PSL
mdic-2018-succession/2018-01-05,CV5-034,2018,2022-03-24,2022-03-27,DEM;PP;PR;PRB;PSC;PSL
mdic-2018-succession/2018-01-05,CV5-035,2018,2022-03-27,2022-03-28,PP;PR;PSC
mdic-2018-succession/2018-01-05,CV5-036,2018,2022-03-28,2022-03-30,PP;PR;PRB;PSC
mdic-2018-succession/2018-01-05,CV5-037,2018,2022-03-30,2022-03-31,PP;PR;PRB
mdic-2018-succession/2018-01-05,CV5-038,2018,2022-03-31,2022-05-11,PP;PRB;PSD
mdic-2018-succession/2018-01-05,CV5-039,2018,2022-05-11,2022-12-30,DEM;PP;PRB;PSD;PSL
mdic-2018-succession/2018-01-05,CV5-040,2018,2022-12-30,2023-01-01,DEM;NOVO;PRB;PSD;PSL
mdic-2018-succession/2018-01-05,CV5-041,2022,2023-01-01,2023-09-13,MDB;PCdoB;PDT;PSB;PSD;PSOL;PT;REDE;UNIÃO
mdic-2018-succession/2018-01-05,CV5-042,2022,2023-09-13,2023-12-04,MDB;PCdoB;PDT;PP;PSB;PSD;PSOL;PT;REDE;REPUBLICANOS;UNIÃO
mdic-2018-succession/2018-01-05,CV5-043,2022,2023-12-04,2023-12-06,MDB;PCdoB;PDT;PP;PSB;PSD;PSDB;PSOL;PT;REDE;REPUBLICANOS;UNIÃO
mdic-2018-succession/2018-01-05,CV5-044,2022,2023-12-06,2024-12-03,MDB;PCdoB;PDT;PP;PSB;PSD;PSOL;PT;REDE;REPUBLICANOS;UNIÃO
mdic-2018-succession/2018-01-05,CV5-045,2022,2024-12-03,2024-12-06,MDB;PCdoB;PDT;PP;PSB;PSD;PSDB;PSOL;PT;REDE;REPUBLICANOS;UNIÃO
mdic-2018-succession/2018-01-05,CV5-046,2022,2024-12-06,2025-10-08,MDB;PCdoB;PDT;PP;PSB;PSD;PSOL;PT;REDE;REPUBLICANOS;UNIÃO
mdic-2018-succession/2018-01-05,CV5-047,2022,2025-10-08,2025-10-09,MDB;PCdoB;PDT;PP;PSB;PSD;PSDB;PSOL;PT;REDE;REPUBLICANOS
mdic-2018-succession/2018-01-05,CV5-048,2022,2025-10-09,2025-11-13,MDB;PCdoB;PDT;PP;PSB;PSD;PSOL;PT;REDE;REPUBLICANOS;UNIÃO
mdic-2018-succession/2018-01-05,CV5-049,2022,2025-11-13,2025-11-17,MDB;PCdoB;PDT;PP;PSB;PSD;PSDB;PSOL;PT;REDE;REPUBLICANOS
mdic-2018-succession/2018-01-05,CV5-050,2022,2025-11-17,2025-12-08,MDB;PCdoB;PDT;PP;PSB;PSD;PSOL;PT;REDE;REPUBLICANOS;UNIÃO
mdic-2018-succession/2018-01-05,CV5-051,2022,2025-12-08,2025-12-19,MDB;PCdoB;PDT;PP;PSB;PSD;PSOL;PT;REDE;REPUBLICANOS
mdic-2018-succession/2018-01-05,CV5-052,2022,2025-12-19,2025-12-23,MDB;PCdoB;PDT;PP;PSB;PSD;PSDB;PSOL;PT;REDE;REPUBLICANOS
mdic-2018-succession/2018-01-05,CV5-053,2022,2025-12-23,2026-03-20,MDB;PCdoB;PDT;PP;PSB;PSD;PSOL;PT;REDE;REPUBLICANOS
mre-2021-effective-entry/2021-03-30,CV5-001,2014,2015-01-01,2015-03-19,PCdoB;PDT;PMDB;PP;PR;PRB;PROS;PSD;PT;PTB
mre-2021-effective-entry/2021-03-30,CV5-002,2014,2015-03-19,2016-03-18,PCdoB;PDT;PMDB;PP;PR;PRB;PSD;PT;PTB
mre-2021-effective-entry/2021-03-30,CV5-003,2014,2016-03-18,2016-03-31,PCdoB;PDT;PMDB;PP;PR;PROS;PSD;PT;PTB
mre-2021-effective-entry/2021-03-30,CV5-004,2014,2016-03-31,2016-04-14,PCdoB;PDT;PMDB;PP;PR;PSD;PT;PTB
mre-2021-effective-entry/2021-03-30,CV5-005,2014,2016-04-14,2016-04-19,PCdoB;PDT;PMDB;PR;PSD;PT;PTB
mre-2021-effective-entry/2021-03-30,CV5-006,2014,2016-04-19,2016-05-12,PCdoB;PDT;PMDB;PR;PT;PTB
mre-2021-effective-entry/2021-03-30,CV5-007,2014,2016-05-12,2016-10-10,DEM;PMDB;PP;PPS;PR;PRB;PSB;PSD;PSDB;PTB;PV
mre-2021-effective-entry/2021-03-30,CV5-008,2014,2016-10-10,2016-10-11,DEM;PMDB;PP;PPS;PR;PRB;PSD;PSDB;PTB;PV
mre-2021-effective-entry/2021-03-30,CV5-009,2014,2016-10-11,2016-10-25,DEM;PMDB;PP;PPS;PR;PRB;PSB;PSD;PSDB;PTB;PV
mre-2021-effective-entry/2021-03-30,CV5-010,2014,2016-10-25,2016-10-26,DEM;PMDB;PP;PPS;PR;PRB;PSD;PSDB;PTB;PV
mre-2021-effective-entry/2021-03-30,CV5-011,2014,2016-10-26,2017-04-26,DEM;PMDB;PP;PPS;PR;PRB;PSB;PSD;PSDB;PTB;PV
mre-2021-effective-entry/2021-03-30,CV5-012,2014,2017-04-26,2017-04-27,DEM;PMDB;PP;PPS;PR;PRB;PSD;PSDB;PTB;PV
mre-2021-effective-entry/2021-03-30,CV5-013,2014,2017-04-27,2017-08-02,DEM;PMDB;PP;PPS;PR;PRB;PSB;PSD;PSDB;PTB;PV
mre-2021-effective-entry/2021-03-30,CV5-014,2014,2017-08-02,2017-08-03,DEM;PMDB;PP;PPS;PR;PRB;PSD;PSDB;PTB;PV
mre-2021-effective-entry/2021-03-30,CV5-015,2014,2017-08-03,2017-10-18,DEM;PMDB;PP;PPS;PR;PRB;PSB;PSD;PSDB;PTB;PV
mre-2021-effective-entry/2021-03-30,CV5-016,2014,2017-10-18,2018-03-21,DEM;PMDB;PP;PPS;PR;PRB;PSD;PSDB;PTB;PV
mre-2021-effective-entry/2021-03-30,CV5-017,2014,2018-03-21,2018-04-02,DEM;PMDB;PP;PR;PRB;PSD;PSDB;PTB;PV
mre-2021-effective-entry/2021-03-30,CV5-018,2014,2018-04-02,2018-04-06,DEM;PMDB;PP;PRB;PSD;PSDB;PTB;PV
mre-2021-effective-entry/2021-03-30,CV5-019,2014,2018-04-06,2018-07-05,PMDB;PP;PRB;PSD;PSDB;PTB;PV
mre-2021-effective-entry/2021-03-30,CV5-020,2014,2018-07-05,2019-01-01,PMDB;PP;PRB;PSD;PSDB;PV
mre-2021-effective-entry/2021-03-30,CV5-021,2018,2019-01-01,2020-02-11,DEM;MDB;NOVO;PP;PSL
mre-2021-effective-entry/2021-03-30,CV5-022,2018,2020-02-11,2020-02-18,DEM;MDB;NOVO;PP;PSDB;PSL
mre-2021-effective-entry/2021-03-30,CV5-023,2018,2020-02-18,2020-04-16,DEM;NOVO;PP;PSDB;PSL
mre-2021-effective-entry/2021-03-30,CV5-024,2018,2020-04-16,2020-04-17,DEM;MDB;NOVO;PP;PSDB;PSL
mre-2021-effective-entry/2021-03-30,CV5-025,2018,2020-04-17,2020-05-07,DEM;NOVO;PP;PSDB;PSL
mre-2021-effective-entry/2021-03-30,CV5-026,2018,2020-05-07,2020-06-17,DEM;PP;PSDB;PSL
mre-2021-effective-entry/2021-03-30,CV5-027,2018,2020-06-17,2020-06-18,DEM;PP;PSD;PSDB;PSL
mre-2021-effective-entry/2021-03-30,CV5-028,2018,2020-06-18,2020-09-19,DEM;PP;PSD;PSL
mre-2021-effective-entry/2021-03-30,CV5-029,2018,2020-09-19,2020-12-09,DEM;PSD;PSL
mre-2021-effective-entry/2021-03-30,CV5-030,2018,2020-12-09,2021-02-12,DEM;PSC;PSD;PSL
mre-2021-effective-entry/2021-03-30,CV5-031,2018,2021-02-12,2021-03-31,DEM;PRB;PSC;PSD;PSL
mre-2021-effective-entry/2021-03-30,CV5-032,2018,2021-03-31,2021-07-28,DEM;PR;PRB;PSC;PSD;PSL
mre-2021-effective-entry/2021-03-30,CV5-033,2018,2021-07-28,2022-03-24,DEM;PP;PR;PRB;PSC;PSD;PSL
mre-2021-effective-entry/2021-03-30,CV5-034,2018,2022-03-24,2022-03-27,DEM;PP;PR;PRB;PSC;PSL
mre-2021-effective-entry/2021-03-30,CV5-035,2018,2022-03-27,2022-03-28,PP;PR;PSC
mre-2021-effective-entry/2021-03-30,CV5-036,2018,2022-03-28,2022-03-30,PP;PR;PRB;PSC
mre-2021-effective-entry/2021-03-30,CV5-037,2018,2022-03-30,2022-03-31,PP;PR;PRB
mre-2021-effective-entry/2021-03-30,CV5-038,2018,2022-03-31,2022-05-11,PP;PRB;PSD
mre-2021-effective-entry/2021-03-30,CV5-039,2018,2022-05-11,2022-12-30,DEM;PP;PRB;PSD;PSL
mre-2021-effective-entry/2021-03-30,CV5-040,2018,2022-12-30,2023-01-01,DEM;NOVO;PRB;PSD;PSL
mre-2021-effective-entry/2021-03-30,CV5-041,2022,2023-01-01,2023-09-13,MDB;PCdoB;PDT;PSB;PSD;PSOL;PT;REDE;UNIÃO
mre-2021-effective-entry/2021-03-30,CV5-042,2022,2023-09-13,2023-12-04,MDB;PCdoB;PDT;PP;PSB;PSD;PSOL;PT;REDE;REPUBLICANOS;UNIÃO
mre-2021-effective-entry/2021-03-30,CV5-043,2022,2023-12-04,2023-12-06,MDB;PCdoB;PDT;PP;PSB;PSD;PSDB;PSOL;PT;REDE;REPUBLICANOS;UNIÃO
mre-2021-effective-entry/2021-03-30,CV5-044,2022,2023-12-06,2024-12-03,MDB;PCdoB;PDT;PP;PSB;PSD;PSOL;PT;REDE;REPUBLICANOS;UNIÃO
mre-2021-effective-entry/2021-03-30,CV5-045,2022,2024-12-03,2024-12-06,MDB;PCdoB;PDT;PP;PSB;PSD;PSDB;PSOL;PT;REDE;REPUBLICANOS;UNIÃO
mre-2021-effective-entry/2021-03-30,CV5-046,2022,2024-12-06,2025-10-08,MDB;PCdoB;PDT;PP;PSB;PSD;PSOL;PT;REDE;REPUBLICANOS;UNIÃO
mre-2021-effective-entry/2021-03-30,CV5-047,2022,2025-10-08,2025-10-09,MDB;PCdoB;PDT;PP;PSB;PSD;PSDB;PSOL;PT;REDE;REPUBLICANOS
mre-2021-effective-entry/2021-03-30,CV5-048,2022,2025-10-09,2025-11-13,MDB;PCdoB;PDT;PP;PSB;PSD;PSOL;PT;REDE;REPUBLICANOS;UNIÃO
mre-2021-effective-entry/2021-03-30,CV5-049,2022,2025-11-13,2025-11-17,MDB;PCdoB;PDT;PP;PSB;PSD;PSDB;PSOL;PT;REDE;REPUBLICANOS
mre-2021-effective-entry/2021-03-30,CV5-050,2022,2025-11-17,2025-12-08,MDB;PCdoB;PDT;PP;PSB;PSD;PSOL;PT;REDE;REPUBLICANOS;UNIÃO
mre-2021-effective-entry/2021-03-30,CV5-051,2022,2025-12-08,2025-12-19,MDB;PCdoB;PDT;PP;PSB;PSD;PSOL;PT;REDE;REPUBLICANOS
mre-2021-effective-entry/2021-03-30,CV5-052,2022,2025-12-19,2025-12-23,MDB;PCdoB;PDT;PP;PSB;PSD;PSDB;PSOL;PT;REDE;REPUBLICANOS
mre-2021-effective-entry/2021-03-30,CV5-053,2022,2025-12-23,2026-03-20,MDB;PCdoB;PDT;PP;PSB;PSD;PSOL;PT;REDE;REPUBLICANOS
sabino-2023-return/2023-12-04,CV5-001,2014,2015-01-01,2015-03-19,PCdoB;PDT;PMDB;PP;PR;PRB;PROS;PSD;PT;PTB
sabino-2023-return/2023-12-04,CV5-002,2014,2015-03-19,2016-03-18,PCdoB;PDT;PMDB;PP;PR;PRB;PSD;PT;PTB
sabino-2023-return/2023-12-04,CV5-003,2014,2016-03-18,2016-03-31,PCdoB;PDT;PMDB;PP;PR;PROS;PSD;PT;PTB
sabino-2023-return/2023-12-04,CV5-004,2014,2016-03-31,2016-04-14,PCdoB;PDT;PMDB;PP;PR;PSD;PT;PTB
sabino-2023-return/2023-12-04,CV5-005,2014,2016-04-14,2016-04-19,PCdoB;PDT;PMDB;PR;PSD;PT;PTB
sabino-2023-return/2023-12-04,CV5-006,2014,2016-04-19,2016-05-12,PCdoB;PDT;PMDB;PR;PT;PTB
sabino-2023-return/2023-12-04,CV5-007,2014,2016-05-12,2016-10-10,DEM;PMDB;PP;PPS;PR;PRB;PSB;PSD;PSDB;PTB;PV
sabino-2023-return/2023-12-04,CV5-008,2014,2016-10-10,2016-10-11,DEM;PMDB;PP;PPS;PR;PRB;PSD;PSDB;PTB;PV
sabino-2023-return/2023-12-04,CV5-009,2014,2016-10-11,2016-10-25,DEM;PMDB;PP;PPS;PR;PRB;PSB;PSD;PSDB;PTB;PV
sabino-2023-return/2023-12-04,CV5-010,2014,2016-10-25,2016-10-26,DEM;PMDB;PP;PPS;PR;PRB;PSD;PSDB;PTB;PV
sabino-2023-return/2023-12-04,CV5-011,2014,2016-10-26,2017-04-26,DEM;PMDB;PP;PPS;PR;PRB;PSB;PSD;PSDB;PTB;PV
sabino-2023-return/2023-12-04,CV5-012,2014,2017-04-26,2017-04-27,DEM;PMDB;PP;PPS;PR;PRB;PSD;PSDB;PTB;PV
sabino-2023-return/2023-12-04,CV5-013,2014,2017-04-27,2017-08-02,DEM;PMDB;PP;PPS;PR;PRB;PSB;PSD;PSDB;PTB;PV
sabino-2023-return/2023-12-04,CV5-014,2014,2017-08-02,2017-08-03,DEM;PMDB;PP;PPS;PR;PRB;PSD;PSDB;PTB;PV
sabino-2023-return/2023-12-04,CV5-015,2014,2017-08-03,2017-10-18,DEM;PMDB;PP;PPS;PR;PRB;PSB;PSD;PSDB;PTB;PV
sabino-2023-return/2023-12-04,CV5-016,2014,2017-10-18,2018-03-21,DEM;PMDB;PP;PPS;PR;PRB;PSD;PSDB;PTB;PV
sabino-2023-return/2023-12-04,CV5-017,2014,2018-03-21,2018-04-02,DEM;PMDB;PP;PR;PRB;PSD;PSDB;PTB;PV
sabino-2023-return/2023-12-04,CV5-018,2014,2018-04-02,2018-04-06,DEM;PMDB;PP;PRB;PSD;PSDB;PTB;PV
sabino-2023-return/2023-12-04,CV5-019,2014,2018-04-06,2018-07-05,PMDB;PP;PRB;PSD;PSDB;PTB;PV
sabino-2023-return/2023-12-04,CV5-020,2014,2018-07-05,2019-01-01,PMDB;PP;PRB;PSD;PSDB;PV
sabino-2023-return/2023-12-04,CV5-021,2018,2019-01-01,2020-02-11,DEM;MDB;NOVO;PP;PSL
sabino-2023-return/2023-12-04,CV5-022,2018,2020-02-11,2020-02-18,DEM;MDB;NOVO;PP;PSDB;PSL
sabino-2023-return/2023-12-04,CV5-023,2018,2020-02-18,2020-04-16,DEM;NOVO;PP;PSDB;PSL
sabino-2023-return/2023-12-04,CV5-024,2018,2020-04-16,2020-04-17,DEM;MDB;NOVO;PP;PSDB;PSL
sabino-2023-return/2023-12-04,CV5-025,2018,2020-04-17,2020-05-07,DEM;NOVO;PP;PSDB;PSL
sabino-2023-return/2023-12-04,CV5-026,2018,2020-05-07,2020-06-17,DEM;PP;PSDB;PSL
sabino-2023-return/2023-12-04,CV5-027,2018,2020-06-17,2020-06-18,DEM;PP;PSD;PSDB;PSL
sabino-2023-return/2023-12-04,CV5-028,2018,2020-06-18,2020-09-19,DEM;PP;PSD;PSL
sabino-2023-return/2023-12-04,CV5-029,2018,2020-09-19,2020-12-09,DEM;PSD;PSL
sabino-2023-return/2023-12-04,CV5-030,2018,2020-12-09,2021-02-12,DEM;PSC;PSD;PSL
sabino-2023-return/2023-12-04,CV5-031,2018,2021-02-12,2021-03-31,DEM;PRB;PSC;PSD;PSL
sabino-2023-return/2023-12-04,CV5-032,2018,2021-03-31,2021-07-28,DEM;PR;PRB;PSC;PSD;PSL
sabino-2023-return/2023-12-04,CV5-033,2018,2021-07-28,2022-03-24,DEM;PP;PR;PRB;PSC;PSD;PSL
sabino-2023-return/2023-12-04,CV5-034,2018,2022-03-24,2022-03-27,DEM;PP;PR;PRB;PSC;PSL
sabino-2023-return/2023-12-04,CV5-035,2018,2022-03-27,2022-03-28,PP;PR;PSC
sabino-2023-return/2023-12-04,CV5-036,2018,2022-03-28,2022-03-30,PP;PR;PRB;PSC
sabino-2023-return/2023-12-04,CV5-037,2018,2022-03-30,2022-03-31,PP;PR;PRB
sabino-2023-return/2023-12-04,CV5-038,2018,2022-03-31,2022-05-11,PP;PRB;PSD
sabino-2023-return/2023-12-04,CV5-039,2018,2022-05-11,2022-12-30,DEM;PP;PRB;PSD;PSL
sabino-2023-return/2023-12-04,CV5-040,2018,2022-12-30,2023-01-01,DEM;NOVO;PRB;PSD;PSL
sabino-2023-return/2023-12-04,CV5-041,2022,2023-01-01,2023-09-13,MDB;PCdoB;PDT;PSB;PSD;PSOL;PT;REDE;UNIÃO
sabino-2023-return/2023-12-04,CV5-042,2022,2023-09-13,2024-12-03,MDB;PCdoB;PDT;PP;PSB;PSD;PSOL;PT;REDE;REPUBLICANOS;UNIÃO
sabino-2023-return/2023-12-04,CV5-043,2022,2024-12-03,2024-12-06,MDB;PCdoB;PDT;PP;PSB;PSD;PSDB;PSOL;PT;REDE;REPUBLICANOS;UNIÃO
sabino-2023-return/2023-12-04,CV5-044,2022,2024-12-06,2025-10-08,MDB;PCdoB;PDT;PP;PSB;PSD;PSOL;PT;REDE;REPUBLICANOS;UNIÃO
sabino-2023-return/2023-12-04,CV5-045,2022,2025-10-08,2025-10-09,MDB;PCdoB;PDT;PP;PSB;PSD;PSDB;PSOL;PT;REDE;REPUBLICANOS
sabino-2023-return/2023-12-04,CV5-046,2022,2025-10-09,2025-11-13,MDB;PCdoB;PDT;PP;PSB;PSD;PSOL;PT;REDE;REPUBLICANOS;UNIÃO
sabino-2023-return/2023-12-04,CV5-047,2022,2025-11-13,2025-11-17,MDB;PCdoB;PDT;PP;PSB;PSD;PSDB;PSOL;PT;REDE;REPUBLICANOS
sabino-2023-return/2023-12-04,CV5-048,2022,2025-11-17,2025-12-08,MDB;PCdoB;PDT;PP;PSB;PSD;PSOL;PT;REDE;REPUBLICANOS;UNIÃO
sabino-2023-return/2023-12-04,CV5-049,2022,2025-12-08,2025-12-19,MDB;PCdoB;PDT;PP;PSB;PSD;PSOL;PT;REDE;REPUBLICANOS
sabino-2023-return/2023-12-04,CV5-050,2022,2025-12-19,2025-12-23,MDB;PCdoB;PDT;PP;PSB;PSD;PSDB;PSOL;PT;REDE;REPUBLICANOS
sabino-2023-return/2023-12-04,CV5-051,2022,2025-12-23,2026-03-20,MDB;PCdoB;PDT;PP;PSB;PSD;PSOL;PT;REDE;REPUBLICANOS
sabino-2023-return/2023-12-05,CV5-001,2014,2015-01-01,2015-03-19,PCdoB;PDT;PMDB;PP;PR;PRB;PROS;PSD;PT;PTB
sabino-2023-return/2023-12-05,CV5-002,2014,2015-03-19,2016-03-18,PCdoB;PDT;PMDB;PP;PR;PRB;PSD;PT;PTB
sabino-2023-return/2023-12-05,CV5-003,2014,2016-03-18,2016-03-31,PCdoB;PDT;PMDB;PP;PR;PROS;PSD;PT;PTB
sabino-2023-return/2023-12-05,CV5-004,2014,2016-03-31,2016-04-14,PCdoB;PDT;PMDB;PP;PR;PSD;PT;PTB
sabino-2023-return/2023-12-05,CV5-005,2014,2016-04-14,2016-04-19,PCdoB;PDT;PMDB;PR;PSD;PT;PTB
sabino-2023-return/2023-12-05,CV5-006,2014,2016-04-19,2016-05-12,PCdoB;PDT;PMDB;PR;PT;PTB
sabino-2023-return/2023-12-05,CV5-007,2014,2016-05-12,2016-10-10,DEM;PMDB;PP;PPS;PR;PRB;PSB;PSD;PSDB;PTB;PV
sabino-2023-return/2023-12-05,CV5-008,2014,2016-10-10,2016-10-11,DEM;PMDB;PP;PPS;PR;PRB;PSD;PSDB;PTB;PV
sabino-2023-return/2023-12-05,CV5-009,2014,2016-10-11,2016-10-25,DEM;PMDB;PP;PPS;PR;PRB;PSB;PSD;PSDB;PTB;PV
sabino-2023-return/2023-12-05,CV5-010,2014,2016-10-25,2016-10-26,DEM;PMDB;PP;PPS;PR;PRB;PSD;PSDB;PTB;PV
sabino-2023-return/2023-12-05,CV5-011,2014,2016-10-26,2017-04-26,DEM;PMDB;PP;PPS;PR;PRB;PSB;PSD;PSDB;PTB;PV
sabino-2023-return/2023-12-05,CV5-012,2014,2017-04-26,2017-04-27,DEM;PMDB;PP;PPS;PR;PRB;PSD;PSDB;PTB;PV
sabino-2023-return/2023-12-05,CV5-013,2014,2017-04-27,2017-08-02,DEM;PMDB;PP;PPS;PR;PRB;PSB;PSD;PSDB;PTB;PV
sabino-2023-return/2023-12-05,CV5-014,2014,2017-08-02,2017-08-03,DEM;PMDB;PP;PPS;PR;PRB;PSD;PSDB;PTB;PV
sabino-2023-return/2023-12-05,CV5-015,2014,2017-08-03,2017-10-18,DEM;PMDB;PP;PPS;PR;PRB;PSB;PSD;PSDB;PTB;PV
sabino-2023-return/2023-12-05,CV5-016,2014,2017-10-18,2018-03-21,DEM;PMDB;PP;PPS;PR;PRB;PSD;PSDB;PTB;PV
sabino-2023-return/2023-12-05,CV5-017,2014,2018-03-21,2018-04-02,DEM;PMDB;PP;PR;PRB;PSD;PSDB;PTB;PV
sabino-2023-return/2023-12-05,CV5-018,2014,2018-04-02,2018-04-06,DEM;PMDB;PP;PRB;PSD;PSDB;PTB;PV
sabino-2023-return/2023-12-05,CV5-019,2014,2018-04-06,2018-07-05,PMDB;PP;PRB;PSD;PSDB;PTB;PV
sabino-2023-return/2023-12-05,CV5-020,2014,2018-07-05,2019-01-01,PMDB;PP;PRB;PSD;PSDB;PV
sabino-2023-return/2023-12-05,CV5-021,2018,2019-01-01,2020-02-11,DEM;MDB;NOVO;PP;PSL
sabino-2023-return/2023-12-05,CV5-022,2018,2020-02-11,2020-02-18,DEM;MDB;NOVO;PP;PSDB;PSL
sabino-2023-return/2023-12-05,CV5-023,2018,2020-02-18,2020-04-16,DEM;NOVO;PP;PSDB;PSL
sabino-2023-return/2023-12-05,CV5-024,2018,2020-04-16,2020-04-17,DEM;MDB;NOVO;PP;PSDB;PSL
sabino-2023-return/2023-12-05,CV5-025,2018,2020-04-17,2020-05-07,DEM;NOVO;PP;PSDB;PSL
sabino-2023-return/2023-12-05,CV5-026,2018,2020-05-07,2020-06-17,DEM;PP;PSDB;PSL
sabino-2023-return/2023-12-05,CV5-027,2018,2020-06-17,2020-06-18,DEM;PP;PSD;PSDB;PSL
sabino-2023-return/2023-12-05,CV5-028,2018,2020-06-18,2020-09-19,DEM;PP;PSD;PSL
sabino-2023-return/2023-12-05,CV5-029,2018,2020-09-19,2020-12-09,DEM;PSD;PSL
sabino-2023-return/2023-12-05,CV5-030,2018,2020-12-09,2021-02-12,DEM;PSC;PSD;PSL
sabino-2023-return/2023-12-05,CV5-031,2018,2021-02-12,2021-03-31,DEM;PRB;PSC;PSD;PSL
sabino-2023-return/2023-12-05,CV5-032,2018,2021-03-31,2021-07-28,DEM;PR;PRB;PSC;PSD;PSL
sabino-2023-return/2023-12-05,CV5-033,2018,2021-07-28,2022-03-24,DEM;PP;PR;PRB;PSC;PSD;PSL
sabino-2023-return/2023-12-05,CV5-034,2018,2022-03-24,2022-03-27,DEM;PP;PR;PRB;PSC;PSL
sabino-2023-return/2023-12-05,CV5-035,2018,2022-03-27,2022-03-28,PP;PR;PSC
sabino-2023-return/2023-12-05,CV5-036,2018,2022-03-28,2022-03-30,PP;PR;PRB;PSC
sabino-2023-return/2023-12-05,CV5-037,2018,2022-03-30,2022-03-31,PP;PR;PRB
sabino-2023-return/2023-12-05,CV5-038,2018,2022-03-31,2022-05-11,PP;PRB;PSD
sabino-2023-return/2023-12-05,CV5-039,2018,2022-05-11,2022-12-30,DEM;PP;PRB;PSD;PSL
sabino-2023-return/2023-12-05,CV5-040,2018,2022-12-30,2023-01-01,DEM;NOVO;PRB;PSD;PSL
sabino-2023-return/2023-12-05,CV5-041,2022,2023-01-01,2023-09-13,MDB;PCdoB;PDT;PSB;PSD;PSOL;PT;REDE;UNIÃO
sabino-2023-return/2023-12-05,CV5-042,2022,2023-09-13,2023-12-04,MDB;PCdoB;PDT;PP;PSB;PSD;PSOL;PT;REDE;REPUBLICANOS;UNIÃO
sabino-2023-return/2023-12-05,CV5-043,2022,2023-12-04,2023-12-05,MDB;PCdoB;PDT;PP;PSB;PSD;PSDB;PSOL;PT;REDE;REPUBLICANOS;UNIÃO
sabino-2023-return/2023-12-05,CV5-044,2022,2023-12-05,2024-12-03,MDB;PCdoB;PDT;PP;PSB;PSD;PSOL;PT;REDE;REPUBLICANOS;UNIÃO
sabino-2023-return/2023-12-05,CV5-045,2022,2024-12-03,2024-12-06,MDB;PCdoB;PDT;PP;PSB;PSD;PSDB;PSOL;PT;REDE;REPUBLICANOS;UNIÃO
sabino-2023-return/2023-12-05,CV5-046,2022,2024-12-06,2025-10-08,MDB;PCdoB;PDT;PP;PSB;PSD;PSOL;PT;REDE;REPUBLICANOS;UNIÃO
sabino-2023-return/2023-12-05,CV5-047,2022,2025-10-08,2025-10-09,MDB;PCdoB;PDT;PP;PSB;PSD;PSDB;PSOL;PT;REDE;REPUBLICANOS
sabino-2023-return/2023-12-05,CV5-048,2022,2025-10-09,2025-11-13,MDB;PCdoB;PDT;PP;PSB;PSD;PSOL;PT;REDE;REPUBLICANOS;UNIÃO
sabino-2023-return/2023-12-05,CV5-049,2022,2025-11-13,2025-11-17,MDB;PCdoB;PDT;PP;PSB;PSD;PSDB;PSOL;PT;REDE;REPUBLICANOS
sabino-2023-return/2023-12-05,CV5-050,2022,2025-11-17,2025-12-08,MDB;PCdoB;PDT;PP;PSB;PSD;PSOL;PT;REDE;REPUBLICANOS;UNIÃO
sabino-2023-return/2023-12-05,CV5-051,2022,2025-12-08,2025-12-19,MDB;PCdoB;PDT;PP;PSB;PSD;PSOL;PT;REDE;REPUBLICANOS
sabino-2023-return/2023-12-05,CV5-052,2022,2025-12-19,2025-12-23,MDB;PCdoB;PDT;PP;PSB;PSD;PSDB;PSOL;PT;REDE;REPUBLICANOS
sabino-2023-return/2023-12-05,CV5-053,2022,2025-12-23,2026-03-20,MDB;PCdoB;PDT;PP;PSB;PSD;PSOL;PT;REDE;REPUBLICANOS
sabino-2025-nov-return/2025-11-14,CV5-001,2014,2015-01-01,2015-03-19,PCdoB;PDT;PMDB;PP;PR;PRB;PROS;PSD;PT;PTB
sabino-2025-nov-return/2025-11-14,CV5-002,2014,2015-03-19,2016-03-18,PCdoB;PDT;PMDB;PP;PR;PRB;PSD;PT;PTB
sabino-2025-nov-return/2025-11-14,CV5-003,2014,2016-03-18,2016-03-31,PCdoB;PDT;PMDB;PP;PR;PROS;PSD;PT;PTB
sabino-2025-nov-return/2025-11-14,CV5-004,2014,2016-03-31,2016-04-14,PCdoB;PDT;PMDB;PP;PR;PSD;PT;PTB
sabino-2025-nov-return/2025-11-14,CV5-005,2014,2016-04-14,2016-04-19,PCdoB;PDT;PMDB;PR;PSD;PT;PTB
sabino-2025-nov-return/2025-11-14,CV5-006,2014,2016-04-19,2016-05-12,PCdoB;PDT;PMDB;PR;PT;PTB
sabino-2025-nov-return/2025-11-14,CV5-007,2014,2016-05-12,2016-10-10,DEM;PMDB;PP;PPS;PR;PRB;PSB;PSD;PSDB;PTB;PV
sabino-2025-nov-return/2025-11-14,CV5-008,2014,2016-10-10,2016-10-11,DEM;PMDB;PP;PPS;PR;PRB;PSD;PSDB;PTB;PV
sabino-2025-nov-return/2025-11-14,CV5-009,2014,2016-10-11,2016-10-25,DEM;PMDB;PP;PPS;PR;PRB;PSB;PSD;PSDB;PTB;PV
sabino-2025-nov-return/2025-11-14,CV5-010,2014,2016-10-25,2016-10-26,DEM;PMDB;PP;PPS;PR;PRB;PSD;PSDB;PTB;PV
sabino-2025-nov-return/2025-11-14,CV5-011,2014,2016-10-26,2017-04-26,DEM;PMDB;PP;PPS;PR;PRB;PSB;PSD;PSDB;PTB;PV
sabino-2025-nov-return/2025-11-14,CV5-012,2014,2017-04-26,2017-04-27,DEM;PMDB;PP;PPS;PR;PRB;PSD;PSDB;PTB;PV
sabino-2025-nov-return/2025-11-14,CV5-013,2014,2017-04-27,2017-08-02,DEM;PMDB;PP;PPS;PR;PRB;PSB;PSD;PSDB;PTB;PV
sabino-2025-nov-return/2025-11-14,CV5-014,2014,2017-08-02,2017-08-03,DEM;PMDB;PP;PPS;PR;PRB;PSD;PSDB;PTB;PV
sabino-2025-nov-return/2025-11-14,CV5-015,2014,2017-08-03,2017-10-18,DEM;PMDB;PP;PPS;PR;PRB;PSB;PSD;PSDB;PTB;PV
sabino-2025-nov-return/2025-11-14,CV5-016,2014,2017-10-18,2018-03-21,DEM;PMDB;PP;PPS;PR;PRB;PSD;PSDB;PTB;PV
sabino-2025-nov-return/2025-11-14,CV5-017,2014,2018-03-21,2018-04-02,DEM;PMDB;PP;PR;PRB;PSD;PSDB;PTB;PV
sabino-2025-nov-return/2025-11-14,CV5-018,2014,2018-04-02,2018-04-06,DEM;PMDB;PP;PRB;PSD;PSDB;PTB;PV
sabino-2025-nov-return/2025-11-14,CV5-019,2014,2018-04-06,2018-07-05,PMDB;PP;PRB;PSD;PSDB;PTB;PV
sabino-2025-nov-return/2025-11-14,CV5-020,2014,2018-07-05,2019-01-01,PMDB;PP;PRB;PSD;PSDB;PV
sabino-2025-nov-return/2025-11-14,CV5-021,2018,2019-01-01,2020-02-11,DEM;MDB;NOVO;PP;PSL
sabino-2025-nov-return/2025-11-14,CV5-022,2018,2020-02-11,2020-02-18,DEM;MDB;NOVO;PP;PSDB;PSL
sabino-2025-nov-return/2025-11-14,CV5-023,2018,2020-02-18,2020-04-16,DEM;NOVO;PP;PSDB;PSL
sabino-2025-nov-return/2025-11-14,CV5-024,2018,2020-04-16,2020-04-17,DEM;MDB;NOVO;PP;PSDB;PSL
sabino-2025-nov-return/2025-11-14,CV5-025,2018,2020-04-17,2020-05-07,DEM;NOVO;PP;PSDB;PSL
sabino-2025-nov-return/2025-11-14,CV5-026,2018,2020-05-07,2020-06-17,DEM;PP;PSDB;PSL
sabino-2025-nov-return/2025-11-14,CV5-027,2018,2020-06-17,2020-06-18,DEM;PP;PSD;PSDB;PSL
sabino-2025-nov-return/2025-11-14,CV5-028,2018,2020-06-18,2020-09-19,DEM;PP;PSD;PSL
sabino-2025-nov-return/2025-11-14,CV5-029,2018,2020-09-19,2020-12-09,DEM;PSD;PSL
sabino-2025-nov-return/2025-11-14,CV5-030,2018,2020-12-09,2021-02-12,DEM;PSC;PSD;PSL
sabino-2025-nov-return/2025-11-14,CV5-031,2018,2021-02-12,2021-03-31,DEM;PRB;PSC;PSD;PSL
sabino-2025-nov-return/2025-11-14,CV5-032,2018,2021-03-31,2021-07-28,DEM;PR;PRB;PSC;PSD;PSL
sabino-2025-nov-return/2025-11-14,CV5-033,2018,2021-07-28,2022-03-24,DEM;PP;PR;PRB;PSC;PSD;PSL
sabino-2025-nov-return/2025-11-14,CV5-034,2018,2022-03-24,2022-03-27,DEM;PP;PR;PRB;PSC;PSL
sabino-2025-nov-return/2025-11-14,CV5-035,2018,2022-03-27,2022-03-28,PP;PR;PSC
sabino-2025-nov-return/2025-11-14,CV5-036,2018,2022-03-28,2022-03-30,PP;PR;PRB;PSC
sabino-2025-nov-return/2025-11-14,CV5-037,2018,2022-03-30,2022-03-31,PP;PR;PRB
sabino-2025-nov-return/2025-11-14,CV5-038,2018,2022-03-31,2022-05-11,PP;PRB;PSD
sabino-2025-nov-return/2025-11-14,CV5-039,2018,2022-05-11,2022-12-30,DEM;PP;PRB;PSD;PSL
sabino-2025-nov-return/2025-11-14,CV5-040,2018,2022-12-30,2023-01-01,DEM;NOVO;PRB;PSD;PSL
sabino-2025-nov-return/2025-11-14,CV5-041,2022,2023-01-01,2023-09-13,MDB;PCdoB;PDT;PSB;PSD;PSOL;PT;REDE;UNIÃO
sabino-2025-nov-return/2025-11-14,CV5-042,2022,2023-09-13,2023-12-04,MDB;PCdoB;PDT;PP;PSB;PSD;PSOL;PT;REDE;REPUBLICANOS;UNIÃO
sabino-2025-nov-return/2025-11-14,CV5-043,2022,2023-12-04,2023-12-06,MDB;PCdoB;PDT;PP;PSB;PSD;PSDB;PSOL;PT;REDE;REPUBLICANOS;UNIÃO
sabino-2025-nov-return/2025-11-14,CV5-044,2022,2023-12-06,2024-12-03,MDB;PCdoB;PDT;PP;PSB;PSD;PSOL;PT;REDE;REPUBLICANOS;UNIÃO
sabino-2025-nov-return/2025-11-14,CV5-045,2022,2024-12-03,2024-12-06,MDB;PCdoB;PDT;PP;PSB;PSD;PSDB;PSOL;PT;REDE;REPUBLICANOS;UNIÃO
sabino-2025-nov-return/2025-11-14,CV5-046,2022,2024-12-06,2025-10-08,MDB;PCdoB;PDT;PP;PSB;PSD;PSOL;PT;REDE;REPUBLICANOS;UNIÃO
sabino-2025-nov-return/2025-11-14,CV5-047,2022,2025-10-08,2025-10-09,MDB;PCdoB;PDT;PP;PSB;PSD;PSDB;PSOL;PT;REDE;REPUBLICANOS
sabino-2025-nov-return/2025-11-14,CV5-048,2022,2025-10-09,2025-11-13,MDB;PCdoB;PDT;PP;PSB;PSD;PSOL;PT;REDE;REPUBLICANOS;UNIÃO
sabino-2025-nov-return/2025-11-14,CV5-049,2022,2025-11-13,2025-11-14,MDB;PCdoB;PDT;PP;PSB;PSD;PSDB;PSOL;PT;REDE;REPUBLICANOS
sabino-2025-nov-return/2025-11-14,CV5-050,2022,2025-11-14,2025-12-08,MDB;PCdoB;PDT;PP;PSB;PSD;PSOL;PT;REDE;REPUBLICANOS;UNIÃO
sabino-2025-nov-return/2025-11-14,CV5-051,2022,2025-12-08,2025-12-19,MDB;PCdoB;PDT;PP;PSB;PSD;PSOL;PT;REDE;REPUBLICANOS
sabino-2025-nov-return/2025-11-14,CV5-052,2022,2025-12-19,2025-12-23,MDB;PCdoB;PDT;PP;PSB;PSD;PSDB;PSOL;PT;REDE;REPUBLICANOS
sabino-2025-nov-return/2025-11-14,CV5-053,2022,2025-12-23,2026-03-20,MDB;PCdoB;PDT;PP;PSB;PSD;PSOL;PT;REDE;REPUBLICANOS
sabino-2025-nov-return/2025-11-15,CV5-001,2014,2015-01-01,2015-03-19,PCdoB;PDT;PMDB;PP;PR;PRB;PROS;PSD;PT;PTB
sabino-2025-nov-return/2025-11-15,CV5-002,2014,2015-03-19,2016-03-18,PCdoB;PDT;PMDB;PP;PR;PRB;PSD;PT;PTB
sabino-2025-nov-return/2025-11-15,CV5-003,2014,2016-03-18,2016-03-31,PCdoB;PDT;PMDB;PP;PR;PROS;PSD;PT;PTB
sabino-2025-nov-return/2025-11-15,CV5-004,2014,2016-03-31,2016-04-14,PCdoB;PDT;PMDB;PP;PR;PSD;PT;PTB
sabino-2025-nov-return/2025-11-15,CV5-005,2014,2016-04-14,2016-04-19,PCdoB;PDT;PMDB;PR;PSD;PT;PTB
sabino-2025-nov-return/2025-11-15,CV5-006,2014,2016-04-19,2016-05-12,PCdoB;PDT;PMDB;PR;PT;PTB
sabino-2025-nov-return/2025-11-15,CV5-007,2014,2016-05-12,2016-10-10,DEM;PMDB;PP;PPS;PR;PRB;PSB;PSD;PSDB;PTB;PV
sabino-2025-nov-return/2025-11-15,CV5-008,2014,2016-10-10,2016-10-11,DEM;PMDB;PP;PPS;PR;PRB;PSD;PSDB;PTB;PV
sabino-2025-nov-return/2025-11-15,CV5-009,2014,2016-10-11,2016-10-25,DEM;PMDB;PP;PPS;PR;PRB;PSB;PSD;PSDB;PTB;PV
sabino-2025-nov-return/2025-11-15,CV5-010,2014,2016-10-25,2016-10-26,DEM;PMDB;PP;PPS;PR;PRB;PSD;PSDB;PTB;PV
sabino-2025-nov-return/2025-11-15,CV5-011,2014,2016-10-26,2017-04-26,DEM;PMDB;PP;PPS;PR;PRB;PSB;PSD;PSDB;PTB;PV
sabino-2025-nov-return/2025-11-15,CV5-012,2014,2017-04-26,2017-04-27,DEM;PMDB;PP;PPS;PR;PRB;PSD;PSDB;PTB;PV
sabino-2025-nov-return/2025-11-15,CV5-013,2014,2017-04-27,2017-08-02,DEM;PMDB;PP;PPS;PR;PRB;PSB;PSD;PSDB;PTB;PV
sabino-2025-nov-return/2025-11-15,CV5-014,2014,2017-08-02,2017-08-03,DEM;PMDB;PP;PPS;PR;PRB;PSD;PSDB;PTB;PV
sabino-2025-nov-return/2025-11-15,CV5-015,2014,2017-08-03,2017-10-18,DEM;PMDB;PP;PPS;PR;PRB;PSB;PSD;PSDB;PTB;PV
sabino-2025-nov-return/2025-11-15,CV5-016,2014,2017-10-18,2018-03-21,DEM;PMDB;PP;PPS;PR;PRB;PSD;PSDB;PTB;PV
sabino-2025-nov-return/2025-11-15,CV5-017,2014,2018-03-21,2018-04-02,DEM;PMDB;PP;PR;PRB;PSD;PSDB;PTB;PV
sabino-2025-nov-return/2025-11-15,CV5-018,2014,2018-04-02,2018-04-06,DEM;PMDB;PP;PRB;PSD;PSDB;PTB;PV
sabino-2025-nov-return/2025-11-15,CV5-019,2014,2018-04-06,2018-07-05,PMDB;PP;PRB;PSD;PSDB;PTB;PV
sabino-2025-nov-return/2025-11-15,CV5-020,2014,2018-07-05,2019-01-01,PMDB;PP;PRB;PSD;PSDB;PV
sabino-2025-nov-return/2025-11-15,CV5-021,2018,2019-01-01,2020-02-11,DEM;MDB;NOVO;PP;PSL
sabino-2025-nov-return/2025-11-15,CV5-022,2018,2020-02-11,2020-02-18,DEM;MDB;NOVO;PP;PSDB;PSL
sabino-2025-nov-return/2025-11-15,CV5-023,2018,2020-02-18,2020-04-16,DEM;NOVO;PP;PSDB;PSL
sabino-2025-nov-return/2025-11-15,CV5-024,2018,2020-04-16,2020-04-17,DEM;MDB;NOVO;PP;PSDB;PSL
sabino-2025-nov-return/2025-11-15,CV5-025,2018,2020-04-17,2020-05-07,DEM;NOVO;PP;PSDB;PSL
sabino-2025-nov-return/2025-11-15,CV5-026,2018,2020-05-07,2020-06-17,DEM;PP;PSDB;PSL
sabino-2025-nov-return/2025-11-15,CV5-027,2018,2020-06-17,2020-06-18,DEM;PP;PSD;PSDB;PSL
sabino-2025-nov-return/2025-11-15,CV5-028,2018,2020-06-18,2020-09-19,DEM;PP;PSD;PSL
sabino-2025-nov-return/2025-11-15,CV5-029,2018,2020-09-19,2020-12-09,DEM;PSD;PSL
sabino-2025-nov-return/2025-11-15,CV5-030,2018,2020-12-09,2021-02-12,DEM;PSC;PSD;PSL
sabino-2025-nov-return/2025-11-15,CV5-031,2018,2021-02-12,2021-03-31,DEM;PRB;PSC;PSD;PSL
sabino-2025-nov-return/2025-11-15,CV5-032,2018,2021-03-31,2021-07-28,DEM;PR;PRB;PSC;PSD;PSL
sabino-2025-nov-return/2025-11-15,CV5-033,2018,2021-07-28,2022-03-24,DEM;PP;PR;PRB;PSC;PSD;PSL
sabino-2025-nov-return/2025-11-15,CV5-034,2018,2022-03-24,2022-03-27,DEM;PP;PR;PRB;PSC;PSL
sabino-2025-nov-return/2025-11-15,CV5-035,2018,2022-03-27,2022-03-28,PP;PR;PSC
sabino-2025-nov-return/2025-11-15,CV5-036,2018,2022-03-28,2022-03-30,PP;PR;PRB;PSC
sabino-2025-nov-return/2025-11-15,CV5-037,2018,2022-03-30,2022-03-31,PP;PR;PRB
sabino-2025-nov-return/2025-11-15,CV5-038,2018,2022-03-31,2022-05-11,PP;PRB;PSD
sabino-2025-nov-return/2025-11-15,CV5-039,2018,2022-05-11,2022-12-30,DEM;PP;PRB;PSD;PSL
sabino-2025-nov-return/2025-11-15,CV5-040,2018,2022-12-30,2023-01-01,DEM;NOVO;PRB;PSD;PSL
sabino-2025-nov-return/2025-11-15,CV5-041,2022,2023-01-01,2023-09-13,MDB;PCdoB;PDT;PSB;PSD;PSOL;PT;REDE;UNIÃO
sabino-2025-nov-return/2025-11-15,CV5-042,2022,2023-09-13,2023-12-04,MDB;PCdoB;PDT;PP;PSB;PSD;PSOL;PT;REDE;REPUBLICANOS;UNIÃO
sabino-2025-nov-return/2025-11-15,CV5-043,2022,2023-12-04,2023-12-06,MDB;PCdoB;PDT;PP;PSB;PSD;PSDB;PSOL;PT;REDE;REPUBLICANOS;UNIÃO
sabino-2025-nov-return/2025-11-15,CV5-044,2022,2023-12-06,2024-12-03,MDB;PCdoB;PDT;PP;PSB;PSD;PSOL;PT;REDE;REPUBLICANOS;UNIÃO
sabino-2025-nov-return/2025-11-15,CV5-045,2022,2024-12-03,2024-12-06,MDB;PCdoB;PDT;PP;PSB;PSD;PSDB;PSOL;PT;REDE;REPUBLICANOS;UNIÃO
sabino-2025-nov-return/2025-11-15,CV5-046,2022,2024-12-06,2025-10-08,MDB;PCdoB;PDT;PP;PSB;PSD;PSOL;PT;REDE;REPUBLICANOS;UNIÃO
sabino-2025-nov-return/2025-11-15,CV5-047,2022,2025-10-08,2025-10-09,MDB;PCdoB;PDT;PP;PSB;PSD;PSDB;PSOL;PT;REDE;REPUBLICANOS
sabino-2025-nov-return/2025-11-15,CV5-048,2022,2025-10-09,2025-11-13,MDB;PCdoB;PDT;PP;PSB;PSD;PSOL;PT;REDE;REPUBLICANOS;UNIÃO
sabino-2025-nov-return/2025-11-15,CV5-049,2022,2025-11-13,2025-11-15,MDB;PCdoB;PDT;PP;PSB;PSD;PSDB;PSOL;PT;REDE;REPUBLICANOS
sabino-2025-nov-return/2025-11-15,CV5-050,2022,2025-11-15,2025-12-08,MDB;PCdoB;PDT;PP;PSB;PSD;PSOL;PT;REDE;REPUBLICANOS;UNIÃO
sabino-2025-nov-return/2025-11-15,CV5-051,2022,2025-12-08,2025-12-19,MDB;PCdoB;PDT;PP;PSB;PSD;PSOL;PT;REDE;REPUBLICANOS
sabino-2025-nov-return/2025-11-15,CV5-052,2022,2025-12-19,2025-12-23,MDB;PCdoB;PDT;PP;PSB;PSD;PSDB;PSOL;PT;REDE;REPUBLICANOS
sabino-2025-nov-return/2025-11-15,CV5-053,2022,2025-12-23,2026-03-20,MDB;PCdoB;PDT;PP;PSB;PSD;PSOL;PT;REDE;REPUBLICANOS
sabino-2025-nov-return/2025-11-16,CV5-001,2014,2015-01-01,2015-03-19,PCdoB;PDT;PMDB;PP;PR;PRB;PROS;PSD;PT;PTB
sabino-2025-nov-return/2025-11-16,CV5-002,2014,2015-03-19,2016-03-18,PCdoB;PDT;PMDB;PP;PR;PRB;PSD;PT;PTB
sabino-2025-nov-return/2025-11-16,CV5-003,2014,2016-03-18,2016-03-31,PCdoB;PDT;PMDB;PP;PR;PROS;PSD;PT;PTB
sabino-2025-nov-return/2025-11-16,CV5-004,2014,2016-03-31,2016-04-14,PCdoB;PDT;PMDB;PP;PR;PSD;PT;PTB
sabino-2025-nov-return/2025-11-16,CV5-005,2014,2016-04-14,2016-04-19,PCdoB;PDT;PMDB;PR;PSD;PT;PTB
sabino-2025-nov-return/2025-11-16,CV5-006,2014,2016-04-19,2016-05-12,PCdoB;PDT;PMDB;PR;PT;PTB
sabino-2025-nov-return/2025-11-16,CV5-007,2014,2016-05-12,2016-10-10,DEM;PMDB;PP;PPS;PR;PRB;PSB;PSD;PSDB;PTB;PV
sabino-2025-nov-return/2025-11-16,CV5-008,2014,2016-10-10,2016-10-11,DEM;PMDB;PP;PPS;PR;PRB;PSD;PSDB;PTB;PV
sabino-2025-nov-return/2025-11-16,CV5-009,2014,2016-10-11,2016-10-25,DEM;PMDB;PP;PPS;PR;PRB;PSB;PSD;PSDB;PTB;PV
sabino-2025-nov-return/2025-11-16,CV5-010,2014,2016-10-25,2016-10-26,DEM;PMDB;PP;PPS;PR;PRB;PSD;PSDB;PTB;PV
sabino-2025-nov-return/2025-11-16,CV5-011,2014,2016-10-26,2017-04-26,DEM;PMDB;PP;PPS;PR;PRB;PSB;PSD;PSDB;PTB;PV
sabino-2025-nov-return/2025-11-16,CV5-012,2014,2017-04-26,2017-04-27,DEM;PMDB;PP;PPS;PR;PRB;PSD;PSDB;PTB;PV
sabino-2025-nov-return/2025-11-16,CV5-013,2014,2017-04-27,2017-08-02,DEM;PMDB;PP;PPS;PR;PRB;PSB;PSD;PSDB;PTB;PV
sabino-2025-nov-return/2025-11-16,CV5-014,2014,2017-08-02,2017-08-03,DEM;PMDB;PP;PPS;PR;PRB;PSD;PSDB;PTB;PV
sabino-2025-nov-return/2025-11-16,CV5-015,2014,2017-08-03,2017-10-18,DEM;PMDB;PP;PPS;PR;PRB;PSB;PSD;PSDB;PTB;PV
sabino-2025-nov-return/2025-11-16,CV5-016,2014,2017-10-18,2018-03-21,DEM;PMDB;PP;PPS;PR;PRB;PSD;PSDB;PTB;PV
sabino-2025-nov-return/2025-11-16,CV5-017,2014,2018-03-21,2018-04-02,DEM;PMDB;PP;PR;PRB;PSD;PSDB;PTB;PV
sabino-2025-nov-return/2025-11-16,CV5-018,2014,2018-04-02,2018-04-06,DEM;PMDB;PP;PRB;PSD;PSDB;PTB;PV
sabino-2025-nov-return/2025-11-16,CV5-019,2014,2018-04-06,2018-07-05,PMDB;PP;PRB;PSD;PSDB;PTB;PV
sabino-2025-nov-return/2025-11-16,CV5-020,2014,2018-07-05,2019-01-01,PMDB;PP;PRB;PSD;PSDB;PV
sabino-2025-nov-return/2025-11-16,CV5-021,2018,2019-01-01,2020-02-11,DEM;MDB;NOVO;PP;PSL
sabino-2025-nov-return/2025-11-16,CV5-022,2018,2020-02-11,2020-02-18,DEM;MDB;NOVO;PP;PSDB;PSL
sabino-2025-nov-return/2025-11-16,CV5-023,2018,2020-02-18,2020-04-16,DEM;NOVO;PP;PSDB;PSL
sabino-2025-nov-return/2025-11-16,CV5-024,2018,2020-04-16,2020-04-17,DEM;MDB;NOVO;PP;PSDB;PSL
sabino-2025-nov-return/2025-11-16,CV5-025,2018,2020-04-17,2020-05-07,DEM;NOVO;PP;PSDB;PSL
sabino-2025-nov-return/2025-11-16,CV5-026,2018,2020-05-07,2020-06-17,DEM;PP;PSDB;PSL
sabino-2025-nov-return/2025-11-16,CV5-027,2018,2020-06-17,2020-06-18,DEM;PP;PSD;PSDB;PSL
sabino-2025-nov-return/2025-11-16,CV5-028,2018,2020-06-18,2020-09-19,DEM;PP;PSD;PSL
sabino-2025-nov-return/2025-11-16,CV5-029,2018,2020-09-19,2020-12-09,DEM;PSD;PSL
sabino-2025-nov-return/2025-11-16,CV5-030,2018,2020-12-09,2021-02-12,DEM;PSC;PSD;PSL
sabino-2025-nov-return/2025-11-16,CV5-031,2018,2021-02-12,2021-03-31,DEM;PRB;PSC;PSD;PSL
sabino-2025-nov-return/2025-11-16,CV5-032,2018,2021-03-31,2021-07-28,DEM;PR;PRB;PSC;PSD;PSL
sabino-2025-nov-return/2025-11-16,CV5-033,2018,2021-07-28,2022-03-24,DEM;PP;PR;PRB;PSC;PSD;PSL
sabino-2025-nov-return/2025-11-16,CV5-034,2018,2022-03-24,2022-03-27,DEM;PP;PR;PRB;PSC;PSL
sabino-2025-nov-return/2025-11-16,CV5-035,2018,2022-03-27,2022-03-28,PP;PR;PSC
sabino-2025-nov-return/2025-11-16,CV5-036,2018,2022-03-28,2022-03-30,PP;PR;PRB;PSC
sabino-2025-nov-return/2025-11-16,CV5-037,2018,2022-03-30,2022-03-31,PP;PR;PRB
sabino-2025-nov-return/2025-11-16,CV5-038,2018,2022-03-31,2022-05-11,PP;PRB;PSD
sabino-2025-nov-return/2025-11-16,CV5-039,2018,2022-05-11,2022-12-30,DEM;PP;PRB;PSD;PSL
sabino-2025-nov-return/2025-11-16,CV5-040,2018,2022-12-30,2023-01-01,DEM;NOVO;PRB;PSD;PSL
sabino-2025-nov-return/2025-11-16,CV5-041,2022,2023-01-01,2023-09-13,MDB;PCdoB;PDT;PSB;PSD;PSOL;PT;REDE;UNIÃO
sabino-2025-nov-return/2025-11-16,CV5-042,2022,2023-09-13,2023-12-04,MDB;PCdoB;PDT;PP;PSB;PSD;PSOL;PT;REDE;REPUBLICANOS;UNIÃO
sabino-2025-nov-return/2025-11-16,CV5-043,2022,2023-12-04,2023-12-06,MDB;PCdoB;PDT;PP;PSB;PSD;PSDB;PSOL;PT;REDE;REPUBLICANOS;UNIÃO
sabino-2025-nov-return/2025-11-16,CV5-044,2022,2023-12-06,2024-12-03,MDB;PCdoB;PDT;PP;PSB;PSD;PSOL;PT;REDE;REPUBLICANOS;UNIÃO
sabino-2025-nov-return/2025-11-16,CV5-045,2022,2024-12-03,2024-12-06,MDB;PCdoB;PDT;PP;PSB;PSD;PSDB;PSOL;PT;REDE;REPUBLICANOS;UNIÃO
sabino-2025-nov-return/2025-11-16,CV5-046,2022,2024-12-06,2025-10-08,MDB;PCdoB;PDT;PP;PSB;PSD;PSOL;PT;REDE;REPUBLICANOS;UNIÃO
sabino-2025-nov-return/2025-11-16,CV5-047,2022,2025-10-08,2025-10-09,MDB;PCdoB;PDT;PP;PSB;PSD;PSDB;PSOL;PT;REDE;REPUBLICANOS
sabino-2025-nov-return/2025-11-16,CV5-048,2022,2025-10-09,2025-11-13,MDB;PCdoB;PDT;PP;PSB;PSD;PSOL;PT;REDE;REPUBLICANOS;UNIÃO
sabino-2025-nov-return/2025-11-16,CV5-049,2022,2025-11-13,2025-11-16,MDB;PCdoB;PDT;PP;PSB;PSD;PSDB;PSOL;PT;REDE;REPUBLICANOS
sabino-2025-nov-return/2025-11-16,CV5-050,2022,2025-11-16,2025-12-08,MDB;PCdoB;PDT;PP;PSB;PSD;PSOL;PT;REDE;REPUBLICANOS;UNIÃO
sabino-2025-nov-return/2025-11-16,CV5-051,2022,2025-12-08,2025-12-19,MDB;PCdoB;PDT;PP;PSB;PSD;PSOL;PT;REDE;REPUBLICANOS
sabino-2025-nov-return/2025-11-16,CV5-052,2022,2025-12-19,2025-12-23,MDB;PCdoB;PDT;PP;PSB;PSD;PSDB;PSOL;PT;REDE;REPUBLICANOS
sabino-2025-nov-return/2025-11-16,CV5-053,2022,2025-12-23,2026-03-20,MDB;PCdoB;PDT;PP;PSB;PSD;PSOL;PT;REDE;REPUBLICANOS
transition-person-20d6d1c35408/2020-06-16,CV5-001,2014,2015-01-01,2015-03-19,PCdoB;PDT;PMDB;PP;PR;PRB;PROS;PSD;PT;PTB
transition-person-20d6d1c35408/2020-06-16,CV5-002,2014,2015-03-19,2016-03-18,PCdoB;PDT;PMDB;PP;PR;PRB;PSD;PT;PTB
transition-person-20d6d1c35408/2020-06-16,CV5-003,2014,2016-03-18,2016-03-31,PCdoB;PDT;PMDB;PP;PR;PROS;PSD;PT;PTB
transition-person-20d6d1c35408/2020-06-16,CV5-004,2014,2016-03-31,2016-04-14,PCdoB;PDT;PMDB;PP;PR;PSD;PT;PTB
transition-person-20d6d1c35408/2020-06-16,CV5-005,2014,2016-04-14,2016-04-19,PCdoB;PDT;PMDB;PR;PSD;PT;PTB
transition-person-20d6d1c35408/2020-06-16,CV5-006,2014,2016-04-19,2016-05-12,PCdoB;PDT;PMDB;PR;PT;PTB
transition-person-20d6d1c35408/2020-06-16,CV5-007,2014,2016-05-12,2016-10-10,DEM;PMDB;PP;PPS;PR;PRB;PSB;PSD;PSDB;PTB;PV
transition-person-20d6d1c35408/2020-06-16,CV5-008,2014,2016-10-10,2016-10-11,DEM;PMDB;PP;PPS;PR;PRB;PSD;PSDB;PTB;PV
transition-person-20d6d1c35408/2020-06-16,CV5-009,2014,2016-10-11,2016-10-25,DEM;PMDB;PP;PPS;PR;PRB;PSB;PSD;PSDB;PTB;PV
transition-person-20d6d1c35408/2020-06-16,CV5-010,2014,2016-10-25,2016-10-26,DEM;PMDB;PP;PPS;PR;PRB;PSD;PSDB;PTB;PV
transition-person-20d6d1c35408/2020-06-16,CV5-011,2014,2016-10-26,2017-04-26,DEM;PMDB;PP;PPS;PR;PRB;PSB;PSD;PSDB;PTB;PV
transition-person-20d6d1c35408/2020-06-16,CV5-012,2014,2017-04-26,2017-04-27,DEM;PMDB;PP;PPS;PR;PRB;PSD;PSDB;PTB;PV
transition-person-20d6d1c35408/2020-06-16,CV5-013,2014,2017-04-27,2017-08-02,DEM;PMDB;PP;PPS;PR;PRB;PSB;PSD;PSDB;PTB;PV
transition-person-20d6d1c35408/2020-06-16,CV5-014,2014,2017-08-02,2017-08-03,DEM;PMDB;PP;PPS;PR;PRB;PSD;PSDB;PTB;PV
transition-person-20d6d1c35408/2020-06-16,CV5-015,2014,2017-08-03,2017-10-18,DEM;PMDB;PP;PPS;PR;PRB;PSB;PSD;PSDB;PTB;PV
transition-person-20d6d1c35408/2020-06-16,CV5-016,2014,2017-10-18,2018-03-21,DEM;PMDB;PP;PPS;PR;PRB;PSD;PSDB;PTB;PV
transition-person-20d6d1c35408/2020-06-16,CV5-017,2014,2018-03-21,2018-04-02,DEM;PMDB;PP;PR;PRB;PSD;PSDB;PTB;PV
transition-person-20d6d1c35408/2020-06-16,CV5-018,2014,2018-04-02,2018-04-06,DEM;PMDB;PP;PRB;PSD;PSDB;PTB;PV
transition-person-20d6d1c35408/2020-06-16,CV5-019,2014,2018-04-06,2018-07-05,PMDB;PP;PRB;PSD;PSDB;PTB;PV
transition-person-20d6d1c35408/2020-06-16,CV5-020,2014,2018-07-05,2019-01-01,PMDB;PP;PRB;PSD;PSDB;PV
transition-person-20d6d1c35408/2020-06-16,CV5-021,2018,2019-01-01,2020-02-11,DEM;MDB;NOVO;PP;PSL
transition-person-20d6d1c35408/2020-06-16,CV5-022,2018,2020-02-11,2020-02-18,DEM;MDB;NOVO;PP;PSDB;PSL
transition-person-20d6d1c35408/2020-06-16,CV5-023,2018,2020-02-18,2020-04-16,DEM;NOVO;PP;PSDB;PSL
transition-person-20d6d1c35408/2020-06-16,CV5-024,2018,2020-04-16,2020-04-17,DEM;MDB;NOVO;PP;PSDB;PSL
transition-person-20d6d1c35408/2020-06-16,CV5-025,2018,2020-04-17,2020-05-07,DEM;NOVO;PP;PSDB;PSL
transition-person-20d6d1c35408/2020-06-16,CV5-026,2018,2020-05-07,2020-06-16,DEM;PP;PSDB;PSL
transition-person-20d6d1c35408/2020-06-16,CV5-027,2018,2020-06-16,2020-06-17,DEM;PP;PSL
transition-person-20d6d1c35408/2020-06-16,CV5-028,2018,2020-06-17,2020-09-19,DEM;PP;PSD;PSL
transition-person-20d6d1c35408/2020-06-16,CV5-029,2018,2020-09-19,2020-12-09,DEM;PSD;PSL
transition-person-20d6d1c35408/2020-06-16,CV5-030,2018,2020-12-09,2021-02-12,DEM;PSC;PSD;PSL
transition-person-20d6d1c35408/2020-06-16,CV5-031,2018,2021-02-12,2021-03-31,DEM;PRB;PSC;PSD;PSL
transition-person-20d6d1c35408/2020-06-16,CV5-032,2018,2021-03-31,2021-07-28,DEM;PR;PRB;PSC;PSD;PSL
transition-person-20d6d1c35408/2020-06-16,CV5-033,2018,2021-07-28,2022-03-24,DEM;PP;PR;PRB;PSC;PSD;PSL
transition-person-20d6d1c35408/2020-06-16,CV5-034,2018,2022-03-24,2022-03-27,DEM;PP;PR;PRB;PSC;PSL
transition-person-20d6d1c35408/2020-06-16,CV5-035,2018,2022-03-27,2022-03-28,PP;PR;PSC
transition-person-20d6d1c35408/2020-06-16,CV5-036,2018,2022-03-28,2022-03-30,PP;PR;PRB;PSC
transition-person-20d6d1c35408/2020-06-16,CV5-037,2018,2022-03-30,2022-03-31,PP;PR;PRB
transition-person-20d6d1c35408/2020-06-16,CV5-038,2018,2022-03-31,2022-05-11,PP;PRB;PSD
transition-person-20d6d1c35408/2020-06-16,CV5-039,2018,2022-05-11,2022-12-30,DEM;PP;PRB;PSD;PSL
transition-person-20d6d1c35408/2020-06-16,CV5-040,2018,2022-12-30,2023-01-01,DEM;NOVO;PRB;PSD;PSL
transition-person-20d6d1c35408/2020-06-16,CV5-041,2022,2023-01-01,2023-09-13,MDB;PCdoB;PDT;PSB;PSD;PSOL;PT;REDE;UNIÃO
transition-person-20d6d1c35408/2020-06-16,CV5-042,2022,2023-09-13,2023-12-04,MDB;PCdoB;PDT;PP;PSB;PSD;PSOL;PT;REDE;REPUBLICANOS;UNIÃO
transition-person-20d6d1c35408/2020-06-16,CV5-043,2022,2023-12-04,2023-12-06,MDB;PCdoB;PDT;PP;PSB;PSD;PSDB;PSOL;PT;REDE;REPUBLICANOS;UNIÃO
transition-person-20d6d1c35408/2020-06-16,CV5-044,2022,2023-12-06,2024-12-03,MDB;PCdoB;PDT;PP;PSB;PSD;PSOL;PT;REDE;REPUBLICANOS;UNIÃO
transition-person-20d6d1c35408/2020-06-16,CV5-045,2022,2024-12-03,2024-12-06,MDB;PCdoB;PDT;PP;PSB;PSD;PSDB;PSOL;PT;REDE;REPUBLICANOS;UNIÃO
transition-person-20d6d1c35408/2020-06-16,CV5-046,2022,2024-12-06,2025-10-08,MDB;PCdoB;PDT;PP;PSB;PSD;PSOL;PT;REDE;REPUBLICANOS;UNIÃO
transition-person-20d6d1c35408/2020-06-16,CV5-047,2022,2025-10-08,2025-10-09,MDB;PCdoB;PDT;PP;PSB;PSD;PSDB;PSOL;PT;REDE;REPUBLICANOS
transition-person-20d6d1c35408/2020-06-16,CV5-048,2022,2025-10-09,2025-11-13,MDB;PCdoB;PDT;PP;PSB;PSD;PSOL;PT;REDE;REPUBLICANOS;UNIÃO
transition-person-20d6d1c35408/2020-06-16,CV5-049,2022,2025-11-13,2025-11-17,MDB;PCdoB;PDT;PP;PSB;PSD;PSDB;PSOL;PT;REDE;REPUBLICANOS
transition-person-20d6d1c35408/2020-06-16,CV5-050,2022,2025-11-17,2025-12-08,MDB;PCdoB;PDT;PP;PSB;PSD;PSOL;PT;REDE;REPUBLICANOS;UNIÃO
transition-person-20d6d1c35408/2020-06-16,CV5-051,2022,2025-12-08,2025-12-19,MDB;PCdoB;PDT;PP;PSB;PSD;PSOL;PT;REDE;REPUBLICANOS
transition-person-20d6d1c35408/2020-06-16,CV5-052,2022,2025-12-19,2025-12-23,MDB;PCdoB;PDT;PP;PSB;PSD;PSDB;PSOL;PT;REDE;REPUBLICANOS
transition-person-20d6d1c35408/2020-06-16,CV5-053,2022,2025-12-23,2026-03-20,MDB;PCdoB;PDT;PP;PSB;PSD;PSOL;PT;REDE;REPUBLICANOS
transition-person-20d6d1c35408/2020-06-17,CV5-001,2014,2015-01-01,2015-03-19,PCdoB;PDT;PMDB;PP;PR;PRB;PROS;PSD;PT;PTB
transition-person-20d6d1c35408/2020-06-17,CV5-002,2014,2015-03-19,2016-03-18,PCdoB;PDT;PMDB;PP;PR;PRB;PSD;PT;PTB
transition-person-20d6d1c35408/2020-06-17,CV5-003,2014,2016-03-18,2016-03-31,PCdoB;PDT;PMDB;PP;PR;PROS;PSD;PT;PTB
transition-person-20d6d1c35408/2020-06-17,CV5-004,2014,2016-03-31,2016-04-14,PCdoB;PDT;PMDB;PP;PR;PSD;PT;PTB
transition-person-20d6d1c35408/2020-06-17,CV5-005,2014,2016-04-14,2016-04-19,PCdoB;PDT;PMDB;PR;PSD;PT;PTB
transition-person-20d6d1c35408/2020-06-17,CV5-006,2014,2016-04-19,2016-05-12,PCdoB;PDT;PMDB;PR;PT;PTB
transition-person-20d6d1c35408/2020-06-17,CV5-007,2014,2016-05-12,2016-10-10,DEM;PMDB;PP;PPS;PR;PRB;PSB;PSD;PSDB;PTB;PV
transition-person-20d6d1c35408/2020-06-17,CV5-008,2014,2016-10-10,2016-10-11,DEM;PMDB;PP;PPS;PR;PRB;PSD;PSDB;PTB;PV
transition-person-20d6d1c35408/2020-06-17,CV5-009,2014,2016-10-11,2016-10-25,DEM;PMDB;PP;PPS;PR;PRB;PSB;PSD;PSDB;PTB;PV
transition-person-20d6d1c35408/2020-06-17,CV5-010,2014,2016-10-25,2016-10-26,DEM;PMDB;PP;PPS;PR;PRB;PSD;PSDB;PTB;PV
transition-person-20d6d1c35408/2020-06-17,CV5-011,2014,2016-10-26,2017-04-26,DEM;PMDB;PP;PPS;PR;PRB;PSB;PSD;PSDB;PTB;PV
transition-person-20d6d1c35408/2020-06-17,CV5-012,2014,2017-04-26,2017-04-27,DEM;PMDB;PP;PPS;PR;PRB;PSD;PSDB;PTB;PV
transition-person-20d6d1c35408/2020-06-17,CV5-013,2014,2017-04-27,2017-08-02,DEM;PMDB;PP;PPS;PR;PRB;PSB;PSD;PSDB;PTB;PV
transition-person-20d6d1c35408/2020-06-17,CV5-014,2014,2017-08-02,2017-08-03,DEM;PMDB;PP;PPS;PR;PRB;PSD;PSDB;PTB;PV
transition-person-20d6d1c35408/2020-06-17,CV5-015,2014,2017-08-03,2017-10-18,DEM;PMDB;PP;PPS;PR;PRB;PSB;PSD;PSDB;PTB;PV
transition-person-20d6d1c35408/2020-06-17,CV5-016,2014,2017-10-18,2018-03-21,DEM;PMDB;PP;PPS;PR;PRB;PSD;PSDB;PTB;PV
transition-person-20d6d1c35408/2020-06-17,CV5-017,2014,2018-03-21,2018-04-02,DEM;PMDB;PP;PR;PRB;PSD;PSDB;PTB;PV
transition-person-20d6d1c35408/2020-06-17,CV5-018,2014,2018-04-02,2018-04-06,DEM;PMDB;PP;PRB;PSD;PSDB;PTB;PV
transition-person-20d6d1c35408/2020-06-17,CV5-019,2014,2018-04-06,2018-07-05,PMDB;PP;PRB;PSD;PSDB;PTB;PV
transition-person-20d6d1c35408/2020-06-17,CV5-020,2014,2018-07-05,2019-01-01,PMDB;PP;PRB;PSD;PSDB;PV
transition-person-20d6d1c35408/2020-06-17,CV5-021,2018,2019-01-01,2020-02-11,DEM;MDB;NOVO;PP;PSL
transition-person-20d6d1c35408/2020-06-17,CV5-022,2018,2020-02-11,2020-02-18,DEM;MDB;NOVO;PP;PSDB;PSL
transition-person-20d6d1c35408/2020-06-17,CV5-023,2018,2020-02-18,2020-04-16,DEM;NOVO;PP;PSDB;PSL
transition-person-20d6d1c35408/2020-06-17,CV5-024,2018,2020-04-16,2020-04-17,DEM;MDB;NOVO;PP;PSDB;PSL
transition-person-20d6d1c35408/2020-06-17,CV5-025,2018,2020-04-17,2020-05-07,DEM;NOVO;PP;PSDB;PSL
transition-person-20d6d1c35408/2020-06-17,CV5-026,2018,2020-05-07,2020-06-17,DEM;PP;PSDB;PSL
transition-person-20d6d1c35408/2020-06-17,CV5-027,2018,2020-06-17,2020-09-19,DEM;PP;PSD;PSL
transition-person-20d6d1c35408/2020-06-17,CV5-028,2018,2020-09-19,2020-12-09,DEM;PSD;PSL
transition-person-20d6d1c35408/2020-06-17,CV5-029,2018,2020-12-09,2021-02-12,DEM;PSC;PSD;PSL
transition-person-20d6d1c35408/2020-06-17,CV5-030,2018,2021-02-12,2021-03-31,DEM;PRB;PSC;PSD;PSL
transition-person-20d6d1c35408/2020-06-17,CV5-031,2018,2021-03-31,2021-07-28,DEM;PR;PRB;PSC;PSD;PSL
transition-person-20d6d1c35408/2020-06-17,CV5-032,2018,2021-07-28,2022-03-24,DEM;PP;PR;PRB;PSC;PSD;PSL
transition-person-20d6d1c35408/2020-06-17,CV5-033,2018,2022-03-24,2022-03-27,DEM;PP;PR;PRB;PSC;PSL
transition-person-20d6d1c35408/2020-06-17,CV5-034,2018,2022-03-27,2022-03-28,PP;PR;PSC
transition-person-20d6d1c35408/2020-06-17,CV5-035,2018,2022-03-28,2022-03-30,PP;PR;PRB;PSC
transition-person-20d6d1c35408/2020-06-17,CV5-036,2018,2022-03-30,2022-03-31,PP;PR;PRB
transition-person-20d6d1c35408/2020-06-17,CV5-037,2018,2022-03-31,2022-05-11,PP;PRB;PSD
transition-person-20d6d1c35408/2020-06-17,CV5-038,2018,2022-05-11,2022-12-30,DEM;PP;PRB;PSD;PSL
transition-person-20d6d1c35408/2020-06-17,CV5-039,2018,2022-12-30,2023-01-01,DEM;NOVO;PRB;PSD;PSL
transition-person-20d6d1c35408/2020-06-17,CV5-040,2022,2023-01-01,2023-09-13,MDB;PCdoB;PDT;PSB;PSD;PSOL;PT;REDE;UNIÃO
transition-person-20d6d1c35408/2020-06-17,CV5-041,2022,2023-09-13,2023-12-04,MDB;PCdoB;PDT;PP;PSB;PSD;PSOL;PT;REDE;REPUBLICANOS;UNIÃO
transition-person-20d6d1c35408/2020-06-17,CV5-042,2022,2023-12-04,2023-12-06,MDB;PCdoB;PDT;PP;PSB;PSD;PSDB;PSOL;PT;REDE;REPUBLICANOS;UNIÃO
transition-person-20d6d1c35408/2020-06-17,CV5-043,2022,2023-12-06,2024-12-03,MDB;PCdoB;PDT;PP;PSB;PSD;PSOL;PT;REDE;REPUBLICANOS;UNIÃO
transition-person-20d6d1c35408/2020-06-17,CV5-044,2022,2024-12-03,2024-12-06,MDB;PCdoB;PDT;PP;PSB;PSD;PSDB;PSOL;PT;REDE;REPUBLICANOS;UNIÃO
transition-person-20d6d1c35408/2020-06-17,CV5-045,2022,2024-12-06,2025-10-08,MDB;PCdoB;PDT;PP;PSB;PSD;PSOL;PT;REDE;REPUBLICANOS;UNIÃO
transition-person-20d6d1c35408/2020-06-17,CV5-046,2022,2025-10-08,2025-10-09,MDB;PCdoB;PDT;PP;PSB;PSD;PSDB;PSOL;PT;REDE;REPUBLICANOS
transition-person-20d6d1c35408/2020-06-17,CV5-047,2022,2025-10-09,2025-11-13,MDB;PCdoB;PDT;PP;PSB;PSD;PSOL;PT;REDE;REPUBLICANOS;UNIÃO
transition-person-20d6d1c35408/2020-06-17,CV5-048,2022,2025-11-13,2025-11-17,MDB;PCdoB;PDT;PP;PSB;PSD;PSDB;PSOL;PT;REDE;REPUBLICANOS
transition-person-20d6d1c35408/2020-06-17,CV5-049,2022,2025-11-17,2025-12-08,MDB;PCdoB;PDT;PP;PSB;PSD;PSOL;PT;REDE;REPUBLICANOS;UNIÃO
transition-person-20d6d1c35408/2020-06-17,CV5-050,2022,2025-12-08,2025-12-19,MDB;PCdoB;PDT;PP;PSB;PSD;PSOL;PT;REDE;REPUBLICANOS
transition-person-20d6d1c35408/2020-06-17,CV5-051,2022,2025-12-19,2025-12-23,MDB;PCdoB;PDT;PP;PSB;PSD;PSDB;PSOL;PT;REDE;REPUBLICANOS
transition-person-20d6d1c35408/2020-06-17,CV5-052,2022,2025-12-23,2026-03-20,MDB;PCdoB;PDT;PP;PSB;PSD;PSOL;PT;REDE;REPUBLICANOS
transition-person-87ad75f8d2f9/2020-09-04,CV5-001,2014,2015-01-01,2015-03-19,PCdoB;PDT;PMDB;PP;PR;PRB;PROS;PSD;PT;PTB
transition-person-87ad75f8d2f9/2020-09-04,CV5-002,2014,2015-03-19,2016-03-18,PCdoB;PDT;PMDB;PP;PR;PRB;PSD;PT;PTB
transition-person-87ad75f8d2f9/2020-09-04,CV5-003,2014,2016-03-18,2016-03-31,PCdoB;PDT;PMDB;PP;PR;PROS;PSD;PT;PTB
transition-person-87ad75f8d2f9/2020-09-04,CV5-004,2014,2016-03-31,2016-04-14,PCdoB;PDT;PMDB;PP;PR;PSD;PT;PTB
transition-person-87ad75f8d2f9/2020-09-04,CV5-005,2014,2016-04-14,2016-04-19,PCdoB;PDT;PMDB;PR;PSD;PT;PTB
transition-person-87ad75f8d2f9/2020-09-04,CV5-006,2014,2016-04-19,2016-05-12,PCdoB;PDT;PMDB;PR;PT;PTB
transition-person-87ad75f8d2f9/2020-09-04,CV5-007,2014,2016-05-12,2016-10-10,DEM;PMDB;PP;PPS;PR;PRB;PSB;PSD;PSDB;PTB;PV
transition-person-87ad75f8d2f9/2020-09-04,CV5-008,2014,2016-10-10,2016-10-11,DEM;PMDB;PP;PPS;PR;PRB;PSD;PSDB;PTB;PV
transition-person-87ad75f8d2f9/2020-09-04,CV5-009,2014,2016-10-11,2016-10-25,DEM;PMDB;PP;PPS;PR;PRB;PSB;PSD;PSDB;PTB;PV
transition-person-87ad75f8d2f9/2020-09-04,CV5-010,2014,2016-10-25,2016-10-26,DEM;PMDB;PP;PPS;PR;PRB;PSD;PSDB;PTB;PV
transition-person-87ad75f8d2f9/2020-09-04,CV5-011,2014,2016-10-26,2017-04-26,DEM;PMDB;PP;PPS;PR;PRB;PSB;PSD;PSDB;PTB;PV
transition-person-87ad75f8d2f9/2020-09-04,CV5-012,2014,2017-04-26,2017-04-27,DEM;PMDB;PP;PPS;PR;PRB;PSD;PSDB;PTB;PV
transition-person-87ad75f8d2f9/2020-09-04,CV5-013,2014,2017-04-27,2017-08-02,DEM;PMDB;PP;PPS;PR;PRB;PSB;PSD;PSDB;PTB;PV
transition-person-87ad75f8d2f9/2020-09-04,CV5-014,2014,2017-08-02,2017-08-03,DEM;PMDB;PP;PPS;PR;PRB;PSD;PSDB;PTB;PV
transition-person-87ad75f8d2f9/2020-09-04,CV5-015,2014,2017-08-03,2017-10-18,DEM;PMDB;PP;PPS;PR;PRB;PSB;PSD;PSDB;PTB;PV
transition-person-87ad75f8d2f9/2020-09-04,CV5-016,2014,2017-10-18,2018-03-21,DEM;PMDB;PP;PPS;PR;PRB;PSD;PSDB;PTB;PV
transition-person-87ad75f8d2f9/2020-09-04,CV5-017,2014,2018-03-21,2018-04-02,DEM;PMDB;PP;PR;PRB;PSD;PSDB;PTB;PV
transition-person-87ad75f8d2f9/2020-09-04,CV5-018,2014,2018-04-02,2018-04-06,DEM;PMDB;PP;PRB;PSD;PSDB;PTB;PV
transition-person-87ad75f8d2f9/2020-09-04,CV5-019,2014,2018-04-06,2018-07-05,PMDB;PP;PRB;PSD;PSDB;PTB;PV
transition-person-87ad75f8d2f9/2020-09-04,CV5-020,2014,2018-07-05,2019-01-01,PMDB;PP;PRB;PSD;PSDB;PV
transition-person-87ad75f8d2f9/2020-09-04,CV5-021,2018,2019-01-01,2020-02-11,DEM;MDB;NOVO;PP;PSL
transition-person-87ad75f8d2f9/2020-09-04,CV5-022,2018,2020-02-11,2020-02-18,DEM;MDB;NOVO;PP;PSDB;PSL
transition-person-87ad75f8d2f9/2020-09-04,CV5-023,2018,2020-02-18,2020-04-16,DEM;NOVO;PP;PSDB;PSL
transition-person-87ad75f8d2f9/2020-09-04,CV5-024,2018,2020-04-16,2020-04-17,DEM;MDB;NOVO;PP;PSDB;PSL
transition-person-87ad75f8d2f9/2020-09-04,CV5-025,2018,2020-04-17,2020-05-07,DEM;NOVO;PP;PSDB;PSL
transition-person-87ad75f8d2f9/2020-09-04,CV5-026,2018,2020-05-07,2020-06-17,DEM;PP;PSDB;PSL
transition-person-87ad75f8d2f9/2020-09-04,CV5-027,2018,2020-06-17,2020-06-18,DEM;PP;PSD;PSDB;PSL
transition-person-87ad75f8d2f9/2020-09-04,CV5-028,2018,2020-06-18,2020-09-04,DEM;PP;PSD;PSL
transition-person-87ad75f8d2f9/2020-09-04,CV5-029,2018,2020-09-04,2020-12-09,DEM;PSD;PSL
transition-person-87ad75f8d2f9/2020-09-04,CV5-030,2018,2020-12-09,2021-02-12,DEM;PSC;PSD;PSL
transition-person-87ad75f8d2f9/2020-09-04,CV5-031,2018,2021-02-12,2021-03-31,DEM;PRB;PSC;PSD;PSL
transition-person-87ad75f8d2f9/2020-09-04,CV5-032,2018,2021-03-31,2021-07-28,DEM;PR;PRB;PSC;PSD;PSL
transition-person-87ad75f8d2f9/2020-09-04,CV5-033,2018,2021-07-28,2022-03-24,DEM;PP;PR;PRB;PSC;PSD;PSL
transition-person-87ad75f8d2f9/2020-09-04,CV5-034,2018,2022-03-24,2022-03-27,DEM;PP;PR;PRB;PSC;PSL
transition-person-87ad75f8d2f9/2020-09-04,CV5-035,2018,2022-03-27,2022-03-28,PP;PR;PSC
transition-person-87ad75f8d2f9/2020-09-04,CV5-036,2018,2022-03-28,2022-03-30,PP;PR;PRB;PSC
transition-person-87ad75f8d2f9/2020-09-04,CV5-037,2018,2022-03-30,2022-03-31,PP;PR;PRB
transition-person-87ad75f8d2f9/2020-09-04,CV5-038,2018,2022-03-31,2022-05-11,PP;PRB;PSD
transition-person-87ad75f8d2f9/2020-09-04,CV5-039,2018,2022-05-11,2022-12-30,DEM;PP;PRB;PSD;PSL
transition-person-87ad75f8d2f9/2020-09-04,CV5-040,2018,2022-12-30,2023-01-01,DEM;NOVO;PRB;PSD;PSL
transition-person-87ad75f8d2f9/2020-09-04,CV5-041,2022,2023-01-01,2023-09-13,MDB;PCdoB;PDT;PSB;PSD;PSOL;PT;REDE;UNIÃO
transition-person-87ad75f8d2f9/2020-09-04,CV5-042,2022,2023-09-13,2023-12-04,MDB;PCdoB;PDT;PP;PSB;PSD;PSOL;PT;REDE;REPUBLICANOS;UNIÃO
transition-person-87ad75f8d2f9/2020-09-04,CV5-043,2022,2023-12-04,2023-12-06,MDB;PCdoB;PDT;PP;PSB;PSD;PSDB;PSOL;PT;REDE;REPUBLICANOS;UNIÃO
transition-person-87ad75f8d2f9/2020-09-04,CV5-044,2022,2023-12-06,2024-12-03,MDB;PCdoB;PDT;PP;PSB;PSD;PSOL;PT;REDE;REPUBLICANOS;UNIÃO
transition-person-87ad75f8d2f9/2020-09-04,CV5-045,2022,2024-12-03,2024-12-06,MDB;PCdoB;PDT;PP;PSB;PSD;PSDB;PSOL;PT;REDE;REPUBLICANOS;UNIÃO
transition-person-87ad75f8d2f9/2020-09-04,CV5-046,2022,2024-12-06,2025-10-08,MDB;PCdoB;PDT;PP;PSB;PSD;PSOL;PT;REDE;REPUBLICANOS;UNIÃO
transition-person-87ad75f8d2f9/2020-09-04,CV5-047,2022,2025-10-08,2025-10-09,MDB;PCdoB;PDT;PP;PSB;PSD;PSDB;PSOL;PT;REDE;REPUBLICANOS
transition-person-87ad75f8d2f9/2020-09-04,CV5-048,2022,2025-10-09,2025-11-13,MDB;PCdoB;PDT;PP;PSB;PSD;PSOL;PT;REDE;REPUBLICANOS;UNIÃO
transition-person-87ad75f8d2f9/2020-09-04,CV5-049,2022,2025-11-13,2025-11-17,MDB;PCdoB;PDT;PP;PSB;PSD;PSDB;PSOL;PT;REDE;REPUBLICANOS
transition-person-87ad75f8d2f9/2020-09-04,CV5-050,2022,2025-11-17,2025-12-08,MDB;PCdoB;PDT;PP;PSB;PSD;PSOL;PT;REDE;REPUBLICANOS;UNIÃO
transition-person-87ad75f8d2f9/2020-09-04,CV5-051,2022,2025-12-08,2025-12-19,MDB;PCdoB;PDT;PP;PSB;PSD;PSOL;PT;REDE;REPUBLICANOS
transition-person-87ad75f8d2f9/2020-09-04,CV5-052,2022,2025-12-19,2025-12-23,MDB;PCdoB;PDT;PP;PSB;PSD;PSDB;PSOL;PT;REDE;REPUBLICANOS
transition-person-87ad75f8d2f9/2020-09-04,CV5-053,2022,2025-12-23,2026-03-20,MDB;PCdoB;PDT;PP;PSB;PSD;PSOL;PT;REDE;REPUBLICANOS
transition-person-87ad75f8d2f9/2020-09-05,CV5-001,2014,2015-01-01,2015-03-19,PCdoB;PDT;PMDB;PP;PR;PRB;PROS;PSD;PT;PTB
transition-person-87ad75f8d2f9/2020-09-05,CV5-002,2014,2015-03-19,2016-03-18,PCdoB;PDT;PMDB;PP;PR;PRB;PSD;PT;PTB
transition-person-87ad75f8d2f9/2020-09-05,CV5-003,2014,2016-03-18,2016-03-31,PCdoB;PDT;PMDB;PP;PR;PROS;PSD;PT;PTB
transition-person-87ad75f8d2f9/2020-09-05,CV5-004,2014,2016-03-31,2016-04-14,PCdoB;PDT;PMDB;PP;PR;PSD;PT;PTB
transition-person-87ad75f8d2f9/2020-09-05,CV5-005,2014,2016-04-14,2016-04-19,PCdoB;PDT;PMDB;PR;PSD;PT;PTB
transition-person-87ad75f8d2f9/2020-09-05,CV5-006,2014,2016-04-19,2016-05-12,PCdoB;PDT;PMDB;PR;PT;PTB
transition-person-87ad75f8d2f9/2020-09-05,CV5-007,2014,2016-05-12,2016-10-10,DEM;PMDB;PP;PPS;PR;PRB;PSB;PSD;PSDB;PTB;PV
transition-person-87ad75f8d2f9/2020-09-05,CV5-008,2014,2016-10-10,2016-10-11,DEM;PMDB;PP;PPS;PR;PRB;PSD;PSDB;PTB;PV
transition-person-87ad75f8d2f9/2020-09-05,CV5-009,2014,2016-10-11,2016-10-25,DEM;PMDB;PP;PPS;PR;PRB;PSB;PSD;PSDB;PTB;PV
transition-person-87ad75f8d2f9/2020-09-05,CV5-010,2014,2016-10-25,2016-10-26,DEM;PMDB;PP;PPS;PR;PRB;PSD;PSDB;PTB;PV
transition-person-87ad75f8d2f9/2020-09-05,CV5-011,2014,2016-10-26,2017-04-26,DEM;PMDB;PP;PPS;PR;PRB;PSB;PSD;PSDB;PTB;PV
transition-person-87ad75f8d2f9/2020-09-05,CV5-012,2014,2017-04-26,2017-04-27,DEM;PMDB;PP;PPS;PR;PRB;PSD;PSDB;PTB;PV
transition-person-87ad75f8d2f9/2020-09-05,CV5-013,2014,2017-04-27,2017-08-02,DEM;PMDB;PP;PPS;PR;PRB;PSB;PSD;PSDB;PTB;PV
transition-person-87ad75f8d2f9/2020-09-05,CV5-014,2014,2017-08-02,2017-08-03,DEM;PMDB;PP;PPS;PR;PRB;PSD;PSDB;PTB;PV
transition-person-87ad75f8d2f9/2020-09-05,CV5-015,2014,2017-08-03,2017-10-18,DEM;PMDB;PP;PPS;PR;PRB;PSB;PSD;PSDB;PTB;PV
transition-person-87ad75f8d2f9/2020-09-05,CV5-016,2014,2017-10-18,2018-03-21,DEM;PMDB;PP;PPS;PR;PRB;PSD;PSDB;PTB;PV
transition-person-87ad75f8d2f9/2020-09-05,CV5-017,2014,2018-03-21,2018-04-02,DEM;PMDB;PP;PR;PRB;PSD;PSDB;PTB;PV
transition-person-87ad75f8d2f9/2020-09-05,CV5-018,2014,2018-04-02,2018-04-06,DEM;PMDB;PP;PRB;PSD;PSDB;PTB;PV
transition-person-87ad75f8d2f9/2020-09-05,CV5-019,2014,2018-04-06,2018-07-05,PMDB;PP;PRB;PSD;PSDB;PTB;PV
transition-person-87ad75f8d2f9/2020-09-05,CV5-020,2014,2018-07-05,2019-01-01,PMDB;PP;PRB;PSD;PSDB;PV
transition-person-87ad75f8d2f9/2020-09-05,CV5-021,2018,2019-01-01,2020-02-11,DEM;MDB;NOVO;PP;PSL
transition-person-87ad75f8d2f9/2020-09-05,CV5-022,2018,2020-02-11,2020-02-18,DEM;MDB;NOVO;PP;PSDB;PSL
transition-person-87ad75f8d2f9/2020-09-05,CV5-023,2018,2020-02-18,2020-04-16,DEM;NOVO;PP;PSDB;PSL
transition-person-87ad75f8d2f9/2020-09-05,CV5-024,2018,2020-04-16,2020-04-17,DEM;MDB;NOVO;PP;PSDB;PSL
transition-person-87ad75f8d2f9/2020-09-05,CV5-025,2018,2020-04-17,2020-05-07,DEM;NOVO;PP;PSDB;PSL
transition-person-87ad75f8d2f9/2020-09-05,CV5-026,2018,2020-05-07,2020-06-17,DEM;PP;PSDB;PSL
transition-person-87ad75f8d2f9/2020-09-05,CV5-027,2018,2020-06-17,2020-06-18,DEM;PP;PSD;PSDB;PSL
transition-person-87ad75f8d2f9/2020-09-05,CV5-028,2018,2020-06-18,2020-09-05,DEM;PP;PSD;PSL
transition-person-87ad75f8d2f9/2020-09-05,CV5-029,2018,2020-09-05,2020-12-09,DEM;PSD;PSL
transition-person-87ad75f8d2f9/2020-09-05,CV5-030,2018,2020-12-09,2021-02-12,DEM;PSC;PSD;PSL
transition-person-87ad75f8d2f9/2020-09-05,CV5-031,2018,2021-02-12,2021-03-31,DEM;PRB;PSC;PSD;PSL
transition-person-87ad75f8d2f9/2020-09-05,CV5-032,2018,2021-03-31,2021-07-28,DEM;PR;PRB;PSC;PSD;PSL
transition-person-87ad75f8d2f9/2020-09-05,CV5-033,2018,2021-07-28,2022-03-24,DEM;PP;PR;PRB;PSC;PSD;PSL
transition-person-87ad75f8d2f9/2020-09-05,CV5-034,2018,2022-03-24,2022-03-27,DEM;PP;PR;PRB;PSC;PSL
transition-person-87ad75f8d2f9/2020-09-05,CV5-035,2018,2022-03-27,2022-03-28,PP;PR;PSC
transition-person-87ad75f8d2f9/2020-09-05,CV5-036,2018,2022-03-28,2022-03-30,PP;PR;PRB;PSC
transition-person-87ad75f8d2f9/2020-09-05,CV5-037,2018,2022-03-30,2022-03-31,PP;PR;PRB
transition-person-87ad75f8d2f9/2020-09-05,CV5-038,2018,2022-03-31,2022-05-11,PP;PRB;PSD
transition-person-87ad75f8d2f9/2020-09-05,CV5-039,2018,2022-05-11,2022-12-30,DEM;PP;PRB;PSD;PSL
transition-person-87ad75f8d2f9/2020-09-05,CV5-040,2018,2022-12-30,2023-01-01,DEM;NOVO;PRB;PSD;PSL
transition-person-87ad75f8d2f9/2020-09-05,CV5-041,2022,2023-01-01,2023-09-13,MDB;PCdoB;PDT;PSB;PSD;PSOL;PT;REDE;UNIÃO
transition-person-87ad75f8d2f9/2020-09-05,CV5-042,2022,2023-09-13,2023-12-04,MDB;PCdoB;PDT;PP;PSB;PSD;PSOL;PT;REDE;REPUBLICANOS;UNIÃO
transition-person-87ad75f8d2f9/2020-09-05,CV5-043,2022,2023-12-04,2023-12-06,MDB;PCdoB;PDT;PP;PSB;PSD;PSDB;PSOL;PT;REDE;REPUBLICANOS;UNIÃO
transition-person-87ad75f8d2f9/2020-09-05,CV5-044,2022,2023-12-06,2024-12-03,MDB;PCdoB;PDT;PP;PSB;PSD;PSOL;PT;REDE;REPUBLICANOS;UNIÃO
transition-person-87ad75f8d2f9/2020-09-05,CV5-045,2022,2024-12-03,2024-12-06,MDB;PCdoB;PDT;PP;PSB;PSD;PSDB;PSOL;PT;REDE;REPUBLICANOS;UNIÃO
transition-person-87ad75f8d2f9/2020-09-05,CV5-046,2022,2024-12-06,2025-10-08,MDB;PCdoB;PDT;PP;PSB;PSD;PSOL;PT;REDE;REPUBLICANOS;UNIÃO
transition-person-87ad75f8d2f9/2020-09-05,CV5-047,2022,2025-10-08,2025-10-09,MDB;PCdoB;PDT;PP;PSB;PSD;PSDB;PSOL;PT;REDE;REPUBLICANOS
transition-person-87ad75f8d2f9/2020-09-05,CV5-048,2022,2025-10-09,2025-11-13,MDB;PCdoB;PDT;PP;PSB;PSD;PSOL;PT;REDE;REPUBLICANOS;UNIÃO
transition-person-87ad75f8d2f9/2020-09-05,CV5-049,2022,2025-11-13,2025-11-17,MDB;PCdoB;PDT;PP;PSB;PSD;PSDB;PSOL;PT;REDE;REPUBLICANOS
transition-person-87ad75f8d2f9/2020-09-05,CV5-050,2022,2025-11-17,2025-12-08,MDB;PCdoB;PDT;PP;PSB;PSD;PSOL;PT;REDE;REPUBLICANOS;UNIÃO
transition-person-87ad75f8d2f9/2020-09-05,CV5-051,2022,2025-12-08,2025-12-19,MDB;PCdoB;PDT;PP;PSB;PSD;PSOL;PT;REDE;REPUBLICANOS
transition-person-87ad75f8d2f9/2020-09-05,CV5-052,2022,2025-12-19,2025-12-23,MDB;PCdoB;PDT;PP;PSB;PSD;PSDB;PSOL;PT;REDE;REPUBLICANOS
transition-person-87ad75f8d2f9/2020-09-05,CV5-053,2022,2025-12-23,2026-03-20,MDB;PCdoB;PDT;PP;PSB;PSD;PSOL;PT;REDE;REPUBLICANOS
transition-person-87ad75f8d2f9/2020-09-06,CV5-001,2014,2015-01-01,2015-03-19,PCdoB;PDT;PMDB;PP;PR;PRB;PROS;PSD;PT;PTB
transition-person-87ad75f8d2f9/2020-09-06,CV5-002,2014,2015-03-19,2016-03-18,PCdoB;PDT;PMDB;PP;PR;PRB;PSD;PT;PTB
transition-person-87ad75f8d2f9/2020-09-06,CV5-003,2014,2016-03-18,2016-03-31,PCdoB;PDT;PMDB;PP;PR;PROS;PSD;PT;PTB
transition-person-87ad75f8d2f9/2020-09-06,CV5-004,2014,2016-03-31,2016-04-14,PCdoB;PDT;PMDB;PP;PR;PSD;PT;PTB
transition-person-87ad75f8d2f9/2020-09-06,CV5-005,2014,2016-04-14,2016-04-19,PCdoB;PDT;PMDB;PR;PSD;PT;PTB
transition-person-87ad75f8d2f9/2020-09-06,CV5-006,2014,2016-04-19,2016-05-12,PCdoB;PDT;PMDB;PR;PT;PTB
transition-person-87ad75f8d2f9/2020-09-06,CV5-007,2014,2016-05-12,2016-10-10,DEM;PMDB;PP;PPS;PR;PRB;PSB;PSD;PSDB;PTB;PV
transition-person-87ad75f8d2f9/2020-09-06,CV5-008,2014,2016-10-10,2016-10-11,DEM;PMDB;PP;PPS;PR;PRB;PSD;PSDB;PTB;PV
transition-person-87ad75f8d2f9/2020-09-06,CV5-009,2014,2016-10-11,2016-10-25,DEM;PMDB;PP;PPS;PR;PRB;PSB;PSD;PSDB;PTB;PV
transition-person-87ad75f8d2f9/2020-09-06,CV5-010,2014,2016-10-25,2016-10-26,DEM;PMDB;PP;PPS;PR;PRB;PSD;PSDB;PTB;PV
transition-person-87ad75f8d2f9/2020-09-06,CV5-011,2014,2016-10-26,2017-04-26,DEM;PMDB;PP;PPS;PR;PRB;PSB;PSD;PSDB;PTB;PV
transition-person-87ad75f8d2f9/2020-09-06,CV5-012,2014,2017-04-26,2017-04-27,DEM;PMDB;PP;PPS;PR;PRB;PSD;PSDB;PTB;PV
transition-person-87ad75f8d2f9/2020-09-06,CV5-013,2014,2017-04-27,2017-08-02,DEM;PMDB;PP;PPS;PR;PRB;PSB;PSD;PSDB;PTB;PV
transition-person-87ad75f8d2f9/2020-09-06,CV5-014,2014,2017-08-02,2017-08-03,DEM;PMDB;PP;PPS;PR;PRB;PSD;PSDB;PTB;PV
transition-person-87ad75f8d2f9/2020-09-06,CV5-015,2014,2017-08-03,2017-10-18,DEM;PMDB;PP;PPS;PR;PRB;PSB;PSD;PSDB;PTB;PV
transition-person-87ad75f8d2f9/2020-09-06,CV5-016,2014,2017-10-18,2018-03-21,DEM;PMDB;PP;PPS;PR;PRB;PSD;PSDB;PTB;PV
transition-person-87ad75f8d2f9/2020-09-06,CV5-017,2014,2018-03-21,2018-04-02,DEM;PMDB;PP;PR;PRB;PSD;PSDB;PTB;PV
transition-person-87ad75f8d2f9/2020-09-06,CV5-018,2014,2018-04-02,2018-04-06,DEM;PMDB;PP;PRB;PSD;PSDB;PTB;PV
transition-person-87ad75f8d2f9/2020-09-06,CV5-019,2014,2018-04-06,2018-07-05,PMDB;PP;PRB;PSD;PSDB;PTB;PV
transition-person-87ad75f8d2f9/2020-09-06,CV5-020,2014,2018-07-05,2019-01-01,PMDB;PP;PRB;PSD;PSDB;PV
transition-person-87ad75f8d2f9/2020-09-06,CV5-021,2018,2019-01-01,2020-02-11,DEM;MDB;NOVO;PP;PSL
transition-person-87ad75f8d2f9/2020-09-06,CV5-022,2018,2020-02-11,2020-02-18,DEM;MDB;NOVO;PP;PSDB;PSL
transition-person-87ad75f8d2f9/2020-09-06,CV5-023,2018,2020-02-18,2020-04-16,DEM;NOVO;PP;PSDB;PSL
transition-person-87ad75f8d2f9/2020-09-06,CV5-024,2018,2020-04-16,2020-04-17,DEM;MDB;NOVO;PP;PSDB;PSL
transition-person-87ad75f8d2f9/2020-09-06,CV5-025,2018,2020-04-17,2020-05-07,DEM;NOVO;PP;PSDB;PSL
transition-person-87ad75f8d2f9/2020-09-06,CV5-026,2018,2020-05-07,2020-06-17,DEM;PP;PSDB;PSL
transition-person-87ad75f8d2f9/2020-09-06,CV5-027,2018,2020-06-17,2020-06-18,DEM;PP;PSD;PSDB;PSL
transition-person-87ad75f8d2f9/2020-09-06,CV5-028,2018,2020-06-18,2020-09-06,DEM;PP;PSD;PSL
transition-person-87ad75f8d2f9/2020-09-06,CV5-029,2018,2020-09-06,2020-12-09,DEM;PSD;PSL
transition-person-87ad75f8d2f9/2020-09-06,CV5-030,2018,2020-12-09,2021-02-12,DEM;PSC;PSD;PSL
transition-person-87ad75f8d2f9/2020-09-06,CV5-031,2018,2021-02-12,2021-03-31,DEM;PRB;PSC;PSD;PSL
transition-person-87ad75f8d2f9/2020-09-06,CV5-032,2018,2021-03-31,2021-07-28,DEM;PR;PRB;PSC;PSD;PSL
transition-person-87ad75f8d2f9/2020-09-06,CV5-033,2018,2021-07-28,2022-03-24,DEM;PP;PR;PRB;PSC;PSD;PSL
transition-person-87ad75f8d2f9/2020-09-06,CV5-034,2018,2022-03-24,2022-03-27,DEM;PP;PR;PRB;PSC;PSL
transition-person-87ad75f8d2f9/2020-09-06,CV5-035,2018,2022-03-27,2022-03-28,PP;PR;PSC
transition-person-87ad75f8d2f9/2020-09-06,CV5-036,2018,2022-03-28,2022-03-30,PP;PR;PRB;PSC
transition-person-87ad75f8d2f9/2020-09-06,CV5-037,2018,2022-03-30,2022-03-31,PP;PR;PRB
transition-person-87ad75f8d2f9/2020-09-06,CV5-038,2018,2022-03-31,2022-05-11,PP;PRB;PSD
transition-person-87ad75f8d2f9/2020-09-06,CV5-039,2018,2022-05-11,2022-12-30,DEM;PP;PRB;PSD;PSL
transition-person-87ad75f8d2f9/2020-09-06,CV5-040,2018,2022-12-30,2023-01-01,DEM;NOVO;PRB;PSD;PSL
transition-person-87ad75f8d2f9/2020-09-06,CV5-041,2022,2023-01-01,2023-09-13,MDB;PCdoB;PDT;PSB;PSD;PSOL;PT;REDE;UNIÃO
transition-person-87ad75f8d2f9/2020-09-06,CV5-042,2022,2023-09-13,2023-12-04,MDB;PCdoB;PDT;PP;PSB;PSD;PSOL;PT;REDE;REPUBLICANOS;UNIÃO
transition-person-87ad75f8d2f9/2020-09-06,CV5-043,2022,2023-12-04,2023-12-06,MDB;PCdoB;PDT;PP;PSB;PSD;PSDB;PSOL;PT;REDE;REPUBLICANOS;UNIÃO
transition-person-87ad75f8d2f9/2020-09-06,CV5-044,2022,2023-12-06,2024-12-03,MDB;PCdoB;PDT;PP;PSB;PSD;PSOL;PT;REDE;REPUBLICANOS;UNIÃO
transition-person-87ad75f8d2f9/2020-09-06,CV5-045,2022,2024-12-03,2024-12-06,MDB;PCdoB;PDT;PP;PSB;PSD;PSDB;PSOL;PT;REDE;REPUBLICANOS;UNIÃO
transition-person-87ad75f8d2f9/2020-09-06,CV5-046,2022,2024-12-06,2025-10-08,MDB;PCdoB;PDT;PP;PSB;PSD;PSOL;PT;REDE;REPUBLICANOS;UNIÃO
transition-person-87ad75f8d2f9/2020-09-06,CV5-047,2022,2025-10-08,2025-10-09,MDB;PCdoB;PDT;PP;PSB;PSD;PSDB;PSOL;PT;REDE;REPUBLICANOS
transition-person-87ad75f8d2f9/2020-09-06,CV5-048,2022,2025-10-09,2025-11-13,MDB;PCdoB;PDT;PP;PSB;PSD;PSOL;PT;REDE;REPUBLICANOS;UNIÃO
transition-person-87ad75f8d2f9/2020-09-06,CV5-049,2022,2025-11-13,2025-11-17,MDB;PCdoB;PDT;PP;PSB;PSD;PSDB;PSOL;PT;REDE;REPUBLICANOS
transition-person-87ad75f8d2f9/2020-09-06,CV5-050,2022,2025-11-17,2025-12-08,MDB;PCdoB;PDT;PP;PSB;PSD;PSOL;PT;REDE;REPUBLICANOS;UNIÃO
transition-person-87ad75f8d2f9/2020-09-06,CV5-051,2022,2025-12-08,2025-12-19,MDB;PCdoB;PDT;PP;PSB;PSD;PSOL;PT;REDE;REPUBLICANOS
transition-person-87ad75f8d2f9/2020-09-06,CV5-052,2022,2025-12-19,2025-12-23,MDB;PCdoB;PDT;PP;PSB;PSD;PSDB;PSOL;PT;REDE;REPUBLICANOS
transition-person-87ad75f8d2f9/2020-09-06,CV5-053,2022,2025-12-23,2026-03-20,MDB;PCdoB;PDT;PP;PSB;PSD;PSOL;PT;REDE;REPUBLICANOS
transition-person-87ad75f8d2f9/2020-09-07,CV5-001,2014,2015-01-01,2015-03-19,PCdoB;PDT;PMDB;PP;PR;PRB;PROS;PSD;PT;PTB
transition-person-87ad75f8d2f9/2020-09-07,CV5-002,2014,2015-03-19,2016-03-18,PCdoB;PDT;PMDB;PP;PR;PRB;PSD;PT;PTB
transition-person-87ad75f8d2f9/2020-09-07,CV5-003,2014,2016-03-18,2016-03-31,PCdoB;PDT;PMDB;PP;PR;PROS;PSD;PT;PTB
transition-person-87ad75f8d2f9/2020-09-07,CV5-004,2014,2016-03-31,2016-04-14,PCdoB;PDT;PMDB;PP;PR;PSD;PT;PTB
transition-person-87ad75f8d2f9/2020-09-07,CV5-005,2014,2016-04-14,2016-04-19,PCdoB;PDT;PMDB;PR;PSD;PT;PTB
transition-person-87ad75f8d2f9/2020-09-07,CV5-006,2014,2016-04-19,2016-05-12,PCdoB;PDT;PMDB;PR;PT;PTB
transition-person-87ad75f8d2f9/2020-09-07,CV5-007,2014,2016-05-12,2016-10-10,DEM;PMDB;PP;PPS;PR;PRB;PSB;PSD;PSDB;PTB;PV
transition-person-87ad75f8d2f9/2020-09-07,CV5-008,2014,2016-10-10,2016-10-11,DEM;PMDB;PP;PPS;PR;PRB;PSD;PSDB;PTB;PV
transition-person-87ad75f8d2f9/2020-09-07,CV5-009,2014,2016-10-11,2016-10-25,DEM;PMDB;PP;PPS;PR;PRB;PSB;PSD;PSDB;PTB;PV
transition-person-87ad75f8d2f9/2020-09-07,CV5-010,2014,2016-10-25,2016-10-26,DEM;PMDB;PP;PPS;PR;PRB;PSD;PSDB;PTB;PV
transition-person-87ad75f8d2f9/2020-09-07,CV5-011,2014,2016-10-26,2017-04-26,DEM;PMDB;PP;PPS;PR;PRB;PSB;PSD;PSDB;PTB;PV
transition-person-87ad75f8d2f9/2020-09-07,CV5-012,2014,2017-04-26,2017-04-27,DEM;PMDB;PP;PPS;PR;PRB;PSD;PSDB;PTB;PV
transition-person-87ad75f8d2f9/2020-09-07,CV5-013,2014,2017-04-27,2017-08-02,DEM;PMDB;PP;PPS;PR;PRB;PSB;PSD;PSDB;PTB;PV
transition-person-87ad75f8d2f9/2020-09-07,CV5-014,2014,2017-08-02,2017-08-03,DEM;PMDB;PP;PPS;PR;PRB;PSD;PSDB;PTB;PV
transition-person-87ad75f8d2f9/2020-09-07,CV5-015,2014,2017-08-03,2017-10-18,DEM;PMDB;PP;PPS;PR;PRB;PSB;PSD;PSDB;PTB;PV
transition-person-87ad75f8d2f9/2020-09-07,CV5-016,2014,2017-10-18,2018-03-21,DEM;PMDB;PP;PPS;PR;PRB;PSD;PSDB;PTB;PV
transition-person-87ad75f8d2f9/2020-09-07,CV5-017,2014,2018-03-21,2018-04-02,DEM;PMDB;PP;PR;PRB;PSD;PSDB;PTB;PV
transition-person-87ad75f8d2f9/2020-09-07,CV5-018,2014,2018-04-02,2018-04-06,DEM;PMDB;PP;PRB;PSD;PSDB;PTB;PV
transition-person-87ad75f8d2f9/2020-09-07,CV5-019,2014,2018-04-06,2018-07-05,PMDB;PP;PRB;PSD;PSDB;PTB;PV
transition-person-87ad75f8d2f9/2020-09-07,CV5-020,2014,2018-07-05,2019-01-01,PMDB;PP;PRB;PSD;PSDB;PV
transition-person-87ad75f8d2f9/2020-09-07,CV5-021,2018,2019-01-01,2020-02-11,DEM;MDB;NOVO;PP;PSL
transition-person-87ad75f8d2f9/2020-09-07,CV5-022,2018,2020-02-11,2020-02-18,DEM;MDB;NOVO;PP;PSDB;PSL
transition-person-87ad75f8d2f9/2020-09-07,CV5-023,2018,2020-02-18,2020-04-16,DEM;NOVO;PP;PSDB;PSL
transition-person-87ad75f8d2f9/2020-09-07,CV5-024,2018,2020-04-16,2020-04-17,DEM;MDB;NOVO;PP;PSDB;PSL
transition-person-87ad75f8d2f9/2020-09-07,CV5-025,2018,2020-04-17,2020-05-07,DEM;NOVO;PP;PSDB;PSL
transition-person-87ad75f8d2f9/2020-09-07,CV5-026,2018,2020-05-07,2020-06-17,DEM;PP;PSDB;PSL
transition-person-87ad75f8d2f9/2020-09-07,CV5-027,2018,2020-06-17,2020-06-18,DEM;PP;PSD;PSDB;PSL
transition-person-87ad75f8d2f9/2020-09-07,CV5-028,2018,2020-06-18,2020-09-07,DEM;PP;PSD;PSL
transition-person-87ad75f8d2f9/2020-09-07,CV5-029,2018,2020-09-07,2020-12-09,DEM;PSD;PSL
transition-person-87ad75f8d2f9/2020-09-07,CV5-030,2018,2020-12-09,2021-02-12,DEM;PSC;PSD;PSL
transition-person-87ad75f8d2f9/2020-09-07,CV5-031,2018,2021-02-12,2021-03-31,DEM;PRB;PSC;PSD;PSL
transition-person-87ad75f8d2f9/2020-09-07,CV5-032,2018,2021-03-31,2021-07-28,DEM;PR;PRB;PSC;PSD;PSL
transition-person-87ad75f8d2f9/2020-09-07,CV5-033,2018,2021-07-28,2022-03-24,DEM;PP;PR;PRB;PSC;PSD;PSL
transition-person-87ad75f8d2f9/2020-09-07,CV5-034,2018,2022-03-24,2022-03-27,DEM;PP;PR;PRB;PSC;PSL
transition-person-87ad75f8d2f9/2020-09-07,CV5-035,2018,2022-03-27,2022-03-28,PP;PR;PSC
transition-person-87ad75f8d2f9/2020-09-07,CV5-036,2018,2022-03-28,2022-03-30,PP;PR;PRB;PSC
transition-person-87ad75f8d2f9/2020-09-07,CV5-037,2018,2022-03-30,2022-03-31,PP;PR;PRB
transition-person-87ad75f8d2f9/2020-09-07,CV5-038,2018,2022-03-31,2022-05-11,PP;PRB;PSD
transition-person-87ad75f8d2f9/2020-09-07,CV5-039,2018,2022-05-11,2022-12-30,DEM;PP;PRB;PSD;PSL
transition-person-87ad75f8d2f9/2020-09-07,CV5-040,2018,2022-12-30,2023-01-01,DEM;NOVO;PRB;PSD;PSL
transition-person-87ad75f8d2f9/2020-09-07,CV5-041,2022,2023-01-01,2023-09-13,MDB;PCdoB;PDT;PSB;PSD;PSOL;PT;REDE;UNIÃO
transition-person-87ad75f8d2f9/2020-09-07,CV5-042,2022,2023-09-13,2023-12-04,MDB;PCdoB;PDT;PP;PSB;PSD;PSOL;PT;REDE;REPUBLICANOS;UNIÃO
transition-person-87ad75f8d2f9/2020-09-07,CV5-043,2022,2023-12-04,2023-12-06,MDB;PCdoB;PDT;PP;PSB;PSD;PSDB;PSOL;PT;REDE;REPUBLICANOS;UNIÃO
transition-person-87ad75f8d2f9/2020-09-07,CV5-044,2022,2023-12-06,2024-12-03,MDB;PCdoB;PDT;PP;PSB;PSD;PSOL;PT;REDE;REPUBLICANOS;UNIÃO
transition-person-87ad75f8d2f9/2020-09-07,CV5-045,2022,2024-12-03,2024-12-06,MDB;PCdoB;PDT;PP;PSB;PSD;PSDB;PSOL;PT;REDE;REPUBLICANOS;UNIÃO
transition-person-87ad75f8d2f9/2020-09-07,CV5-046,2022,2024-12-06,2025-10-08,MDB;PCdoB;PDT;PP;PSB;PSD;PSOL;PT;REDE;REPUBLICANOS;UNIÃO
transition-person-87ad75f8d2f9/2020-09-07,CV5-047,2022,2025-10-08,2025-10-09,MDB;PCdoB;PDT;PP;PSB;PSD;PSDB;PSOL;PT;REDE;REPUBLICANOS
transition-person-87ad75f8d2f9/2020-09-07,CV5-048,2022,2025-10-09,2025-11-13,MDB;PCdoB;PDT;PP;PSB;PSD;PSOL;PT;REDE;REPUBLICANOS;UNIÃO
transition-person-87ad75f8d2f9/2020-09-07,CV5-049,2022,2025-11-13,2025-11-17,MDB;PCdoB;PDT;PP;PSB;PSD;PSDB;PSOL;PT;REDE;REPUBLICANOS
transition-person-87ad75f8d2f9/2020-09-07,CV5-050,2022,2025-11-17,2025-12-08,MDB;PCdoB;PDT;PP;PSB;PSD;PSOL;PT;REDE;REPUBLICANOS;UNIÃO
transition-person-87ad75f8d2f9/2020-09-07,CV5-051,2022,2025-12-08,2025-12-19,MDB;PCdoB;PDT;PP;PSB;PSD;PSOL;PT;REDE;REPUBLICANOS
transition-person-87ad75f8d2f9/2020-09-07,CV5-052,2022,2025-12-19,2025-12-23,MDB;PCdoB;PDT;PP;PSB;PSD;PSDB;PSOL;PT;REDE;REPUBLICANOS
transition-person-87ad75f8d2f9/2020-09-07,CV5-053,2022,2025-12-23,2026-03-20,MDB;PCdoB;PDT;PP;PSB;PSD;PSOL;PT;REDE;REPUBLICANOS
transition-person-87ad75f8d2f9/2020-09-08,CV5-001,2014,2015-01-01,2015-03-19,PCdoB;PDT;PMDB;PP;PR;PRB;PROS;PSD;PT;PTB
transition-person-87ad75f8d2f9/2020-09-08,CV5-002,2014,2015-03-19,2016-03-18,PCdoB;PDT;PMDB;PP;PR;PRB;PSD;PT;PTB
transition-person-87ad75f8d2f9/2020-09-08,CV5-003,2014,2016-03-18,2016-03-31,PCdoB;PDT;PMDB;PP;PR;PROS;PSD;PT;PTB
transition-person-87ad75f8d2f9/2020-09-08,CV5-004,2014,2016-03-31,2016-04-14,PCdoB;PDT;PMDB;PP;PR;PSD;PT;PTB
transition-person-87ad75f8d2f9/2020-09-08,CV5-005,2014,2016-04-14,2016-04-19,PCdoB;PDT;PMDB;PR;PSD;PT;PTB
transition-person-87ad75f8d2f9/2020-09-08,CV5-006,2014,2016-04-19,2016-05-12,PCdoB;PDT;PMDB;PR;PT;PTB
transition-person-87ad75f8d2f9/2020-09-08,CV5-007,2014,2016-05-12,2016-10-10,DEM;PMDB;PP;PPS;PR;PRB;PSB;PSD;PSDB;PTB;PV
transition-person-87ad75f8d2f9/2020-09-08,CV5-008,2014,2016-10-10,2016-10-11,DEM;PMDB;PP;PPS;PR;PRB;PSD;PSDB;PTB;PV
transition-person-87ad75f8d2f9/2020-09-08,CV5-009,2014,2016-10-11,2016-10-25,DEM;PMDB;PP;PPS;PR;PRB;PSB;PSD;PSDB;PTB;PV
transition-person-87ad75f8d2f9/2020-09-08,CV5-010,2014,2016-10-25,2016-10-26,DEM;PMDB;PP;PPS;PR;PRB;PSD;PSDB;PTB;PV
transition-person-87ad75f8d2f9/2020-09-08,CV5-011,2014,2016-10-26,2017-04-26,DEM;PMDB;PP;PPS;PR;PRB;PSB;PSD;PSDB;PTB;PV
transition-person-87ad75f8d2f9/2020-09-08,CV5-012,2014,2017-04-26,2017-04-27,DEM;PMDB;PP;PPS;PR;PRB;PSD;PSDB;PTB;PV
transition-person-87ad75f8d2f9/2020-09-08,CV5-013,2014,2017-04-27,2017-08-02,DEM;PMDB;PP;PPS;PR;PRB;PSB;PSD;PSDB;PTB;PV
transition-person-87ad75f8d2f9/2020-09-08,CV5-014,2014,2017-08-02,2017-08-03,DEM;PMDB;PP;PPS;PR;PRB;PSD;PSDB;PTB;PV
transition-person-87ad75f8d2f9/2020-09-08,CV5-015,2014,2017-08-03,2017-10-18,DEM;PMDB;PP;PPS;PR;PRB;PSB;PSD;PSDB;PTB;PV
transition-person-87ad75f8d2f9/2020-09-08,CV5-016,2014,2017-10-18,2018-03-21,DEM;PMDB;PP;PPS;PR;PRB;PSD;PSDB;PTB;PV
transition-person-87ad75f8d2f9/2020-09-08,CV5-017,2014,2018-03-21,2018-04-02,DEM;PMDB;PP;PR;PRB;PSD;PSDB;PTB;PV
transition-person-87ad75f8d2f9/2020-09-08,CV5-018,2014,2018-04-02,2018-04-06,DEM;PMDB;PP;PRB;PSD;PSDB;PTB;PV
transition-person-87ad75f8d2f9/2020-09-08,CV5-019,2014,2018-04-06,2018-07-05,PMDB;PP;PRB;PSD;PSDB;PTB;PV
transition-person-87ad75f8d2f9/2020-09-08,CV5-020,2014,2018-07-05,2019-01-01,PMDB;PP;PRB;PSD;PSDB;PV
transition-person-87ad75f8d2f9/2020-09-08,CV5-021,2018,2019-01-01,2020-02-11,DEM;MDB;NOVO;PP;PSL
transition-person-87ad75f8d2f9/2020-09-08,CV5-022,2018,2020-02-11,2020-02-18,DEM;MDB;NOVO;PP;PSDB;PSL
transition-person-87ad75f8d2f9/2020-09-08,CV5-023,2018,2020-02-18,2020-04-16,DEM;NOVO;PP;PSDB;PSL
transition-person-87ad75f8d2f9/2020-09-08,CV5-024,2018,2020-04-16,2020-04-17,DEM;MDB;NOVO;PP;PSDB;PSL
transition-person-87ad75f8d2f9/2020-09-08,CV5-025,2018,2020-04-17,2020-05-07,DEM;NOVO;PP;PSDB;PSL
transition-person-87ad75f8d2f9/2020-09-08,CV5-026,2018,2020-05-07,2020-06-17,DEM;PP;PSDB;PSL
transition-person-87ad75f8d2f9/2020-09-08,CV5-027,2018,2020-06-17,2020-06-18,DEM;PP;PSD;PSDB;PSL
transition-person-87ad75f8d2f9/2020-09-08,CV5-028,2018,2020-06-18,2020-09-08,DEM;PP;PSD;PSL
transition-person-87ad75f8d2f9/2020-09-08,CV5-029,2018,2020-09-08,2020-12-09,DEM;PSD;PSL
transition-person-87ad75f8d2f9/2020-09-08,CV5-030,2018,2020-12-09,2021-02-12,DEM;PSC;PSD;PSL
transition-person-87ad75f8d2f9/2020-09-08,CV5-031,2018,2021-02-12,2021-03-31,DEM;PRB;PSC;PSD;PSL
transition-person-87ad75f8d2f9/2020-09-08,CV5-032,2018,2021-03-31,2021-07-28,DEM;PR;PRB;PSC;PSD;PSL
transition-person-87ad75f8d2f9/2020-09-08,CV5-033,2018,2021-07-28,2022-03-24,DEM;PP;PR;PRB;PSC;PSD;PSL
transition-person-87ad75f8d2f9/2020-09-08,CV5-034,2018,2022-03-24,2022-03-27,DEM;PP;PR;PRB;PSC;PSL
transition-person-87ad75f8d2f9/2020-09-08,CV5-035,2018,2022-03-27,2022-03-28,PP;PR;PSC
transition-person-87ad75f8d2f9/2020-09-08,CV5-036,2018,2022-03-28,2022-03-30,PP;PR;PRB;PSC
transition-person-87ad75f8d2f9/2020-09-08,CV5-037,2018,2022-03-30,2022-03-31,PP;PR;PRB
transition-person-87ad75f8d2f9/2020-09-08,CV5-038,2018,2022-03-31,2022-05-11,PP;PRB;PSD
transition-person-87ad75f8d2f9/2020-09-08,CV5-039,2018,2022-05-11,2022-12-30,DEM;PP;PRB;PSD;PSL
transition-person-87ad75f8d2f9/2020-09-08,CV5-040,2018,2022-12-30,2023-01-01,DEM;NOVO;PRB;PSD;PSL
transition-person-87ad75f8d2f9/2020-09-08,CV5-041,2022,2023-01-01,2023-09-13,MDB;PCdoB;PDT;PSB;PSD;PSOL;PT;REDE;UNIÃO
transition-person-87ad75f8d2f9/2020-09-08,CV5-042,2022,2023-09-13,2023-12-04,MDB;PCdoB;PDT;PP;PSB;PSD;PSOL;PT;REDE;REPUBLICANOS;UNIÃO
transition-person-87ad75f8d2f9/2020-09-08,CV5-043,2022,2023-12-04,2023-12-06,MDB;PCdoB;PDT;PP;PSB;PSD;PSDB;PSOL;PT;REDE;REPUBLICANOS;UNIÃO
transition-person-87ad75f8d2f9/2020-09-08,CV5-044,2022,2023-12-06,2024-12-03,MDB;PCdoB;PDT;PP;PSB;PSD;PSOL;PT;REDE;REPUBLICANOS;UNIÃO
transition-person-87ad75f8d2f9/2020-09-08,CV5-045,2022,2024-12-03,2024-12-06,MDB;PCdoB;PDT;PP;PSB;PSD;PSDB;PSOL;PT;REDE;REPUBLICANOS;UNIÃO
transition-person-87ad75f8d2f9/2020-09-08,CV5-046,2022,2024-12-06,2025-10-08,MDB;PCdoB;PDT;PP;PSB;PSD;PSOL;PT;REDE;REPUBLICANOS;UNIÃO
transition-person-87ad75f8d2f9/2020-09-08,CV5-047,2022,2025-10-08,2025-10-09,MDB;PCdoB;PDT;PP;PSB;PSD;PSDB;PSOL;PT;REDE;REPUBLICANOS
transition-person-87ad75f8d2f9/2020-09-08,CV5-048,2022,2025-10-09,2025-11-13,MDB;PCdoB;PDT;PP;PSB;PSD;PSOL;PT;REDE;REPUBLICANOS;UNIÃO
transition-person-87ad75f8d2f9/2020-09-08,CV5-049,2022,2025-11-13,2025-11-17,MDB;PCdoB;PDT;PP;PSB;PSD;PSDB;PSOL;PT;REDE;REPUBLICANOS
transition-person-87ad75f8d2f9/2020-09-08,CV5-050,2022,2025-11-17,2025-12-08,MDB;PCdoB;PDT;PP;PSB;PSD;PSOL;PT;REDE;REPUBLICANOS;UNIÃO
transition-person-87ad75f8d2f9/2020-09-08,CV5-051,2022,2025-12-08,2025-12-19,MDB;PCdoB;PDT;PP;PSB;PSD;PSOL;PT;REDE;REPUBLICANOS
transition-person-87ad75f8d2f9/2020-09-08,CV5-052,2022,2025-12-19,2025-12-23,MDB;PCdoB;PDT;PP;PSB;PSD;PSDB;PSOL;PT;REDE;REPUBLICANOS
transition-person-87ad75f8d2f9/2020-09-08,CV5-053,2022,2025-12-23,2026-03-20,MDB;PCdoB;PDT;PP;PSB;PSD;PSOL;PT;REDE;REPUBLICANOS
transition-person-87ad75f8d2f9/2020-09-09,CV5-001,2014,2015-01-01,2015-03-19,PCdoB;PDT;PMDB;PP;PR;PRB;PROS;PSD;PT;PTB
transition-person-87ad75f8d2f9/2020-09-09,CV5-002,2014,2015-03-19,2016-03-18,PCdoB;PDT;PMDB;PP;PR;PRB;PSD;PT;PTB
transition-person-87ad75f8d2f9/2020-09-09,CV5-003,2014,2016-03-18,2016-03-31,PCdoB;PDT;PMDB;PP;PR;PROS;PSD;PT;PTB
transition-person-87ad75f8d2f9/2020-09-09,CV5-004,2014,2016-03-31,2016-04-14,PCdoB;PDT;PMDB;PP;PR;PSD;PT;PTB
transition-person-87ad75f8d2f9/2020-09-09,CV5-005,2014,2016-04-14,2016-04-19,PCdoB;PDT;PMDB;PR;PSD;PT;PTB
transition-person-87ad75f8d2f9/2020-09-09,CV5-006,2014,2016-04-19,2016-05-12,PCdoB;PDT;PMDB;PR;PT;PTB
transition-person-87ad75f8d2f9/2020-09-09,CV5-007,2014,2016-05-12,2016-10-10,DEM;PMDB;PP;PPS;PR;PRB;PSB;PSD;PSDB;PTB;PV
transition-person-87ad75f8d2f9/2020-09-09,CV5-008,2014,2016-10-10,2016-10-11,DEM;PMDB;PP;PPS;PR;PRB;PSD;PSDB;PTB;PV
transition-person-87ad75f8d2f9/2020-09-09,CV5-009,2014,2016-10-11,2016-10-25,DEM;PMDB;PP;PPS;PR;PRB;PSB;PSD;PSDB;PTB;PV
transition-person-87ad75f8d2f9/2020-09-09,CV5-010,2014,2016-10-25,2016-10-26,DEM;PMDB;PP;PPS;PR;PRB;PSD;PSDB;PTB;PV
transition-person-87ad75f8d2f9/2020-09-09,CV5-011,2014,2016-10-26,2017-04-26,DEM;PMDB;PP;PPS;PR;PRB;PSB;PSD;PSDB;PTB;PV
transition-person-87ad75f8d2f9/2020-09-09,CV5-012,2014,2017-04-26,2017-04-27,DEM;PMDB;PP;PPS;PR;PRB;PSD;PSDB;PTB;PV
transition-person-87ad75f8d2f9/2020-09-09,CV5-013,2014,2017-04-27,2017-08-02,DEM;PMDB;PP;PPS;PR;PRB;PSB;PSD;PSDB;PTB;PV
transition-person-87ad75f8d2f9/2020-09-09,CV5-014,2014,2017-08-02,2017-08-03,DEM;PMDB;PP;PPS;PR;PRB;PSD;PSDB;PTB;PV
transition-person-87ad75f8d2f9/2020-09-09,CV5-015,2014,2017-08-03,2017-10-18,DEM;PMDB;PP;PPS;PR;PRB;PSB;PSD;PSDB;PTB;PV
transition-person-87ad75f8d2f9/2020-09-09,CV5-016,2014,2017-10-18,2018-03-21,DEM;PMDB;PP;PPS;PR;PRB;PSD;PSDB;PTB;PV
transition-person-87ad75f8d2f9/2020-09-09,CV5-017,2014,2018-03-21,2018-04-02,DEM;PMDB;PP;PR;PRB;PSD;PSDB;PTB;PV
transition-person-87ad75f8d2f9/2020-09-09,CV5-018,2014,2018-04-02,2018-04-06,DEM;PMDB;PP;PRB;PSD;PSDB;PTB;PV
transition-person-87ad75f8d2f9/2020-09-09,CV5-019,2014,2018-04-06,2018-07-05,PMDB;PP;PRB;PSD;PSDB;PTB;PV
transition-person-87ad75f8d2f9/2020-09-09,CV5-020,2014,2018-07-05,2019-01-01,PMDB;PP;PRB;PSD;PSDB;PV
transition-person-87ad75f8d2f9/2020-09-09,CV5-021,2018,2019-01-01,2020-02-11,DEM;MDB;NOVO;PP;PSL
transition-person-87ad75f8d2f9/2020-09-09,CV5-022,2018,2020-02-11,2020-02-18,DEM;MDB;NOVO;PP;PSDB;PSL
transition-person-87ad75f8d2f9/2020-09-09,CV5-023,2018,2020-02-18,2020-04-16,DEM;NOVO;PP;PSDB;PSL
transition-person-87ad75f8d2f9/2020-09-09,CV5-024,2018,2020-04-16,2020-04-17,DEM;MDB;NOVO;PP;PSDB;PSL
transition-person-87ad75f8d2f9/2020-09-09,CV5-025,2018,2020-04-17,2020-05-07,DEM;NOVO;PP;PSDB;PSL
transition-person-87ad75f8d2f9/2020-09-09,CV5-026,2018,2020-05-07,2020-06-17,DEM;PP;PSDB;PSL
transition-person-87ad75f8d2f9/2020-09-09,CV5-027,2018,2020-06-17,2020-06-18,DEM;PP;PSD;PSDB;PSL
transition-person-87ad75f8d2f9/2020-09-09,CV5-028,2018,2020-06-18,2020-09-09,DEM;PP;PSD;PSL
transition-person-87ad75f8d2f9/2020-09-09,CV5-029,2018,2020-09-09,2020-12-09,DEM;PSD;PSL
transition-person-87ad75f8d2f9/2020-09-09,CV5-030,2018,2020-12-09,2021-02-12,DEM;PSC;PSD;PSL
transition-person-87ad75f8d2f9/2020-09-09,CV5-031,2018,2021-02-12,2021-03-31,DEM;PRB;PSC;PSD;PSL
transition-person-87ad75f8d2f9/2020-09-09,CV5-032,2018,2021-03-31,2021-07-28,DEM;PR;PRB;PSC;PSD;PSL
transition-person-87ad75f8d2f9/2020-09-09,CV5-033,2018,2021-07-28,2022-03-24,DEM;PP;PR;PRB;PSC;PSD;PSL
transition-person-87ad75f8d2f9/2020-09-09,CV5-034,2018,2022-03-24,2022-03-27,DEM;PP;PR;PRB;PSC;PSL
transition-person-87ad75f8d2f9/2020-09-09,CV5-035,2018,2022-03-27,2022-03-28,PP;PR;PSC
transition-person-87ad75f8d2f9/2020-09-09,CV5-036,2018,2022-03-28,2022-03-30,PP;PR;PRB;PSC
transition-person-87ad75f8d2f9/2020-09-09,CV5-037,2018,2022-03-30,2022-03-31,PP;PR;PRB
transition-person-87ad75f8d2f9/2020-09-09,CV5-038,2018,2022-03-31,2022-05-11,PP;PRB;PSD
transition-person-87ad75f8d2f9/2020-09-09,CV5-039,2018,2022-05-11,2022-12-30,DEM;PP;PRB;PSD;PSL
transition-person-87ad75f8d2f9/2020-09-09,CV5-040,2018,2022-12-30,2023-01-01,DEM;NOVO;PRB;PSD;PSL
transition-person-87ad75f8d2f9/2020-09-09,CV5-041,2022,2023-01-01,2023-09-13,MDB;PCdoB;PDT;PSB;PSD;PSOL;PT;REDE;UNIÃO
transition-person-87ad75f8d2f9/2020-09-09,CV5-042,2022,2023-09-13,2023-12-04,MDB;PCdoB;PDT;PP;PSB;PSD;PSOL;PT;REDE;REPUBLICANOS;UNIÃO
transition-person-87ad75f8d2f9/2020-09-09,CV5-043,2022,2023-12-04,2023-12-06,MDB;PCdoB;PDT;PP;PSB;PSD;PSDB;PSOL;PT;REDE;REPUBLICANOS;UNIÃO
transition-person-87ad75f8d2f9/2020-09-09,CV5-044,2022,2023-12-06,2024-12-03,MDB;PCdoB;PDT;PP;PSB;PSD;PSOL;PT;REDE;REPUBLICANOS;UNIÃO
transition-person-87ad75f8d2f9/2020-09-09,CV5-045,2022,2024-12-03,2024-12-06,MDB;PCdoB;PDT;PP;PSB;PSD;PSDB;PSOL;PT;REDE;REPUBLICANOS;UNIÃO
transition-person-87ad75f8d2f9/2020-09-09,CV5-046,2022,2024-12-06,2025-10-08,MDB;PCdoB;PDT;PP;PSB;PSD;PSOL;PT;REDE;REPUBLICANOS;UNIÃO
transition-person-87ad75f8d2f9/2020-09-09,CV5-047,2022,2025-10-08,2025-10-09,MDB;PCdoB;PDT;PP;PSB;PSD;PSDB;PSOL;PT;REDE;REPUBLICANOS
transition-person-87ad75f8d2f9/2020-09-09,CV5-048,2022,2025-10-09,2025-11-13,MDB;PCdoB;PDT;PP;PSB;PSD;PSOL;PT;REDE;REPUBLICANOS;UNIÃO
transition-person-87ad75f8d2f9/2020-09-09,CV5-049,2022,2025-11-13,2025-11-17,MDB;PCdoB;PDT;PP;PSB;PSD;PSDB;PSOL;PT;REDE;REPUBLICANOS
transition-person-87ad75f8d2f9/2020-09-09,CV5-050,2022,2025-11-17,2025-12-08,MDB;PCdoB;PDT;PP;PSB;PSD;PSOL;PT;REDE;REPUBLICANOS;UNIÃO
transition-person-87ad75f8d2f9/2020-09-09,CV5-051,2022,2025-12-08,2025-12-19,MDB;PCdoB;PDT;PP;PSB;PSD;PSOL;PT;REDE;REPUBLICANOS
transition-person-87ad75f8d2f9/2020-09-09,CV5-052,2022,2025-12-19,2025-12-23,MDB;PCdoB;PDT;PP;PSB;PSD;PSDB;PSOL;PT;REDE;REPUBLICANOS
transition-person-87ad75f8d2f9/2020-09-09,CV5-053,2022,2025-12-23,2026-03-20,MDB;PCdoB;PDT;PP;PSB;PSD;PSOL;PT;REDE;REPUBLICANOS
transition-person-87ad75f8d2f9/2020-09-10,CV5-001,2014,2015-01-01,2015-03-19,PCdoB;PDT;PMDB;PP;PR;PRB;PROS;PSD;PT;PTB
transition-person-87ad75f8d2f9/2020-09-10,CV5-002,2014,2015-03-19,2016-03-18,PCdoB;PDT;PMDB;PP;PR;PRB;PSD;PT;PTB
transition-person-87ad75f8d2f9/2020-09-10,CV5-003,2014,2016-03-18,2016-03-31,PCdoB;PDT;PMDB;PP;PR;PROS;PSD;PT;PTB
transition-person-87ad75f8d2f9/2020-09-10,CV5-004,2014,2016-03-31,2016-04-14,PCdoB;PDT;PMDB;PP;PR;PSD;PT;PTB
transition-person-87ad75f8d2f9/2020-09-10,CV5-005,2014,2016-04-14,2016-04-19,PCdoB;PDT;PMDB;PR;PSD;PT;PTB
transition-person-87ad75f8d2f9/2020-09-10,CV5-006,2014,2016-04-19,2016-05-12,PCdoB;PDT;PMDB;PR;PT;PTB
transition-person-87ad75f8d2f9/2020-09-10,CV5-007,2014,2016-05-12,2016-10-10,DEM;PMDB;PP;PPS;PR;PRB;PSB;PSD;PSDB;PTB;PV
transition-person-87ad75f8d2f9/2020-09-10,CV5-008,2014,2016-10-10,2016-10-11,DEM;PMDB;PP;PPS;PR;PRB;PSD;PSDB;PTB;PV
transition-person-87ad75f8d2f9/2020-09-10,CV5-009,2014,2016-10-11,2016-10-25,DEM;PMDB;PP;PPS;PR;PRB;PSB;PSD;PSDB;PTB;PV
transition-person-87ad75f8d2f9/2020-09-10,CV5-010,2014,2016-10-25,2016-10-26,DEM;PMDB;PP;PPS;PR;PRB;PSD;PSDB;PTB;PV
transition-person-87ad75f8d2f9/2020-09-10,CV5-011,2014,2016-10-26,2017-04-26,DEM;PMDB;PP;PPS;PR;PRB;PSB;PSD;PSDB;PTB;PV
transition-person-87ad75f8d2f9/2020-09-10,CV5-012,2014,2017-04-26,2017-04-27,DEM;PMDB;PP;PPS;PR;PRB;PSD;PSDB;PTB;PV
transition-person-87ad75f8d2f9/2020-09-10,CV5-013,2014,2017-04-27,2017-08-02,DEM;PMDB;PP;PPS;PR;PRB;PSB;PSD;PSDB;PTB;PV
transition-person-87ad75f8d2f9/2020-09-10,CV5-014,2014,2017-08-02,2017-08-03,DEM;PMDB;PP;PPS;PR;PRB;PSD;PSDB;PTB;PV
transition-person-87ad75f8d2f9/2020-09-10,CV5-015,2014,2017-08-03,2017-10-18,DEM;PMDB;PP;PPS;PR;PRB;PSB;PSD;PSDB;PTB;PV
transition-person-87ad75f8d2f9/2020-09-10,CV5-016,2014,2017-10-18,2018-03-21,DEM;PMDB;PP;PPS;PR;PRB;PSD;PSDB;PTB;PV
transition-person-87ad75f8d2f9/2020-09-10,CV5-017,2014,2018-03-21,2018-04-02,DEM;PMDB;PP;PR;PRB;PSD;PSDB;PTB;PV
transition-person-87ad75f8d2f9/2020-09-10,CV5-018,2014,2018-04-02,2018-04-06,DEM;PMDB;PP;PRB;PSD;PSDB;PTB;PV
transition-person-87ad75f8d2f9/2020-09-10,CV5-019,2014,2018-04-06,2018-07-05,PMDB;PP;PRB;PSD;PSDB;PTB;PV
transition-person-87ad75f8d2f9/2020-09-10,CV5-020,2014,2018-07-05,2019-01-01,PMDB;PP;PRB;PSD;PSDB;PV
transition-person-87ad75f8d2f9/2020-09-10,CV5-021,2018,2019-01-01,2020-02-11,DEM;MDB;NOVO;PP;PSL
transition-person-87ad75f8d2f9/2020-09-10,CV5-022,2018,2020-02-11,2020-02-18,DEM;MDB;NOVO;PP;PSDB;PSL
transition-person-87ad75f8d2f9/2020-09-10,CV5-023,2018,2020-02-18,2020-04-16,DEM;NOVO;PP;PSDB;PSL
transition-person-87ad75f8d2f9/2020-09-10,CV5-024,2018,2020-04-16,2020-04-17,DEM;MDB;NOVO;PP;PSDB;PSL
transition-person-87ad75f8d2f9/2020-09-10,CV5-025,2018,2020-04-17,2020-05-07,DEM;NOVO;PP;PSDB;PSL
transition-person-87ad75f8d2f9/2020-09-10,CV5-026,2018,2020-05-07,2020-06-17,DEM;PP;PSDB;PSL
transition-person-87ad75f8d2f9/2020-09-10,CV5-027,2018,2020-06-17,2020-06-18,DEM;PP;PSD;PSDB;PSL
transition-person-87ad75f8d2f9/2020-09-10,CV5-028,2018,2020-06-18,2020-09-10,DEM;PP;PSD;PSL
transition-person-87ad75f8d2f9/2020-09-10,CV5-029,2018,2020-09-10,2020-12-09,DEM;PSD;PSL
transition-person-87ad75f8d2f9/2020-09-10,CV5-030,2018,2020-12-09,2021-02-12,DEM;PSC;PSD;PSL
transition-person-87ad75f8d2f9/2020-09-10,CV5-031,2018,2021-02-12,2021-03-31,DEM;PRB;PSC;PSD;PSL
transition-person-87ad75f8d2f9/2020-09-10,CV5-032,2018,2021-03-31,2021-07-28,DEM;PR;PRB;PSC;PSD;PSL
transition-person-87ad75f8d2f9/2020-09-10,CV5-033,2018,2021-07-28,2022-03-24,DEM;PP;PR;PRB;PSC;PSD;PSL
transition-person-87ad75f8d2f9/2020-09-10,CV5-034,2018,2022-03-24,2022-03-27,DEM;PP;PR;PRB;PSC;PSL
transition-person-87ad75f8d2f9/2020-09-10,CV5-035,2018,2022-03-27,2022-03-28,PP;PR;PSC
transition-person-87ad75f8d2f9/2020-09-10,CV5-036,2018,2022-03-28,2022-03-30,PP;PR;PRB;PSC
transition-person-87ad75f8d2f9/2020-09-10,CV5-037,2018,2022-03-30,2022-03-31,PP;PR;PRB
transition-person-87ad75f8d2f9/2020-09-10,CV5-038,2018,2022-03-31,2022-05-11,PP;PRB;PSD
transition-person-87ad75f8d2f9/2020-09-10,CV5-039,2018,2022-05-11,2022-12-30,DEM;PP;PRB;PSD;PSL
transition-person-87ad75f8d2f9/2020-09-10,CV5-040,2018,2022-12-30,2023-01-01,DEM;NOVO;PRB;PSD;PSL
transition-person-87ad75f8d2f9/2020-09-10,CV5-041,2022,2023-01-01,2023-09-13,MDB;PCdoB;PDT;PSB;PSD;PSOL;PT;REDE;UNIÃO
transition-person-87ad75f8d2f9/2020-09-10,CV5-042,2022,2023-09-13,2023-12-04,MDB;PCdoB;PDT;PP;PSB;PSD;PSOL;PT;REDE;REPUBLICANOS;UNIÃO
transition-person-87ad75f8d2f9/2020-09-10,CV5-043,2022,2023-12-04,2023-12-06,MDB;PCdoB;PDT;PP;PSB;PSD;PSDB;PSOL;PT;REDE;REPUBLICANOS;UNIÃO
transition-person-87ad75f8d2f9/2020-09-10,CV5-044,2022,2023-12-06,2024-12-03,MDB;PCdoB;PDT;PP;PSB;PSD;PSOL;PT;REDE;REPUBLICANOS;UNIÃO
transition-person-87ad75f8d2f9/2020-09-10,CV5-045,2022,2024-12-03,2024-12-06,MDB;PCdoB;PDT;PP;PSB;PSD;PSDB;PSOL;PT;REDE;REPUBLICANOS;UNIÃO
transition-person-87ad75f8d2f9/2020-09-10,CV5-046,2022,2024-12-06,2025-10-08,MDB;PCdoB;PDT;PP;PSB;PSD;PSOL;PT;REDE;REPUBLICANOS;UNIÃO
transition-person-87ad75f8d2f9/2020-09-10,CV5-047,2022,2025-10-08,2025-10-09,MDB;PCdoB;PDT;PP;PSB;PSD;PSDB;PSOL;PT;REDE;REPUBLICANOS
transition-person-87ad75f8d2f9/2020-09-10,CV5-048,2022,2025-10-09,2025-11-13,MDB;PCdoB;PDT;PP;PSB;PSD;PSOL;PT;REDE;REPUBLICANOS;UNIÃO
transition-person-87ad75f8d2f9/2020-09-10,CV5-049,2022,2025-11-13,2025-11-17,MDB;PCdoB;PDT;PP;PSB;PSD;PSDB;PSOL;PT;REDE;REPUBLICANOS
transition-person-87ad75f8d2f9/2020-09-10,CV5-050,2022,2025-11-17,2025-12-08,MDB;PCdoB;PDT;PP;PSB;PSD;PSOL;PT;REDE;REPUBLICANOS;UNIÃO
transition-person-87ad75f8d2f9/2020-09-10,CV5-051,2022,2025-12-08,2025-12-19,MDB;PCdoB;PDT;PP;PSB;PSD;PSOL;PT;REDE;REPUBLICANOS
transition-person-87ad75f8d2f9/2020-09-10,CV5-052,2022,2025-12-19,2025-12-23,MDB;PCdoB;PDT;PP;PSB;PSD;PSDB;PSOL;PT;REDE;REPUBLICANOS
transition-person-87ad75f8d2f9/2020-09-10,CV5-053,2022,2025-12-23,2026-03-20,MDB;PCdoB;PDT;PP;PSB;PSD;PSOL;PT;REDE;REPUBLICANOS
transition-person-87ad75f8d2f9/2020-09-11,CV5-001,2014,2015-01-01,2015-03-19,PCdoB;PDT;PMDB;PP;PR;PRB;PROS;PSD;PT;PTB
transition-person-87ad75f8d2f9/2020-09-11,CV5-002,2014,2015-03-19,2016-03-18,PCdoB;PDT;PMDB;PP;PR;PRB;PSD;PT;PTB
transition-person-87ad75f8d2f9/2020-09-11,CV5-003,2014,2016-03-18,2016-03-31,PCdoB;PDT;PMDB;PP;PR;PROS;PSD;PT;PTB
transition-person-87ad75f8d2f9/2020-09-11,CV5-004,2014,2016-03-31,2016-04-14,PCdoB;PDT;PMDB;PP;PR;PSD;PT;PTB
transition-person-87ad75f8d2f9/2020-09-11,CV5-005,2014,2016-04-14,2016-04-19,PCdoB;PDT;PMDB;PR;PSD;PT;PTB
transition-person-87ad75f8d2f9/2020-09-11,CV5-006,2014,2016-04-19,2016-05-12,PCdoB;PDT;PMDB;PR;PT;PTB
transition-person-87ad75f8d2f9/2020-09-11,CV5-007,2014,2016-05-12,2016-10-10,DEM;PMDB;PP;PPS;PR;PRB;PSB;PSD;PSDB;PTB;PV
transition-person-87ad75f8d2f9/2020-09-11,CV5-008,2014,2016-10-10,2016-10-11,DEM;PMDB;PP;PPS;PR;PRB;PSD;PSDB;PTB;PV
transition-person-87ad75f8d2f9/2020-09-11,CV5-009,2014,2016-10-11,2016-10-25,DEM;PMDB;PP;PPS;PR;PRB;PSB;PSD;PSDB;PTB;PV
transition-person-87ad75f8d2f9/2020-09-11,CV5-010,2014,2016-10-25,2016-10-26,DEM;PMDB;PP;PPS;PR;PRB;PSD;PSDB;PTB;PV
transition-person-87ad75f8d2f9/2020-09-11,CV5-011,2014,2016-10-26,2017-04-26,DEM;PMDB;PP;PPS;PR;PRB;PSB;PSD;PSDB;PTB;PV
transition-person-87ad75f8d2f9/2020-09-11,CV5-012,2014,2017-04-26,2017-04-27,DEM;PMDB;PP;PPS;PR;PRB;PSD;PSDB;PTB;PV
transition-person-87ad75f8d2f9/2020-09-11,CV5-013,2014,2017-04-27,2017-08-02,DEM;PMDB;PP;PPS;PR;PRB;PSB;PSD;PSDB;PTB;PV
transition-person-87ad75f8d2f9/2020-09-11,CV5-014,2014,2017-08-02,2017-08-03,DEM;PMDB;PP;PPS;PR;PRB;PSD;PSDB;PTB;PV
transition-person-87ad75f8d2f9/2020-09-11,CV5-015,2014,2017-08-03,2017-10-18,DEM;PMDB;PP;PPS;PR;PRB;PSB;PSD;PSDB;PTB;PV
transition-person-87ad75f8d2f9/2020-09-11,CV5-016,2014,2017-10-18,2018-03-21,DEM;PMDB;PP;PPS;PR;PRB;PSD;PSDB;PTB;PV
transition-person-87ad75f8d2f9/2020-09-11,CV5-017,2014,2018-03-21,2018-04-02,DEM;PMDB;PP;PR;PRB;PSD;PSDB;PTB;PV
transition-person-87ad75f8d2f9/2020-09-11,CV5-018,2014,2018-04-02,2018-04-06,DEM;PMDB;PP;PRB;PSD;PSDB;PTB;PV
transition-person-87ad75f8d2f9/2020-09-11,CV5-019,2014,2018-04-06,2018-07-05,PMDB;PP;PRB;PSD;PSDB;PTB;PV
transition-person-87ad75f8d2f9/2020-09-11,CV5-020,2014,2018-07-05,2019-01-01,PMDB;PP;PRB;PSD;PSDB;PV
transition-person-87ad75f8d2f9/2020-09-11,CV5-021,2018,2019-01-01,2020-02-11,DEM;MDB;NOVO;PP;PSL
transition-person-87ad75f8d2f9/2020-09-11,CV5-022,2018,2020-02-11,2020-02-18,DEM;MDB;NOVO;PP;PSDB;PSL
transition-person-87ad75f8d2f9/2020-09-11,CV5-023,2018,2020-02-18,2020-04-16,DEM;NOVO;PP;PSDB;PSL
transition-person-87ad75f8d2f9/2020-09-11,CV5-024,2018,2020-04-16,2020-04-17,DEM;MDB;NOVO;PP;PSDB;PSL
transition-person-87ad75f8d2f9/2020-09-11,CV5-025,2018,2020-04-17,2020-05-07,DEM;NOVO;PP;PSDB;PSL
transition-person-87ad75f8d2f9/2020-09-11,CV5-026,2018,2020-05-07,2020-06-17,DEM;PP;PSDB;PSL
transition-person-87ad75f8d2f9/2020-09-11,CV5-027,2018,2020-06-17,2020-06-18,DEM;PP;PSD;PSDB;PSL
transition-person-87ad75f8d2f9/2020-09-11,CV5-028,2018,2020-06-18,2020-09-11,DEM;PP;PSD;PSL
transition-person-87ad75f8d2f9/2020-09-11,CV5-029,2018,2020-09-11,2020-12-09,DEM;PSD;PSL
transition-person-87ad75f8d2f9/2020-09-11,CV5-030,2018,2020-12-09,2021-02-12,DEM;PSC;PSD;PSL
transition-person-87ad75f8d2f9/2020-09-11,CV5-031,2018,2021-02-12,2021-03-31,DEM;PRB;PSC;PSD;PSL
transition-person-87ad75f8d2f9/2020-09-11,CV5-032,2018,2021-03-31,2021-07-28,DEM;PR;PRB;PSC;PSD;PSL
transition-person-87ad75f8d2f9/2020-09-11,CV5-033,2018,2021-07-28,2022-03-24,DEM;PP;PR;PRB;PSC;PSD;PSL
transition-person-87ad75f8d2f9/2020-09-11,CV5-034,2018,2022-03-24,2022-03-27,DEM;PP;PR;PRB;PSC;PSL
transition-person-87ad75f8d2f9/2020-09-11,CV5-035,2018,2022-03-27,2022-03-28,PP;PR;PSC
transition-person-87ad75f8d2f9/2020-09-11,CV5-036,2018,2022-03-28,2022-03-30,PP;PR;PRB;PSC
transition-person-87ad75f8d2f9/2020-09-11,CV5-037,2018,2022-03-30,2022-03-31,PP;PR;PRB
transition-person-87ad75f8d2f9/2020-09-11,CV5-038,2018,2022-03-31,2022-05-11,PP;PRB;PSD
transition-person-87ad75f8d2f9/2020-09-11,CV5-039,2018,2022-05-11,2022-12-30,DEM;PP;PRB;PSD;PSL
transition-person-87ad75f8d2f9/2020-09-11,CV5-040,2018,2022-12-30,2023-01-01,DEM;NOVO;PRB;PSD;PSL
transition-person-87ad75f8d2f9/2020-09-11,CV5-041,2022,2023-01-01,2023-09-13,MDB;PCdoB;PDT;PSB;PSD;PSOL;PT;REDE;UNIÃO
transition-person-87ad75f8d2f9/2020-09-11,CV5-042,2022,2023-09-13,2023-12-04,MDB;PCdoB;PDT;PP;PSB;PSD;PSOL;PT;REDE;REPUBLICANOS;UNIÃO
transition-person-87ad75f8d2f9/2020-09-11,CV5-043,2022,2023-12-04,2023-12-06,MDB;PCdoB;PDT;PP;PSB;PSD;PSDB;PSOL;PT;REDE;REPUBLICANOS;UNIÃO
transition-person-87ad75f8d2f9/2020-09-11,CV5-044,2022,2023-12-06,2024-12-03,MDB;PCdoB;PDT;PP;PSB;PSD;PSOL;PT;REDE;REPUBLICANOS;UNIÃO
transition-person-87ad75f8d2f9/2020-09-11,CV5-045,2022,2024-12-03,2024-12-06,MDB;PCdoB;PDT;PP;PSB;PSD;PSDB;PSOL;PT;REDE;REPUBLICANOS;UNIÃO
transition-person-87ad75f8d2f9/2020-09-11,CV5-046,2022,2024-12-06,2025-10-08,MDB;PCdoB;PDT;PP;PSB;PSD;PSOL;PT;REDE;REPUBLICANOS;UNIÃO
transition-person-87ad75f8d2f9/2020-09-11,CV5-047,2022,2025-10-08,2025-10-09,MDB;PCdoB;PDT;PP;PSB;PSD;PSDB;PSOL;PT;REDE;REPUBLICANOS
transition-person-87ad75f8d2f9/2020-09-11,CV5-048,2022,2025-10-09,2025-11-13,MDB;PCdoB;PDT;PP;PSB;PSD;PSOL;PT;REDE;REPUBLICANOS;UNIÃO
transition-person-87ad75f8d2f9/2020-09-11,CV5-049,2022,2025-11-13,2025-11-17,MDB;PCdoB;PDT;PP;PSB;PSD;PSDB;PSOL;PT;REDE;REPUBLICANOS
transition-person-87ad75f8d2f9/2020-09-11,CV5-050,2022,2025-11-17,2025-12-08,MDB;PCdoB;PDT;PP;PSB;PSD;PSOL;PT;REDE;REPUBLICANOS;UNIÃO
transition-person-87ad75f8d2f9/2020-09-11,CV5-051,2022,2025-12-08,2025-12-19,MDB;PCdoB;PDT;PP;PSB;PSD;PSOL;PT;REDE;REPUBLICANOS
transition-person-87ad75f8d2f9/2020-09-11,CV5-052,2022,2025-12-19,2025-12-23,MDB;PCdoB;PDT;PP;PSB;PSD;PSDB;PSOL;PT;REDE;REPUBLICANOS
transition-person-87ad75f8d2f9/2020-09-11,CV5-053,2022,2025-12-23,2026-03-20,MDB;PCdoB;PDT;PP;PSB;PSD;PSOL;PT;REDE;REPUBLICANOS
transition-person-87ad75f8d2f9/2020-09-12,CV5-001,2014,2015-01-01,2015-03-19,PCdoB;PDT;PMDB;PP;PR;PRB;PROS;PSD;PT;PTB
transition-person-87ad75f8d2f9/2020-09-12,CV5-002,2014,2015-03-19,2016-03-18,PCdoB;PDT;PMDB;PP;PR;PRB;PSD;PT;PTB
transition-person-87ad75f8d2f9/2020-09-12,CV5-003,2014,2016-03-18,2016-03-31,PCdoB;PDT;PMDB;PP;PR;PROS;PSD;PT;PTB
transition-person-87ad75f8d2f9/2020-09-12,CV5-004,2014,2016-03-31,2016-04-14,PCdoB;PDT;PMDB;PP;PR;PSD;PT;PTB
transition-person-87ad75f8d2f9/2020-09-12,CV5-005,2014,2016-04-14,2016-04-19,PCdoB;PDT;PMDB;PR;PSD;PT;PTB
transition-person-87ad75f8d2f9/2020-09-12,CV5-006,2014,2016-04-19,2016-05-12,PCdoB;PDT;PMDB;PR;PT;PTB
transition-person-87ad75f8d2f9/2020-09-12,CV5-007,2014,2016-05-12,2016-10-10,DEM;PMDB;PP;PPS;PR;PRB;PSB;PSD;PSDB;PTB;PV
transition-person-87ad75f8d2f9/2020-09-12,CV5-008,2014,2016-10-10,2016-10-11,DEM;PMDB;PP;PPS;PR;PRB;PSD;PSDB;PTB;PV
transition-person-87ad75f8d2f9/2020-09-12,CV5-009,2014,2016-10-11,2016-10-25,DEM;PMDB;PP;PPS;PR;PRB;PSB;PSD;PSDB;PTB;PV
transition-person-87ad75f8d2f9/2020-09-12,CV5-010,2014,2016-10-25,2016-10-26,DEM;PMDB;PP;PPS;PR;PRB;PSD;PSDB;PTB;PV
transition-person-87ad75f8d2f9/2020-09-12,CV5-011,2014,2016-10-26,2017-04-26,DEM;PMDB;PP;PPS;PR;PRB;PSB;PSD;PSDB;PTB;PV
transition-person-87ad75f8d2f9/2020-09-12,CV5-012,2014,2017-04-26,2017-04-27,DEM;PMDB;PP;PPS;PR;PRB;PSD;PSDB;PTB;PV
transition-person-87ad75f8d2f9/2020-09-12,CV5-013,2014,2017-04-27,2017-08-02,DEM;PMDB;PP;PPS;PR;PRB;PSB;PSD;PSDB;PTB;PV
transition-person-87ad75f8d2f9/2020-09-12,CV5-014,2014,2017-08-02,2017-08-03,DEM;PMDB;PP;PPS;PR;PRB;PSD;PSDB;PTB;PV
transition-person-87ad75f8d2f9/2020-09-12,CV5-015,2014,2017-08-03,2017-10-18,DEM;PMDB;PP;PPS;PR;PRB;PSB;PSD;PSDB;PTB;PV
transition-person-87ad75f8d2f9/2020-09-12,CV5-016,2014,2017-10-18,2018-03-21,DEM;PMDB;PP;PPS;PR;PRB;PSD;PSDB;PTB;PV
transition-person-87ad75f8d2f9/2020-09-12,CV5-017,2014,2018-03-21,2018-04-02,DEM;PMDB;PP;PR;PRB;PSD;PSDB;PTB;PV
transition-person-87ad75f8d2f9/2020-09-12,CV5-018,2014,2018-04-02,2018-04-06,DEM;PMDB;PP;PRB;PSD;PSDB;PTB;PV
transition-person-87ad75f8d2f9/2020-09-12,CV5-019,2014,2018-04-06,2018-07-05,PMDB;PP;PRB;PSD;PSDB;PTB;PV
transition-person-87ad75f8d2f9/2020-09-12,CV5-020,2014,2018-07-05,2019-01-01,PMDB;PP;PRB;PSD;PSDB;PV
transition-person-87ad75f8d2f9/2020-09-12,CV5-021,2018,2019-01-01,2020-02-11,DEM;MDB;NOVO;PP;PSL
transition-person-87ad75f8d2f9/2020-09-12,CV5-022,2018,2020-02-11,2020-02-18,DEM;MDB;NOVO;PP;PSDB;PSL
transition-person-87ad75f8d2f9/2020-09-12,CV5-023,2018,2020-02-18,2020-04-16,DEM;NOVO;PP;PSDB;PSL
transition-person-87ad75f8d2f9/2020-09-12,CV5-024,2018,2020-04-16,2020-04-17,DEM;MDB;NOVO;PP;PSDB;PSL
transition-person-87ad75f8d2f9/2020-09-12,CV5-025,2018,2020-04-17,2020-05-07,DEM;NOVO;PP;PSDB;PSL
transition-person-87ad75f8d2f9/2020-09-12,CV5-026,2018,2020-05-07,2020-06-17,DEM;PP;PSDB;PSL
transition-person-87ad75f8d2f9/2020-09-12,CV5-027,2018,2020-06-17,2020-06-18,DEM;PP;PSD;PSDB;PSL
transition-person-87ad75f8d2f9/2020-09-12,CV5-028,2018,2020-06-18,2020-09-12,DEM;PP;PSD;PSL
transition-person-87ad75f8d2f9/2020-09-12,CV5-029,2018,2020-09-12,2020-12-09,DEM;PSD;PSL
transition-person-87ad75f8d2f9/2020-09-12,CV5-030,2018,2020-12-09,2021-02-12,DEM;PSC;PSD;PSL
transition-person-87ad75f8d2f9/2020-09-12,CV5-031,2018,2021-02-12,2021-03-31,DEM;PRB;PSC;PSD;PSL
transition-person-87ad75f8d2f9/2020-09-12,CV5-032,2018,2021-03-31,2021-07-28,DEM;PR;PRB;PSC;PSD;PSL
transition-person-87ad75f8d2f9/2020-09-12,CV5-033,2018,2021-07-28,2022-03-24,DEM;PP;PR;PRB;PSC;PSD;PSL
transition-person-87ad75f8d2f9/2020-09-12,CV5-034,2018,2022-03-24,2022-03-27,DEM;PP;PR;PRB;PSC;PSL
transition-person-87ad75f8d2f9/2020-09-12,CV5-035,2018,2022-03-27,2022-03-28,PP;PR;PSC
transition-person-87ad75f8d2f9/2020-09-12,CV5-036,2018,2022-03-28,2022-03-30,PP;PR;PRB;PSC
transition-person-87ad75f8d2f9/2020-09-12,CV5-037,2018,2022-03-30,2022-03-31,PP;PR;PRB
transition-person-87ad75f8d2f9/2020-09-12,CV5-038,2018,2022-03-31,2022-05-11,PP;PRB;PSD
transition-person-87ad75f8d2f9/2020-09-12,CV5-039,2018,2022-05-11,2022-12-30,DEM;PP;PRB;PSD;PSL
transition-person-87ad75f8d2f9/2020-09-12,CV5-040,2018,2022-12-30,2023-01-01,DEM;NOVO;PRB;PSD;PSL
transition-person-87ad75f8d2f9/2020-09-12,CV5-041,2022,2023-01-01,2023-09-13,MDB;PCdoB;PDT;PSB;PSD;PSOL;PT;REDE;UNIÃO
transition-person-87ad75f8d2f9/2020-09-12,CV5-042,2022,2023-09-13,2023-12-04,MDB;PCdoB;PDT;PP;PSB;PSD;PSOL;PT;REDE;REPUBLICANOS;UNIÃO
transition-person-87ad75f8d2f9/2020-09-12,CV5-043,2022,2023-12-04,2023-12-06,MDB;PCdoB;PDT;PP;PSB;PSD;PSDB;PSOL;PT;REDE;REPUBLICANOS;UNIÃO
transition-person-87ad75f8d2f9/2020-09-12,CV5-044,2022,2023-12-06,2024-12-03,MDB;PCdoB;PDT;PP;PSB;PSD;PSOL;PT;REDE;REPUBLICANOS;UNIÃO
transition-person-87ad75f8d2f9/2020-09-12,CV5-045,2022,2024-12-03,2024-12-06,MDB;PCdoB;PDT;PP;PSB;PSD;PSDB;PSOL;PT;REDE;REPUBLICANOS;UNIÃO
transition-person-87ad75f8d2f9/2020-09-12,CV5-046,2022,2024-12-06,2025-10-08,MDB;PCdoB;PDT;PP;PSB;PSD;PSOL;PT;REDE;REPUBLICANOS;UNIÃO
transition-person-87ad75f8d2f9/2020-09-12,CV5-047,2022,2025-10-08,2025-10-09,MDB;PCdoB;PDT;PP;PSB;PSD;PSDB;PSOL;PT;REDE;REPUBLICANOS
transition-person-87ad75f8d2f9/2020-09-12,CV5-048,2022,2025-10-09,2025-11-13,MDB;PCdoB;PDT;PP;PSB;PSD;PSOL;PT;REDE;REPUBLICANOS;UNIÃO
transition-person-87ad75f8d2f9/2020-09-12,CV5-049,2022,2025-11-13,2025-11-17,MDB;PCdoB;PDT;PP;PSB;PSD;PSDB;PSOL;PT;REDE;REPUBLICANOS
transition-person-87ad75f8d2f9/2020-09-12,CV5-050,2022,2025-11-17,2025-12-08,MDB;PCdoB;PDT;PP;PSB;PSD;PSOL;PT;REDE;REPUBLICANOS;UNIÃO
transition-person-87ad75f8d2f9/2020-09-12,CV5-051,2022,2025-12-08,2025-12-19,MDB;PCdoB;PDT;PP;PSB;PSD;PSOL;PT;REDE;REPUBLICANOS
transition-person-87ad75f8d2f9/2020-09-12,CV5-052,2022,2025-12-19,2025-12-23,MDB;PCdoB;PDT;PP;PSB;PSD;PSDB;PSOL;PT;REDE;REPUBLICANOS
transition-person-87ad75f8d2f9/2020-09-12,CV5-053,2022,2025-12-23,2026-03-20,MDB;PCdoB;PDT;PP;PSB;PSD;PSOL;PT;REDE;REPUBLICANOS
transition-person-87ad75f8d2f9/2020-09-13,CV5-001,2014,2015-01-01,2015-03-19,PCdoB;PDT;PMDB;PP;PR;PRB;PROS;PSD;PT;PTB
transition-person-87ad75f8d2f9/2020-09-13,CV5-002,2014,2015-03-19,2016-03-18,PCdoB;PDT;PMDB;PP;PR;PRB;PSD;PT;PTB
transition-person-87ad75f8d2f9/2020-09-13,CV5-003,2014,2016-03-18,2016-03-31,PCdoB;PDT;PMDB;PP;PR;PROS;PSD;PT;PTB
transition-person-87ad75f8d2f9/2020-09-13,CV5-004,2014,2016-03-31,2016-04-14,PCdoB;PDT;PMDB;PP;PR;PSD;PT;PTB
transition-person-87ad75f8d2f9/2020-09-13,CV5-005,2014,2016-04-14,2016-04-19,PCdoB;PDT;PMDB;PR;PSD;PT;PTB
transition-person-87ad75f8d2f9/2020-09-13,CV5-006,2014,2016-04-19,2016-05-12,PCdoB;PDT;PMDB;PR;PT;PTB
transition-person-87ad75f8d2f9/2020-09-13,CV5-007,2014,2016-05-12,2016-10-10,DEM;PMDB;PP;PPS;PR;PRB;PSB;PSD;PSDB;PTB;PV
transition-person-87ad75f8d2f9/2020-09-13,CV5-008,2014,2016-10-10,2016-10-11,DEM;PMDB;PP;PPS;PR;PRB;PSD;PSDB;PTB;PV
transition-person-87ad75f8d2f9/2020-09-13,CV5-009,2014,2016-10-11,2016-10-25,DEM;PMDB;PP;PPS;PR;PRB;PSB;PSD;PSDB;PTB;PV
transition-person-87ad75f8d2f9/2020-09-13,CV5-010,2014,2016-10-25,2016-10-26,DEM;PMDB;PP;PPS;PR;PRB;PSD;PSDB;PTB;PV
transition-person-87ad75f8d2f9/2020-09-13,CV5-011,2014,2016-10-26,2017-04-26,DEM;PMDB;PP;PPS;PR;PRB;PSB;PSD;PSDB;PTB;PV
transition-person-87ad75f8d2f9/2020-09-13,CV5-012,2014,2017-04-26,2017-04-27,DEM;PMDB;PP;PPS;PR;PRB;PSD;PSDB;PTB;PV
transition-person-87ad75f8d2f9/2020-09-13,CV5-013,2014,2017-04-27,2017-08-02,DEM;PMDB;PP;PPS;PR;PRB;PSB;PSD;PSDB;PTB;PV
transition-person-87ad75f8d2f9/2020-09-13,CV5-014,2014,2017-08-02,2017-08-03,DEM;PMDB;PP;PPS;PR;PRB;PSD;PSDB;PTB;PV
transition-person-87ad75f8d2f9/2020-09-13,CV5-015,2014,2017-08-03,2017-10-18,DEM;PMDB;PP;PPS;PR;PRB;PSB;PSD;PSDB;PTB;PV
transition-person-87ad75f8d2f9/2020-09-13,CV5-016,2014,2017-10-18,2018-03-21,DEM;PMDB;PP;PPS;PR;PRB;PSD;PSDB;PTB;PV
transition-person-87ad75f8d2f9/2020-09-13,CV5-017,2014,2018-03-21,2018-04-02,DEM;PMDB;PP;PR;PRB;PSD;PSDB;PTB;PV
transition-person-87ad75f8d2f9/2020-09-13,CV5-018,2014,2018-04-02,2018-04-06,DEM;PMDB;PP;PRB;PSD;PSDB;PTB;PV
transition-person-87ad75f8d2f9/2020-09-13,CV5-019,2014,2018-04-06,2018-07-05,PMDB;PP;PRB;PSD;PSDB;PTB;PV
transition-person-87ad75f8d2f9/2020-09-13,CV5-020,2014,2018-07-05,2019-01-01,PMDB;PP;PRB;PSD;PSDB;PV
transition-person-87ad75f8d2f9/2020-09-13,CV5-021,2018,2019-01-01,2020-02-11,DEM;MDB;NOVO;PP;PSL
transition-person-87ad75f8d2f9/2020-09-13,CV5-022,2018,2020-02-11,2020-02-18,DEM;MDB;NOVO;PP;PSDB;PSL
transition-person-87ad75f8d2f9/2020-09-13,CV5-023,2018,2020-02-18,2020-04-16,DEM;NOVO;PP;PSDB;PSL
transition-person-87ad75f8d2f9/2020-09-13,CV5-024,2018,2020-04-16,2020-04-17,DEM;MDB;NOVO;PP;PSDB;PSL
transition-person-87ad75f8d2f9/2020-09-13,CV5-025,2018,2020-04-17,2020-05-07,DEM;NOVO;PP;PSDB;PSL
transition-person-87ad75f8d2f9/2020-09-13,CV5-026,2018,2020-05-07,2020-06-17,DEM;PP;PSDB;PSL
transition-person-87ad75f8d2f9/2020-09-13,CV5-027,2018,2020-06-17,2020-06-18,DEM;PP;PSD;PSDB;PSL
transition-person-87ad75f8d2f9/2020-09-13,CV5-028,2018,2020-06-18,2020-09-13,DEM;PP;PSD;PSL
transition-person-87ad75f8d2f9/2020-09-13,CV5-029,2018,2020-09-13,2020-12-09,DEM;PSD;PSL
transition-person-87ad75f8d2f9/2020-09-13,CV5-030,2018,2020-12-09,2021-02-12,DEM;PSC;PSD;PSL
transition-person-87ad75f8d2f9/2020-09-13,CV5-031,2018,2021-02-12,2021-03-31,DEM;PRB;PSC;PSD;PSL
transition-person-87ad75f8d2f9/2020-09-13,CV5-032,2018,2021-03-31,2021-07-28,DEM;PR;PRB;PSC;PSD;PSL
transition-person-87ad75f8d2f9/2020-09-13,CV5-033,2018,2021-07-28,2022-03-24,DEM;PP;PR;PRB;PSC;PSD;PSL
transition-person-87ad75f8d2f9/2020-09-13,CV5-034,2018,2022-03-24,2022-03-27,DEM;PP;PR;PRB;PSC;PSL
transition-person-87ad75f8d2f9/2020-09-13,CV5-035,2018,2022-03-27,2022-03-28,PP;PR;PSC
transition-person-87ad75f8d2f9/2020-09-13,CV5-036,2018,2022-03-28,2022-03-30,PP;PR;PRB;PSC
transition-person-87ad75f8d2f9/2020-09-13,CV5-037,2018,2022-03-30,2022-03-31,PP;PR;PRB
transition-person-87ad75f8d2f9/2020-09-13,CV5-038,2018,2022-03-31,2022-05-11,PP;PRB;PSD
transition-person-87ad75f8d2f9/2020-09-13,CV5-039,2018,2022-05-11,2022-12-30,DEM;PP;PRB;PSD;PSL
transition-person-87ad75f8d2f9/2020-09-13,CV5-040,2018,2022-12-30,2023-01-01,DEM;NOVO;PRB;PSD;PSL
transition-person-87ad75f8d2f9/2020-09-13,CV5-041,2022,2023-01-01,2023-09-13,MDB;PCdoB;PDT;PSB;PSD;PSOL;PT;REDE;UNIÃO
transition-person-87ad75f8d2f9/2020-09-13,CV5-042,2022,2023-09-13,2023-12-04,MDB;PCdoB;PDT;PP;PSB;PSD;PSOL;PT;REDE;REPUBLICANOS;UNIÃO
transition-person-87ad75f8d2f9/2020-09-13,CV5-043,2022,2023-12-04,2023-12-06,MDB;PCdoB;PDT;PP;PSB;PSD;PSDB;PSOL;PT;REDE;REPUBLICANOS;UNIÃO
transition-person-87ad75f8d2f9/2020-09-13,CV5-044,2022,2023-12-06,2024-12-03,MDB;PCdoB;PDT;PP;PSB;PSD;PSOL;PT;REDE;REPUBLICANOS;UNIÃO
transition-person-87ad75f8d2f9/2020-09-13,CV5-045,2022,2024-12-03,2024-12-06,MDB;PCdoB;PDT;PP;PSB;PSD;PSDB;PSOL;PT;REDE;REPUBLICANOS;UNIÃO
transition-person-87ad75f8d2f9/2020-09-13,CV5-046,2022,2024-12-06,2025-10-08,MDB;PCdoB;PDT;PP;PSB;PSD;PSOL;PT;REDE;REPUBLICANOS;UNIÃO
transition-person-87ad75f8d2f9/2020-09-13,CV5-047,2022,2025-10-08,2025-10-09,MDB;PCdoB;PDT;PP;PSB;PSD;PSDB;PSOL;PT;REDE;REPUBLICANOS
transition-person-87ad75f8d2f9/2020-09-13,CV5-048,2022,2025-10-09,2025-11-13,MDB;PCdoB;PDT;PP;PSB;PSD;PSOL;PT;REDE;REPUBLICANOS;UNIÃO
transition-person-87ad75f8d2f9/2020-09-13,CV5-049,2022,2025-11-13,2025-11-17,MDB;PCdoB;PDT;PP;PSB;PSD;PSDB;PSOL;PT;REDE;REPUBLICANOS
transition-person-87ad75f8d2f9/2020-09-13,CV5-050,2022,2025-11-17,2025-12-08,MDB;PCdoB;PDT;PP;PSB;PSD;PSOL;PT;REDE;REPUBLICANOS;UNIÃO
transition-person-87ad75f8d2f9/2020-09-13,CV5-051,2022,2025-12-08,2025-12-19,MDB;PCdoB;PDT;PP;PSB;PSD;PSOL;PT;REDE;REPUBLICANOS
transition-person-87ad75f8d2f9/2020-09-13,CV5-052,2022,2025-12-19,2025-12-23,MDB;PCdoB;PDT;PP;PSB;PSD;PSDB;PSOL;PT;REDE;REPUBLICANOS
transition-person-87ad75f8d2f9/2020-09-13,CV5-053,2022,2025-12-23,2026-03-20,MDB;PCdoB;PDT;PP;PSB;PSD;PSOL;PT;REDE;REPUBLICANOS
transition-person-87ad75f8d2f9/2020-09-14,CV5-001,2014,2015-01-01,2015-03-19,PCdoB;PDT;PMDB;PP;PR;PRB;PROS;PSD;PT;PTB
transition-person-87ad75f8d2f9/2020-09-14,CV5-002,2014,2015-03-19,2016-03-18,PCdoB;PDT;PMDB;PP;PR;PRB;PSD;PT;PTB
transition-person-87ad75f8d2f9/2020-09-14,CV5-003,2014,2016-03-18,2016-03-31,PCdoB;PDT;PMDB;PP;PR;PROS;PSD;PT;PTB
transition-person-87ad75f8d2f9/2020-09-14,CV5-004,2014,2016-03-31,2016-04-14,PCdoB;PDT;PMDB;PP;PR;PSD;PT;PTB
transition-person-87ad75f8d2f9/2020-09-14,CV5-005,2014,2016-04-14,2016-04-19,PCdoB;PDT;PMDB;PR;PSD;PT;PTB
transition-person-87ad75f8d2f9/2020-09-14,CV5-006,2014,2016-04-19,2016-05-12,PCdoB;PDT;PMDB;PR;PT;PTB
transition-person-87ad75f8d2f9/2020-09-14,CV5-007,2014,2016-05-12,2016-10-10,DEM;PMDB;PP;PPS;PR;PRB;PSB;PSD;PSDB;PTB;PV
transition-person-87ad75f8d2f9/2020-09-14,CV5-008,2014,2016-10-10,2016-10-11,DEM;PMDB;PP;PPS;PR;PRB;PSD;PSDB;PTB;PV
transition-person-87ad75f8d2f9/2020-09-14,CV5-009,2014,2016-10-11,2016-10-25,DEM;PMDB;PP;PPS;PR;PRB;PSB;PSD;PSDB;PTB;PV
transition-person-87ad75f8d2f9/2020-09-14,CV5-010,2014,2016-10-25,2016-10-26,DEM;PMDB;PP;PPS;PR;PRB;PSD;PSDB;PTB;PV
transition-person-87ad75f8d2f9/2020-09-14,CV5-011,2014,2016-10-26,2017-04-26,DEM;PMDB;PP;PPS;PR;PRB;PSB;PSD;PSDB;PTB;PV
transition-person-87ad75f8d2f9/2020-09-14,CV5-012,2014,2017-04-26,2017-04-27,DEM;PMDB;PP;PPS;PR;PRB;PSD;PSDB;PTB;PV
transition-person-87ad75f8d2f9/2020-09-14,CV5-013,2014,2017-04-27,2017-08-02,DEM;PMDB;PP;PPS;PR;PRB;PSB;PSD;PSDB;PTB;PV
transition-person-87ad75f8d2f9/2020-09-14,CV5-014,2014,2017-08-02,2017-08-03,DEM;PMDB;PP;PPS;PR;PRB;PSD;PSDB;PTB;PV
transition-person-87ad75f8d2f9/2020-09-14,CV5-015,2014,2017-08-03,2017-10-18,DEM;PMDB;PP;PPS;PR;PRB;PSB;PSD;PSDB;PTB;PV
transition-person-87ad75f8d2f9/2020-09-14,CV5-016,2014,2017-10-18,2018-03-21,DEM;PMDB;PP;PPS;PR;PRB;PSD;PSDB;PTB;PV
transition-person-87ad75f8d2f9/2020-09-14,CV5-017,2014,2018-03-21,2018-04-02,DEM;PMDB;PP;PR;PRB;PSD;PSDB;PTB;PV
transition-person-87ad75f8d2f9/2020-09-14,CV5-018,2014,2018-04-02,2018-04-06,DEM;PMDB;PP;PRB;PSD;PSDB;PTB;PV
transition-person-87ad75f8d2f9/2020-09-14,CV5-019,2014,2018-04-06,2018-07-05,PMDB;PP;PRB;PSD;PSDB;PTB;PV
transition-person-87ad75f8d2f9/2020-09-14,CV5-020,2014,2018-07-05,2019-01-01,PMDB;PP;PRB;PSD;PSDB;PV
transition-person-87ad75f8d2f9/2020-09-14,CV5-021,2018,2019-01-01,2020-02-11,DEM;MDB;NOVO;PP;PSL
transition-person-87ad75f8d2f9/2020-09-14,CV5-022,2018,2020-02-11,2020-02-18,DEM;MDB;NOVO;PP;PSDB;PSL
transition-person-87ad75f8d2f9/2020-09-14,CV5-023,2018,2020-02-18,2020-04-16,DEM;NOVO;PP;PSDB;PSL
transition-person-87ad75f8d2f9/2020-09-14,CV5-024,2018,2020-04-16,2020-04-17,DEM;MDB;NOVO;PP;PSDB;PSL
transition-person-87ad75f8d2f9/2020-09-14,CV5-025,2018,2020-04-17,2020-05-07,DEM;NOVO;PP;PSDB;PSL
transition-person-87ad75f8d2f9/2020-09-14,CV5-026,2018,2020-05-07,2020-06-17,DEM;PP;PSDB;PSL
transition-person-87ad75f8d2f9/2020-09-14,CV5-027,2018,2020-06-17,2020-06-18,DEM;PP;PSD;PSDB;PSL
transition-person-87ad75f8d2f9/2020-09-14,CV5-028,2018,2020-06-18,2020-09-14,DEM;PP;PSD;PSL
transition-person-87ad75f8d2f9/2020-09-14,CV5-029,2018,2020-09-14,2020-12-09,DEM;PSD;PSL
transition-person-87ad75f8d2f9/2020-09-14,CV5-030,2018,2020-12-09,2021-02-12,DEM;PSC;PSD;PSL
transition-person-87ad75f8d2f9/2020-09-14,CV5-031,2018,2021-02-12,2021-03-31,DEM;PRB;PSC;PSD;PSL
transition-person-87ad75f8d2f9/2020-09-14,CV5-032,2018,2021-03-31,2021-07-28,DEM;PR;PRB;PSC;PSD;PSL
transition-person-87ad75f8d2f9/2020-09-14,CV5-033,2018,2021-07-28,2022-03-24,DEM;PP;PR;PRB;PSC;PSD;PSL
transition-person-87ad75f8d2f9/2020-09-14,CV5-034,2018,2022-03-24,2022-03-27,DEM;PP;PR;PRB;PSC;PSL
transition-person-87ad75f8d2f9/2020-09-14,CV5-035,2018,2022-03-27,2022-03-28,PP;PR;PSC
transition-person-87ad75f8d2f9/2020-09-14,CV5-036,2018,2022-03-28,2022-03-30,PP;PR;PRB;PSC
transition-person-87ad75f8d2f9/2020-09-14,CV5-037,2018,2022-03-30,2022-03-31,PP;PR;PRB
transition-person-87ad75f8d2f9/2020-09-14,CV5-038,2018,2022-03-31,2022-05-11,PP;PRB;PSD
transition-person-87ad75f8d2f9/2020-09-14,CV5-039,2018,2022-05-11,2022-12-30,DEM;PP;PRB;PSD;PSL
transition-person-87ad75f8d2f9/2020-09-14,CV5-040,2018,2022-12-30,2023-01-01,DEM;NOVO;PRB;PSD;PSL
transition-person-87ad75f8d2f9/2020-09-14,CV5-041,2022,2023-01-01,2023-09-13,MDB;PCdoB;PDT;PSB;PSD;PSOL;PT;REDE;UNIÃO
transition-person-87ad75f8d2f9/2020-09-14,CV5-042,2022,2023-09-13,2023-12-04,MDB;PCdoB;PDT;PP;PSB;PSD;PSOL;PT;REDE;REPUBLICANOS;UNIÃO
transition-person-87ad75f8d2f9/2020-09-14,CV5-043,2022,2023-12-04,2023-12-06,MDB;PCdoB;PDT;PP;PSB;PSD;PSDB;PSOL;PT;REDE;REPUBLICANOS;UNIÃO
transition-person-87ad75f8d2f9/2020-09-14,CV5-044,2022,2023-12-06,2024-12-03,MDB;PCdoB;PDT;PP;PSB;PSD;PSOL;PT;REDE;REPUBLICANOS;UNIÃO
transition-person-87ad75f8d2f9/2020-09-14,CV5-045,2022,2024-12-03,2024-12-06,MDB;PCdoB;PDT;PP;PSB;PSD;PSDB;PSOL;PT;REDE;REPUBLICANOS;UNIÃO
transition-person-87ad75f8d2f9/2020-09-14,CV5-046,2022,2024-12-06,2025-10-08,MDB;PCdoB;PDT;PP;PSB;PSD;PSOL;PT;REDE;REPUBLICANOS;UNIÃO
transition-person-87ad75f8d2f9/2020-09-14,CV5-047,2022,2025-10-08,2025-10-09,MDB;PCdoB;PDT;PP;PSB;PSD;PSDB;PSOL;PT;REDE;REPUBLICANOS
transition-person-87ad75f8d2f9/2020-09-14,CV5-048,2022,2025-10-09,2025-11-13,MDB;PCdoB;PDT;PP;PSB;PSD;PSOL;PT;REDE;REPUBLICANOS;UNIÃO
transition-person-87ad75f8d2f9/2020-09-14,CV5-049,2022,2025-11-13,2025-11-17,MDB;PCdoB;PDT;PP;PSB;PSD;PSDB;PSOL;PT;REDE;REPUBLICANOS
transition-person-87ad75f8d2f9/2020-09-14,CV5-050,2022,2025-11-17,2025-12-08,MDB;PCdoB;PDT;PP;PSB;PSD;PSOL;PT;REDE;REPUBLICANOS;UNIÃO
transition-person-87ad75f8d2f9/2020-09-14,CV5-051,2022,2025-12-08,2025-12-19,MDB;PCdoB;PDT;PP;PSB;PSD;PSOL;PT;REDE;REPUBLICANOS
transition-person-87ad75f8d2f9/2020-09-14,CV5-052,2022,2025-12-19,2025-12-23,MDB;PCdoB;PDT;PP;PSB;PSD;PSDB;PSOL;PT;REDE;REPUBLICANOS
transition-person-87ad75f8d2f9/2020-09-14,CV5-053,2022,2025-12-23,2026-03-20,MDB;PCdoB;PDT;PP;PSB;PSD;PSOL;PT;REDE;REPUBLICANOS
transition-person-87ad75f8d2f9/2020-09-15,CV5-001,2014,2015-01-01,2015-03-19,PCdoB;PDT;PMDB;PP;PR;PRB;PROS;PSD;PT;PTB
transition-person-87ad75f8d2f9/2020-09-15,CV5-002,2014,2015-03-19,2016-03-18,PCdoB;PDT;PMDB;PP;PR;PRB;PSD;PT;PTB
transition-person-87ad75f8d2f9/2020-09-15,CV5-003,2014,2016-03-18,2016-03-31,PCdoB;PDT;PMDB;PP;PR;PROS;PSD;PT;PTB
transition-person-87ad75f8d2f9/2020-09-15,CV5-004,2014,2016-03-31,2016-04-14,PCdoB;PDT;PMDB;PP;PR;PSD;PT;PTB
transition-person-87ad75f8d2f9/2020-09-15,CV5-005,2014,2016-04-14,2016-04-19,PCdoB;PDT;PMDB;PR;PSD;PT;PTB
transition-person-87ad75f8d2f9/2020-09-15,CV5-006,2014,2016-04-19,2016-05-12,PCdoB;PDT;PMDB;PR;PT;PTB
transition-person-87ad75f8d2f9/2020-09-15,CV5-007,2014,2016-05-12,2016-10-10,DEM;PMDB;PP;PPS;PR;PRB;PSB;PSD;PSDB;PTB;PV
transition-person-87ad75f8d2f9/2020-09-15,CV5-008,2014,2016-10-10,2016-10-11,DEM;PMDB;PP;PPS;PR;PRB;PSD;PSDB;PTB;PV
transition-person-87ad75f8d2f9/2020-09-15,CV5-009,2014,2016-10-11,2016-10-25,DEM;PMDB;PP;PPS;PR;PRB;PSB;PSD;PSDB;PTB;PV
transition-person-87ad75f8d2f9/2020-09-15,CV5-010,2014,2016-10-25,2016-10-26,DEM;PMDB;PP;PPS;PR;PRB;PSD;PSDB;PTB;PV
transition-person-87ad75f8d2f9/2020-09-15,CV5-011,2014,2016-10-26,2017-04-26,DEM;PMDB;PP;PPS;PR;PRB;PSB;PSD;PSDB;PTB;PV
transition-person-87ad75f8d2f9/2020-09-15,CV5-012,2014,2017-04-26,2017-04-27,DEM;PMDB;PP;PPS;PR;PRB;PSD;PSDB;PTB;PV
transition-person-87ad75f8d2f9/2020-09-15,CV5-013,2014,2017-04-27,2017-08-02,DEM;PMDB;PP;PPS;PR;PRB;PSB;PSD;PSDB;PTB;PV
transition-person-87ad75f8d2f9/2020-09-15,CV5-014,2014,2017-08-02,2017-08-03,DEM;PMDB;PP;PPS;PR;PRB;PSD;PSDB;PTB;PV
transition-person-87ad75f8d2f9/2020-09-15,CV5-015,2014,2017-08-03,2017-10-18,DEM;PMDB;PP;PPS;PR;PRB;PSB;PSD;PSDB;PTB;PV
transition-person-87ad75f8d2f9/2020-09-15,CV5-016,2014,2017-10-18,2018-03-21,DEM;PMDB;PP;PPS;PR;PRB;PSD;PSDB;PTB;PV
transition-person-87ad75f8d2f9/2020-09-15,CV5-017,2014,2018-03-21,2018-04-02,DEM;PMDB;PP;PR;PRB;PSD;PSDB;PTB;PV
transition-person-87ad75f8d2f9/2020-09-15,CV5-018,2014,2018-04-02,2018-04-06,DEM;PMDB;PP;PRB;PSD;PSDB;PTB;PV
transition-person-87ad75f8d2f9/2020-09-15,CV5-019,2014,2018-04-06,2018-07-05,PMDB;PP;PRB;PSD;PSDB;PTB;PV
transition-person-87ad75f8d2f9/2020-09-15,CV5-020,2014,2018-07-05,2019-01-01,PMDB;PP;PRB;PSD;PSDB;PV
transition-person-87ad75f8d2f9/2020-09-15,CV5-021,2018,2019-01-01,2020-02-11,DEM;MDB;NOVO;PP;PSL
transition-person-87ad75f8d2f9/2020-09-15,CV5-022,2018,2020-02-11,2020-02-18,DEM;MDB;NOVO;PP;PSDB;PSL
transition-person-87ad75f8d2f9/2020-09-15,CV5-023,2018,2020-02-18,2020-04-16,DEM;NOVO;PP;PSDB;PSL
transition-person-87ad75f8d2f9/2020-09-15,CV5-024,2018,2020-04-16,2020-04-17,DEM;MDB;NOVO;PP;PSDB;PSL
transition-person-87ad75f8d2f9/2020-09-15,CV5-025,2018,2020-04-17,2020-05-07,DEM;NOVO;PP;PSDB;PSL
transition-person-87ad75f8d2f9/2020-09-15,CV5-026,2018,2020-05-07,2020-06-17,DEM;PP;PSDB;PSL
transition-person-87ad75f8d2f9/2020-09-15,CV5-027,2018,2020-06-17,2020-06-18,DEM;PP;PSD;PSDB;PSL
transition-person-87ad75f8d2f9/2020-09-15,CV5-028,2018,2020-06-18,2020-09-15,DEM;PP;PSD;PSL
transition-person-87ad75f8d2f9/2020-09-15,CV5-029,2018,2020-09-15,2020-12-09,DEM;PSD;PSL
transition-person-87ad75f8d2f9/2020-09-15,CV5-030,2018,2020-12-09,2021-02-12,DEM;PSC;PSD;PSL
transition-person-87ad75f8d2f9/2020-09-15,CV5-031,2018,2021-02-12,2021-03-31,DEM;PRB;PSC;PSD;PSL
transition-person-87ad75f8d2f9/2020-09-15,CV5-032,2018,2021-03-31,2021-07-28,DEM;PR;PRB;PSC;PSD;PSL
transition-person-87ad75f8d2f9/2020-09-15,CV5-033,2018,2021-07-28,2022-03-24,DEM;PP;PR;PRB;PSC;PSD;PSL
transition-person-87ad75f8d2f9/2020-09-15,CV5-034,2018,2022-03-24,2022-03-27,DEM;PP;PR;PRB;PSC;PSL
transition-person-87ad75f8d2f9/2020-09-15,CV5-035,2018,2022-03-27,2022-03-28,PP;PR;PSC
transition-person-87ad75f8d2f9/2020-09-15,CV5-036,2018,2022-03-28,2022-03-30,PP;PR;PRB;PSC
transition-person-87ad75f8d2f9/2020-09-15,CV5-037,2018,2022-03-30,2022-03-31,PP;PR;PRB
transition-person-87ad75f8d2f9/2020-09-15,CV5-038,2018,2022-03-31,2022-05-11,PP;PRB;PSD
transition-person-87ad75f8d2f9/2020-09-15,CV5-039,2018,2022-05-11,2022-12-30,DEM;PP;PRB;PSD;PSL
transition-person-87ad75f8d2f9/2020-09-15,CV5-040,2018,2022-12-30,2023-01-01,DEM;NOVO;PRB;PSD;PSL
transition-person-87ad75f8d2f9/2020-09-15,CV5-041,2022,2023-01-01,2023-09-13,MDB;PCdoB;PDT;PSB;PSD;PSOL;PT;REDE;UNIÃO
transition-person-87ad75f8d2f9/2020-09-15,CV5-042,2022,2023-09-13,2023-12-04,MDB;PCdoB;PDT;PP;PSB;PSD;PSOL;PT;REDE;REPUBLICANOS;UNIÃO
transition-person-87ad75f8d2f9/2020-09-15,CV5-043,2022,2023-12-04,2023-12-06,MDB;PCdoB;PDT;PP;PSB;PSD;PSDB;PSOL;PT;REDE;REPUBLICANOS;UNIÃO
transition-person-87ad75f8d2f9/2020-09-15,CV5-044,2022,2023-12-06,2024-12-03,MDB;PCdoB;PDT;PP;PSB;PSD;PSOL;PT;REDE;REPUBLICANOS;UNIÃO
transition-person-87ad75f8d2f9/2020-09-15,CV5-045,2022,2024-12-03,2024-12-06,MDB;PCdoB;PDT;PP;PSB;PSD;PSDB;PSOL;PT;REDE;REPUBLICANOS;UNIÃO
transition-person-87ad75f8d2f9/2020-09-15,CV5-046,2022,2024-12-06,2025-10-08,MDB;PCdoB;PDT;PP;PSB;PSD;PSOL;PT;REDE;REPUBLICANOS;UNIÃO
transition-person-87ad75f8d2f9/2020-09-15,CV5-047,2022,2025-10-08,2025-10-09,MDB;PCdoB;PDT;PP;PSB;PSD;PSDB;PSOL;PT;REDE;REPUBLICANOS
transition-person-87ad75f8d2f9/2020-09-15,CV5-048,2022,2025-10-09,2025-11-13,MDB;PCdoB;PDT;PP;PSB;PSD;PSOL;PT;REDE;REPUBLICANOS;UNIÃO
transition-person-87ad75f8d2f9/2020-09-15,CV5-049,2022,2025-11-13,2025-11-17,MDB;PCdoB;PDT;PP;PSB;PSD;PSDB;PSOL;PT;REDE;REPUBLICANOS
transition-person-87ad75f8d2f9/2020-09-15,CV5-050,2022,2025-11-17,2025-12-08,MDB;PCdoB;PDT;PP;PSB;PSD;PSOL;PT;REDE;REPUBLICANOS;UNIÃO
transition-person-87ad75f8d2f9/2020-09-15,CV5-051,2022,2025-12-08,2025-12-19,MDB;PCdoB;PDT;PP;PSB;PSD;PSOL;PT;REDE;REPUBLICANOS
transition-person-87ad75f8d2f9/2020-09-15,CV5-052,2022,2025-12-19,2025-12-23,MDB;PCdoB;PDT;PP;PSB;PSD;PSDB;PSOL;PT;REDE;REPUBLICANOS
transition-person-87ad75f8d2f9/2020-09-15,CV5-053,2022,2025-12-23,2026-03-20,MDB;PCdoB;PDT;PP;PSB;PSD;PSOL;PT;REDE;REPUBLICANOS
transition-person-87ad75f8d2f9/2020-09-16,CV5-001,2014,2015-01-01,2015-03-19,PCdoB;PDT;PMDB;PP;PR;PRB;PROS;PSD;PT;PTB
transition-person-87ad75f8d2f9/2020-09-16,CV5-002,2014,2015-03-19,2016-03-18,PCdoB;PDT;PMDB;PP;PR;PRB;PSD;PT;PTB
transition-person-87ad75f8d2f9/2020-09-16,CV5-003,2014,2016-03-18,2016-03-31,PCdoB;PDT;PMDB;PP;PR;PROS;PSD;PT;PTB
transition-person-87ad75f8d2f9/2020-09-16,CV5-004,2014,2016-03-31,2016-04-14,PCdoB;PDT;PMDB;PP;PR;PSD;PT;PTB
transition-person-87ad75f8d2f9/2020-09-16,CV5-005,2014,2016-04-14,2016-04-19,PCdoB;PDT;PMDB;PR;PSD;PT;PTB
transition-person-87ad75f8d2f9/2020-09-16,CV5-006,2014,2016-04-19,2016-05-12,PCdoB;PDT;PMDB;PR;PT;PTB
transition-person-87ad75f8d2f9/2020-09-16,CV5-007,2014,2016-05-12,2016-10-10,DEM;PMDB;PP;PPS;PR;PRB;PSB;PSD;PSDB;PTB;PV
transition-person-87ad75f8d2f9/2020-09-16,CV5-008,2014,2016-10-10,2016-10-11,DEM;PMDB;PP;PPS;PR;PRB;PSD;PSDB;PTB;PV
transition-person-87ad75f8d2f9/2020-09-16,CV5-009,2014,2016-10-11,2016-10-25,DEM;PMDB;PP;PPS;PR;PRB;PSB;PSD;PSDB;PTB;PV
transition-person-87ad75f8d2f9/2020-09-16,CV5-010,2014,2016-10-25,2016-10-26,DEM;PMDB;PP;PPS;PR;PRB;PSD;PSDB;PTB;PV
transition-person-87ad75f8d2f9/2020-09-16,CV5-011,2014,2016-10-26,2017-04-26,DEM;PMDB;PP;PPS;PR;PRB;PSB;PSD;PSDB;PTB;PV
transition-person-87ad75f8d2f9/2020-09-16,CV5-012,2014,2017-04-26,2017-04-27,DEM;PMDB;PP;PPS;PR;PRB;PSD;PSDB;PTB;PV
transition-person-87ad75f8d2f9/2020-09-16,CV5-013,2014,2017-04-27,2017-08-02,DEM;PMDB;PP;PPS;PR;PRB;PSB;PSD;PSDB;PTB;PV
transition-person-87ad75f8d2f9/2020-09-16,CV5-014,2014,2017-08-02,2017-08-03,DEM;PMDB;PP;PPS;PR;PRB;PSD;PSDB;PTB;PV
transition-person-87ad75f8d2f9/2020-09-16,CV5-015,2014,2017-08-03,2017-10-18,DEM;PMDB;PP;PPS;PR;PRB;PSB;PSD;PSDB;PTB;PV
transition-person-87ad75f8d2f9/2020-09-16,CV5-016,2014,2017-10-18,2018-03-21,DEM;PMDB;PP;PPS;PR;PRB;PSD;PSDB;PTB;PV
transition-person-87ad75f8d2f9/2020-09-16,CV5-017,2014,2018-03-21,2018-04-02,DEM;PMDB;PP;PR;PRB;PSD;PSDB;PTB;PV
transition-person-87ad75f8d2f9/2020-09-16,CV5-018,2014,2018-04-02,2018-04-06,DEM;PMDB;PP;PRB;PSD;PSDB;PTB;PV
transition-person-87ad75f8d2f9/2020-09-16,CV5-019,2014,2018-04-06,2018-07-05,PMDB;PP;PRB;PSD;PSDB;PTB;PV
transition-person-87ad75f8d2f9/2020-09-16,CV5-020,2014,2018-07-05,2019-01-01,PMDB;PP;PRB;PSD;PSDB;PV
transition-person-87ad75f8d2f9/2020-09-16,CV5-021,2018,2019-01-01,2020-02-11,DEM;MDB;NOVO;PP;PSL
transition-person-87ad75f8d2f9/2020-09-16,CV5-022,2018,2020-02-11,2020-02-18,DEM;MDB;NOVO;PP;PSDB;PSL
transition-person-87ad75f8d2f9/2020-09-16,CV5-023,2018,2020-02-18,2020-04-16,DEM;NOVO;PP;PSDB;PSL
transition-person-87ad75f8d2f9/2020-09-16,CV5-024,2018,2020-04-16,2020-04-17,DEM;MDB;NOVO;PP;PSDB;PSL
transition-person-87ad75f8d2f9/2020-09-16,CV5-025,2018,2020-04-17,2020-05-07,DEM;NOVO;PP;PSDB;PSL
transition-person-87ad75f8d2f9/2020-09-16,CV5-026,2018,2020-05-07,2020-06-17,DEM;PP;PSDB;PSL
transition-person-87ad75f8d2f9/2020-09-16,CV5-027,2018,2020-06-17,2020-06-18,DEM;PP;PSD;PSDB;PSL
transition-person-87ad75f8d2f9/2020-09-16,CV5-028,2018,2020-06-18,2020-09-16,DEM;PP;PSD;PSL
transition-person-87ad75f8d2f9/2020-09-16,CV5-029,2018,2020-09-16,2020-12-09,DEM;PSD;PSL
transition-person-87ad75f8d2f9/2020-09-16,CV5-030,2018,2020-12-09,2021-02-12,DEM;PSC;PSD;PSL
transition-person-87ad75f8d2f9/2020-09-16,CV5-031,2018,2021-02-12,2021-03-31,DEM;PRB;PSC;PSD;PSL
transition-person-87ad75f8d2f9/2020-09-16,CV5-032,2018,2021-03-31,2021-07-28,DEM;PR;PRB;PSC;PSD;PSL
transition-person-87ad75f8d2f9/2020-09-16,CV5-033,2018,2021-07-28,2022-03-24,DEM;PP;PR;PRB;PSC;PSD;PSL
transition-person-87ad75f8d2f9/2020-09-16,CV5-034,2018,2022-03-24,2022-03-27,DEM;PP;PR;PRB;PSC;PSL
transition-person-87ad75f8d2f9/2020-09-16,CV5-035,2018,2022-03-27,2022-03-28,PP;PR;PSC
transition-person-87ad75f8d2f9/2020-09-16,CV5-036,2018,2022-03-28,2022-03-30,PP;PR;PRB;PSC
transition-person-87ad75f8d2f9/2020-09-16,CV5-037,2018,2022-03-30,2022-03-31,PP;PR;PRB
transition-person-87ad75f8d2f9/2020-09-16,CV5-038,2018,2022-03-31,2022-05-11,PP;PRB;PSD
transition-person-87ad75f8d2f9/2020-09-16,CV5-039,2018,2022-05-11,2022-12-30,DEM;PP;PRB;PSD;PSL
transition-person-87ad75f8d2f9/2020-09-16,CV5-040,2018,2022-12-30,2023-01-01,DEM;NOVO;PRB;PSD;PSL
transition-person-87ad75f8d2f9/2020-09-16,CV5-041,2022,2023-01-01,2023-09-13,MDB;PCdoB;PDT;PSB;PSD;PSOL;PT;REDE;UNIÃO
transition-person-87ad75f8d2f9/2020-09-16,CV5-042,2022,2023-09-13,2023-12-04,MDB;PCdoB;PDT;PP;PSB;PSD;PSOL;PT;REDE;REPUBLICANOS;UNIÃO
transition-person-87ad75f8d2f9/2020-09-16,CV5-043,2022,2023-12-04,2023-12-06,MDB;PCdoB;PDT;PP;PSB;PSD;PSDB;PSOL;PT;REDE;REPUBLICANOS;UNIÃO
transition-person-87ad75f8d2f9/2020-09-16,CV5-044,2022,2023-12-06,2024-12-03,MDB;PCdoB;PDT;PP;PSB;PSD;PSOL;PT;REDE;REPUBLICANOS;UNIÃO
transition-person-87ad75f8d2f9/2020-09-16,CV5-045,2022,2024-12-03,2024-12-06,MDB;PCdoB;PDT;PP;PSB;PSD;PSDB;PSOL;PT;REDE;REPUBLICANOS;UNIÃO
transition-person-87ad75f8d2f9/2020-09-16,CV5-046,2022,2024-12-06,2025-10-08,MDB;PCdoB;PDT;PP;PSB;PSD;PSOL;PT;REDE;REPUBLICANOS;UNIÃO
transition-person-87ad75f8d2f9/2020-09-16,CV5-047,2022,2025-10-08,2025-10-09,MDB;PCdoB;PDT;PP;PSB;PSD;PSDB;PSOL;PT;REDE;REPUBLICANOS
transition-person-87ad75f8d2f9/2020-09-16,CV5-048,2022,2025-10-09,2025-11-13,MDB;PCdoB;PDT;PP;PSB;PSD;PSOL;PT;REDE;REPUBLICANOS;UNIÃO
transition-person-87ad75f8d2f9/2020-09-16,CV5-049,2022,2025-11-13,2025-11-17,MDB;PCdoB;PDT;PP;PSB;PSD;PSDB;PSOL;PT;REDE;REPUBLICANOS
transition-person-87ad75f8d2f9/2020-09-16,CV5-050,2022,2025-11-17,2025-12-08,MDB;PCdoB;PDT;PP;PSB;PSD;PSOL;PT;REDE;REPUBLICANOS;UNIÃO
transition-person-87ad75f8d2f9/2020-09-16,CV5-051,2022,2025-12-08,2025-12-19,MDB;PCdoB;PDT;PP;PSB;PSD;PSOL;PT;REDE;REPUBLICANOS
transition-person-87ad75f8d2f9/2020-09-16,CV5-052,2022,2025-12-19,2025-12-23,MDB;PCdoB;PDT;PP;PSB;PSD;PSDB;PSOL;PT;REDE;REPUBLICANOS
transition-person-87ad75f8d2f9/2020-09-16,CV5-053,2022,2025-12-23,2026-03-20,MDB;PCdoB;PDT;PP;PSB;PSD;PSOL;PT;REDE;REPUBLICANOS
transition-person-87ad75f8d2f9/2020-09-17,CV5-001,2014,2015-01-01,2015-03-19,PCdoB;PDT;PMDB;PP;PR;PRB;PROS;PSD;PT;PTB
transition-person-87ad75f8d2f9/2020-09-17,CV5-002,2014,2015-03-19,2016-03-18,PCdoB;PDT;PMDB;PP;PR;PRB;PSD;PT;PTB
transition-person-87ad75f8d2f9/2020-09-17,CV5-003,2014,2016-03-18,2016-03-31,PCdoB;PDT;PMDB;PP;PR;PROS;PSD;PT;PTB
transition-person-87ad75f8d2f9/2020-09-17,CV5-004,2014,2016-03-31,2016-04-14,PCdoB;PDT;PMDB;PP;PR;PSD;PT;PTB
transition-person-87ad75f8d2f9/2020-09-17,CV5-005,2014,2016-04-14,2016-04-19,PCdoB;PDT;PMDB;PR;PSD;PT;PTB
transition-person-87ad75f8d2f9/2020-09-17,CV5-006,2014,2016-04-19,2016-05-12,PCdoB;PDT;PMDB;PR;PT;PTB
transition-person-87ad75f8d2f9/2020-09-17,CV5-007,2014,2016-05-12,2016-10-10,DEM;PMDB;PP;PPS;PR;PRB;PSB;PSD;PSDB;PTB;PV
transition-person-87ad75f8d2f9/2020-09-17,CV5-008,2014,2016-10-10,2016-10-11,DEM;PMDB;PP;PPS;PR;PRB;PSD;PSDB;PTB;PV
transition-person-87ad75f8d2f9/2020-09-17,CV5-009,2014,2016-10-11,2016-10-25,DEM;PMDB;PP;PPS;PR;PRB;PSB;PSD;PSDB;PTB;PV
transition-person-87ad75f8d2f9/2020-09-17,CV5-010,2014,2016-10-25,2016-10-26,DEM;PMDB;PP;PPS;PR;PRB;PSD;PSDB;PTB;PV
transition-person-87ad75f8d2f9/2020-09-17,CV5-011,2014,2016-10-26,2017-04-26,DEM;PMDB;PP;PPS;PR;PRB;PSB;PSD;PSDB;PTB;PV
transition-person-87ad75f8d2f9/2020-09-17,CV5-012,2014,2017-04-26,2017-04-27,DEM;PMDB;PP;PPS;PR;PRB;PSD;PSDB;PTB;PV
transition-person-87ad75f8d2f9/2020-09-17,CV5-013,2014,2017-04-27,2017-08-02,DEM;PMDB;PP;PPS;PR;PRB;PSB;PSD;PSDB;PTB;PV
transition-person-87ad75f8d2f9/2020-09-17,CV5-014,2014,2017-08-02,2017-08-03,DEM;PMDB;PP;PPS;PR;PRB;PSD;PSDB;PTB;PV
transition-person-87ad75f8d2f9/2020-09-17,CV5-015,2014,2017-08-03,2017-10-18,DEM;PMDB;PP;PPS;PR;PRB;PSB;PSD;PSDB;PTB;PV
transition-person-87ad75f8d2f9/2020-09-17,CV5-016,2014,2017-10-18,2018-03-21,DEM;PMDB;PP;PPS;PR;PRB;PSD;PSDB;PTB;PV
transition-person-87ad75f8d2f9/2020-09-17,CV5-017,2014,2018-03-21,2018-04-02,DEM;PMDB;PP;PR;PRB;PSD;PSDB;PTB;PV
transition-person-87ad75f8d2f9/2020-09-17,CV5-018,2014,2018-04-02,2018-04-06,DEM;PMDB;PP;PRB;PSD;PSDB;PTB;PV
transition-person-87ad75f8d2f9/2020-09-17,CV5-019,2014,2018-04-06,2018-07-05,PMDB;PP;PRB;PSD;PSDB;PTB;PV
transition-person-87ad75f8d2f9/2020-09-17,CV5-020,2014,2018-07-05,2019-01-01,PMDB;PP;PRB;PSD;PSDB;PV
transition-person-87ad75f8d2f9/2020-09-17,CV5-021,2018,2019-01-01,2020-02-11,DEM;MDB;NOVO;PP;PSL
transition-person-87ad75f8d2f9/2020-09-17,CV5-022,2018,2020-02-11,2020-02-18,DEM;MDB;NOVO;PP;PSDB;PSL
transition-person-87ad75f8d2f9/2020-09-17,CV5-023,2018,2020-02-18,2020-04-16,DEM;NOVO;PP;PSDB;PSL
transition-person-87ad75f8d2f9/2020-09-17,CV5-024,2018,2020-04-16,2020-04-17,DEM;MDB;NOVO;PP;PSDB;PSL
transition-person-87ad75f8d2f9/2020-09-17,CV5-025,2018,2020-04-17,2020-05-07,DEM;NOVO;PP;PSDB;PSL
transition-person-87ad75f8d2f9/2020-09-17,CV5-026,2018,2020-05-07,2020-06-17,DEM;PP;PSDB;PSL
transition-person-87ad75f8d2f9/2020-09-17,CV5-027,2018,2020-06-17,2020-06-18,DEM;PP;PSD;PSDB;PSL
transition-person-87ad75f8d2f9/2020-09-17,CV5-028,2018,2020-06-18,2020-09-17,DEM;PP;PSD;PSL
transition-person-87ad75f8d2f9/2020-09-17,CV5-029,2018,2020-09-17,2020-12-09,DEM;PSD;PSL
transition-person-87ad75f8d2f9/2020-09-17,CV5-030,2018,2020-12-09,2021-02-12,DEM;PSC;PSD;PSL
transition-person-87ad75f8d2f9/2020-09-17,CV5-031,2018,2021-02-12,2021-03-31,DEM;PRB;PSC;PSD;PSL
transition-person-87ad75f8d2f9/2020-09-17,CV5-032,2018,2021-03-31,2021-07-28,DEM;PR;PRB;PSC;PSD;PSL
transition-person-87ad75f8d2f9/2020-09-17,CV5-033,2018,2021-07-28,2022-03-24,DEM;PP;PR;PRB;PSC;PSD;PSL
transition-person-87ad75f8d2f9/2020-09-17,CV5-034,2018,2022-03-24,2022-03-27,DEM;PP;PR;PRB;PSC;PSL
transition-person-87ad75f8d2f9/2020-09-17,CV5-035,2018,2022-03-27,2022-03-28,PP;PR;PSC
transition-person-87ad75f8d2f9/2020-09-17,CV5-036,2018,2022-03-28,2022-03-30,PP;PR;PRB;PSC
transition-person-87ad75f8d2f9/2020-09-17,CV5-037,2018,2022-03-30,2022-03-31,PP;PR;PRB
transition-person-87ad75f8d2f9/2020-09-17,CV5-038,2018,2022-03-31,2022-05-11,PP;PRB;PSD
transition-person-87ad75f8d2f9/2020-09-17,CV5-039,2018,2022-05-11,2022-12-30,DEM;PP;PRB;PSD;PSL
transition-person-87ad75f8d2f9/2020-09-17,CV5-040,2018,2022-12-30,2023-01-01,DEM;NOVO;PRB;PSD;PSL
transition-person-87ad75f8d2f9/2020-09-17,CV5-041,2022,2023-01-01,2023-09-13,MDB;PCdoB;PDT;PSB;PSD;PSOL;PT;REDE;UNIÃO
transition-person-87ad75f8d2f9/2020-09-17,CV5-042,2022,2023-09-13,2023-12-04,MDB;PCdoB;PDT;PP;PSB;PSD;PSOL;PT;REDE;REPUBLICANOS;UNIÃO
transition-person-87ad75f8d2f9/2020-09-17,CV5-043,2022,2023-12-04,2023-12-06,MDB;PCdoB;PDT;PP;PSB;PSD;PSDB;PSOL;PT;REDE;REPUBLICANOS;UNIÃO
transition-person-87ad75f8d2f9/2020-09-17,CV5-044,2022,2023-12-06,2024-12-03,MDB;PCdoB;PDT;PP;PSB;PSD;PSOL;PT;REDE;REPUBLICANOS;UNIÃO
transition-person-87ad75f8d2f9/2020-09-17,CV5-045,2022,2024-12-03,2024-12-06,MDB;PCdoB;PDT;PP;PSB;PSD;PSDB;PSOL;PT;REDE;REPUBLICANOS;UNIÃO
transition-person-87ad75f8d2f9/2020-09-17,CV5-046,2022,2024-12-06,2025-10-08,MDB;PCdoB;PDT;PP;PSB;PSD;PSOL;PT;REDE;REPUBLICANOS;UNIÃO
transition-person-87ad75f8d2f9/2020-09-17,CV5-047,2022,2025-10-08,2025-10-09,MDB;PCdoB;PDT;PP;PSB;PSD;PSDB;PSOL;PT;REDE;REPUBLICANOS
transition-person-87ad75f8d2f9/2020-09-17,CV5-048,2022,2025-10-09,2025-11-13,MDB;PCdoB;PDT;PP;PSB;PSD;PSOL;PT;REDE;REPUBLICANOS;UNIÃO
transition-person-87ad75f8d2f9/2020-09-17,CV5-049,2022,2025-11-13,2025-11-17,MDB;PCdoB;PDT;PP;PSB;PSD;PSDB;PSOL;PT;REDE;REPUBLICANOS
transition-person-87ad75f8d2f9/2020-09-17,CV5-050,2022,2025-11-17,2025-12-08,MDB;PCdoB;PDT;PP;PSB;PSD;PSOL;PT;REDE;REPUBLICANOS;UNIÃO
transition-person-87ad75f8d2f9/2020-09-17,CV5-051,2022,2025-12-08,2025-12-19,MDB;PCdoB;PDT;PP;PSB;PSD;PSOL;PT;REDE;REPUBLICANOS
transition-person-87ad75f8d2f9/2020-09-17,CV5-052,2022,2025-12-19,2025-12-23,MDB;PCdoB;PDT;PP;PSB;PSD;PSDB;PSOL;PT;REDE;REPUBLICANOS
transition-person-87ad75f8d2f9/2020-09-17,CV5-053,2022,2025-12-23,2026-03-20,MDB;PCdoB;PDT;PP;PSB;PSD;PSOL;PT;REDE;REPUBLICANOS
transition-person-87ad75f8d2f9/2020-09-18,CV5-001,2014,2015-01-01,2015-03-19,PCdoB;PDT;PMDB;PP;PR;PRB;PROS;PSD;PT;PTB
transition-person-87ad75f8d2f9/2020-09-18,CV5-002,2014,2015-03-19,2016-03-18,PCdoB;PDT;PMDB;PP;PR;PRB;PSD;PT;PTB
transition-person-87ad75f8d2f9/2020-09-18,CV5-003,2014,2016-03-18,2016-03-31,PCdoB;PDT;PMDB;PP;PR;PROS;PSD;PT;PTB
transition-person-87ad75f8d2f9/2020-09-18,CV5-004,2014,2016-03-31,2016-04-14,PCdoB;PDT;PMDB;PP;PR;PSD;PT;PTB
transition-person-87ad75f8d2f9/2020-09-18,CV5-005,2014,2016-04-14,2016-04-19,PCdoB;PDT;PMDB;PR;PSD;PT;PTB
transition-person-87ad75f8d2f9/2020-09-18,CV5-006,2014,2016-04-19,2016-05-12,PCdoB;PDT;PMDB;PR;PT;PTB
transition-person-87ad75f8d2f9/2020-09-18,CV5-007,2014,2016-05-12,2016-10-10,DEM;PMDB;PP;PPS;PR;PRB;PSB;PSD;PSDB;PTB;PV
transition-person-87ad75f8d2f9/2020-09-18,CV5-008,2014,2016-10-10,2016-10-11,DEM;PMDB;PP;PPS;PR;PRB;PSD;PSDB;PTB;PV
transition-person-87ad75f8d2f9/2020-09-18,CV5-009,2014,2016-10-11,2016-10-25,DEM;PMDB;PP;PPS;PR;PRB;PSB;PSD;PSDB;PTB;PV
transition-person-87ad75f8d2f9/2020-09-18,CV5-010,2014,2016-10-25,2016-10-26,DEM;PMDB;PP;PPS;PR;PRB;PSD;PSDB;PTB;PV
transition-person-87ad75f8d2f9/2020-09-18,CV5-011,2014,2016-10-26,2017-04-26,DEM;PMDB;PP;PPS;PR;PRB;PSB;PSD;PSDB;PTB;PV
transition-person-87ad75f8d2f9/2020-09-18,CV5-012,2014,2017-04-26,2017-04-27,DEM;PMDB;PP;PPS;PR;PRB;PSD;PSDB;PTB;PV
transition-person-87ad75f8d2f9/2020-09-18,CV5-013,2014,2017-04-27,2017-08-02,DEM;PMDB;PP;PPS;PR;PRB;PSB;PSD;PSDB;PTB;PV
transition-person-87ad75f8d2f9/2020-09-18,CV5-014,2014,2017-08-02,2017-08-03,DEM;PMDB;PP;PPS;PR;PRB;PSD;PSDB;PTB;PV
transition-person-87ad75f8d2f9/2020-09-18,CV5-015,2014,2017-08-03,2017-10-18,DEM;PMDB;PP;PPS;PR;PRB;PSB;PSD;PSDB;PTB;PV
transition-person-87ad75f8d2f9/2020-09-18,CV5-016,2014,2017-10-18,2018-03-21,DEM;PMDB;PP;PPS;PR;PRB;PSD;PSDB;PTB;PV
transition-person-87ad75f8d2f9/2020-09-18,CV5-017,2014,2018-03-21,2018-04-02,DEM;PMDB;PP;PR;PRB;PSD;PSDB;PTB;PV
transition-person-87ad75f8d2f9/2020-09-18,CV5-018,2014,2018-04-02,2018-04-06,DEM;PMDB;PP;PRB;PSD;PSDB;PTB;PV
transition-person-87ad75f8d2f9/2020-09-18,CV5-019,2014,2018-04-06,2018-07-05,PMDB;PP;PRB;PSD;PSDB;PTB;PV
transition-person-87ad75f8d2f9/2020-09-18,CV5-020,2014,2018-07-05,2019-01-01,PMDB;PP;PRB;PSD;PSDB;PV
transition-person-87ad75f8d2f9/2020-09-18,CV5-021,2018,2019-01-01,2020-02-11,DEM;MDB;NOVO;PP;PSL
transition-person-87ad75f8d2f9/2020-09-18,CV5-022,2018,2020-02-11,2020-02-18,DEM;MDB;NOVO;PP;PSDB;PSL
transition-person-87ad75f8d2f9/2020-09-18,CV5-023,2018,2020-02-18,2020-04-16,DEM;NOVO;PP;PSDB;PSL
transition-person-87ad75f8d2f9/2020-09-18,CV5-024,2018,2020-04-16,2020-04-17,DEM;MDB;NOVO;PP;PSDB;PSL
transition-person-87ad75f8d2f9/2020-09-18,CV5-025,2018,2020-04-17,2020-05-07,DEM;NOVO;PP;PSDB;PSL
transition-person-87ad75f8d2f9/2020-09-18,CV5-026,2018,2020-05-07,2020-06-17,DEM;PP;PSDB;PSL
transition-person-87ad75f8d2f9/2020-09-18,CV5-027,2018,2020-06-17,2020-06-18,DEM;PP;PSD;PSDB;PSL
transition-person-87ad75f8d2f9/2020-09-18,CV5-028,2018,2020-06-18,2020-09-18,DEM;PP;PSD;PSL
transition-person-87ad75f8d2f9/2020-09-18,CV5-029,2018,2020-09-18,2020-12-09,DEM;PSD;PSL
transition-person-87ad75f8d2f9/2020-09-18,CV5-030,2018,2020-12-09,2021-02-12,DEM;PSC;PSD;PSL
transition-person-87ad75f8d2f9/2020-09-18,CV5-031,2018,2021-02-12,2021-03-31,DEM;PRB;PSC;PSD;PSL
transition-person-87ad75f8d2f9/2020-09-18,CV5-032,2018,2021-03-31,2021-07-28,DEM;PR;PRB;PSC;PSD;PSL
transition-person-87ad75f8d2f9/2020-09-18,CV5-033,2018,2021-07-28,2022-03-24,DEM;PP;PR;PRB;PSC;PSD;PSL
transition-person-87ad75f8d2f9/2020-09-18,CV5-034,2018,2022-03-24,2022-03-27,DEM;PP;PR;PRB;PSC;PSL
transition-person-87ad75f8d2f9/2020-09-18,CV5-035,2018,2022-03-27,2022-03-28,PP;PR;PSC
transition-person-87ad75f8d2f9/2020-09-18,CV5-036,2018,2022-03-28,2022-03-30,PP;PR;PRB;PSC
transition-person-87ad75f8d2f9/2020-09-18,CV5-037,2018,2022-03-30,2022-03-31,PP;PR;PRB
transition-person-87ad75f8d2f9/2020-09-18,CV5-038,2018,2022-03-31,2022-05-11,PP;PRB;PSD
transition-person-87ad75f8d2f9/2020-09-18,CV5-039,2018,2022-05-11,2022-12-30,DEM;PP;PRB;PSD;PSL
transition-person-87ad75f8d2f9/2020-09-18,CV5-040,2018,2022-12-30,2023-01-01,DEM;NOVO;PRB;PSD;PSL
transition-person-87ad75f8d2f9/2020-09-18,CV5-041,2022,2023-01-01,2023-09-13,MDB;PCdoB;PDT;PSB;PSD;PSOL;PT;REDE;UNIÃO
transition-person-87ad75f8d2f9/2020-09-18,CV5-042,2022,2023-09-13,2023-12-04,MDB;PCdoB;PDT;PP;PSB;PSD;PSOL;PT;REDE;REPUBLICANOS;UNIÃO
transition-person-87ad75f8d2f9/2020-09-18,CV5-043,2022,2023-12-04,2023-12-06,MDB;PCdoB;PDT;PP;PSB;PSD;PSDB;PSOL;PT;REDE;REPUBLICANOS;UNIÃO
transition-person-87ad75f8d2f9/2020-09-18,CV5-044,2022,2023-12-06,2024-12-03,MDB;PCdoB;PDT;PP;PSB;PSD;PSOL;PT;REDE;REPUBLICANOS;UNIÃO
transition-person-87ad75f8d2f9/2020-09-18,CV5-045,2022,2024-12-03,2024-12-06,MDB;PCdoB;PDT;PP;PSB;PSD;PSDB;PSOL;PT;REDE;REPUBLICANOS;UNIÃO
transition-person-87ad75f8d2f9/2020-09-18,CV5-046,2022,2024-12-06,2025-10-08,MDB;PCdoB;PDT;PP;PSB;PSD;PSOL;PT;REDE;REPUBLICANOS;UNIÃO
transition-person-87ad75f8d2f9/2020-09-18,CV5-047,2022,2025-10-08,2025-10-09,MDB;PCdoB;PDT;PP;PSB;PSD;PSDB;PSOL;PT;REDE;REPUBLICANOS
transition-person-87ad75f8d2f9/2020-09-18,CV5-048,2022,2025-10-09,2025-11-13,MDB;PCdoB;PDT;PP;PSB;PSD;PSOL;PT;REDE;REPUBLICANOS;UNIÃO
transition-person-87ad75f8d2f9/2020-09-18,CV5-049,2022,2025-11-13,2025-11-17,MDB;PCdoB;PDT;PP;PSB;PSD;PSDB;PSOL;PT;REDE;REPUBLICANOS
transition-person-87ad75f8d2f9/2020-09-18,CV5-050,2022,2025-11-17,2025-12-08,MDB;PCdoB;PDT;PP;PSB;PSD;PSOL;PT;REDE;REPUBLICANOS;UNIÃO
transition-person-87ad75f8d2f9/2020-09-18,CV5-051,2022,2025-12-08,2025-12-19,MDB;PCdoB;PDT;PP;PSB;PSD;PSOL;PT;REDE;REPUBLICANOS
transition-person-87ad75f8d2f9/2020-09-18,CV5-052,2022,2025-12-19,2025-12-23,MDB;PCdoB;PDT;PP;PSB;PSD;PSDB;PSOL;PT;REDE;REPUBLICANOS
transition-person-87ad75f8d2f9/2020-09-18,CV5-053,2022,2025-12-23,2026-03-20,MDB;PCdoB;PDT;PP;PSB;PSD;PSOL;PT;REDE;REPUBLICANOS
transition-person-c65a317c70db/2022-03-01,CV5-001,2014,2015-01-01,2015-03-19,PCdoB;PDT;PMDB;PP;PR;PRB;PROS;PSD;PT;PTB
transition-person-c65a317c70db/2022-03-01,CV5-002,2014,2015-03-19,2016-03-18,PCdoB;PDT;PMDB;PP;PR;PRB;PSD;PT;PTB
transition-person-c65a317c70db/2022-03-01,CV5-003,2014,2016-03-18,2016-03-31,PCdoB;PDT;PMDB;PP;PR;PROS;PSD;PT;PTB
transition-person-c65a317c70db/2022-03-01,CV5-004,2014,2016-03-31,2016-04-14,PCdoB;PDT;PMDB;PP;PR;PSD;PT;PTB
transition-person-c65a317c70db/2022-03-01,CV5-005,2014,2016-04-14,2016-04-19,PCdoB;PDT;PMDB;PR;PSD;PT;PTB
transition-person-c65a317c70db/2022-03-01,CV5-006,2014,2016-04-19,2016-05-12,PCdoB;PDT;PMDB;PR;PT;PTB
transition-person-c65a317c70db/2022-03-01,CV5-007,2014,2016-05-12,2016-10-10,DEM;PMDB;PP;PPS;PR;PRB;PSB;PSD;PSDB;PTB;PV
transition-person-c65a317c70db/2022-03-01,CV5-008,2014,2016-10-10,2016-10-11,DEM;PMDB;PP;PPS;PR;PRB;PSD;PSDB;PTB;PV
transition-person-c65a317c70db/2022-03-01,CV5-009,2014,2016-10-11,2016-10-25,DEM;PMDB;PP;PPS;PR;PRB;PSB;PSD;PSDB;PTB;PV
transition-person-c65a317c70db/2022-03-01,CV5-010,2014,2016-10-25,2016-10-26,DEM;PMDB;PP;PPS;PR;PRB;PSD;PSDB;PTB;PV
transition-person-c65a317c70db/2022-03-01,CV5-011,2014,2016-10-26,2017-04-26,DEM;PMDB;PP;PPS;PR;PRB;PSB;PSD;PSDB;PTB;PV
transition-person-c65a317c70db/2022-03-01,CV5-012,2014,2017-04-26,2017-04-27,DEM;PMDB;PP;PPS;PR;PRB;PSD;PSDB;PTB;PV
transition-person-c65a317c70db/2022-03-01,CV5-013,2014,2017-04-27,2017-08-02,DEM;PMDB;PP;PPS;PR;PRB;PSB;PSD;PSDB;PTB;PV
transition-person-c65a317c70db/2022-03-01,CV5-014,2014,2017-08-02,2017-08-03,DEM;PMDB;PP;PPS;PR;PRB;PSD;PSDB;PTB;PV
transition-person-c65a317c70db/2022-03-01,CV5-015,2014,2017-08-03,2017-10-18,DEM;PMDB;PP;PPS;PR;PRB;PSB;PSD;PSDB;PTB;PV
transition-person-c65a317c70db/2022-03-01,CV5-016,2014,2017-10-18,2018-03-21,DEM;PMDB;PP;PPS;PR;PRB;PSD;PSDB;PTB;PV
transition-person-c65a317c70db/2022-03-01,CV5-017,2014,2018-03-21,2018-04-02,DEM;PMDB;PP;PR;PRB;PSD;PSDB;PTB;PV
transition-person-c65a317c70db/2022-03-01,CV5-018,2014,2018-04-02,2018-04-06,DEM;PMDB;PP;PRB;PSD;PSDB;PTB;PV
transition-person-c65a317c70db/2022-03-01,CV5-019,2014,2018-04-06,2018-07-05,PMDB;PP;PRB;PSD;PSDB;PTB;PV
transition-person-c65a317c70db/2022-03-01,CV5-020,2014,2018-07-05,2019-01-01,PMDB;PP;PRB;PSD;PSDB;PV
transition-person-c65a317c70db/2022-03-01,CV5-021,2018,2019-01-01,2020-02-11,DEM;MDB;NOVO;PP;PSL
transition-person-c65a317c70db/2022-03-01,CV5-022,2018,2020-02-11,2020-02-18,DEM;MDB;NOVO;PP;PSDB;PSL
transition-person-c65a317c70db/2022-03-01,CV5-023,2018,2020-02-18,2020-04-16,DEM;NOVO;PP;PSDB;PSL
transition-person-c65a317c70db/2022-03-01,CV5-024,2018,2020-04-16,2020-04-17,DEM;MDB;NOVO;PP;PSDB;PSL
transition-person-c65a317c70db/2022-03-01,CV5-025,2018,2020-04-17,2020-05-07,DEM;NOVO;PP;PSDB;PSL
transition-person-c65a317c70db/2022-03-01,CV5-026,2018,2020-05-07,2020-06-17,DEM;PP;PSDB;PSL
transition-person-c65a317c70db/2022-03-01,CV5-027,2018,2020-06-17,2020-06-18,DEM;PP;PSD;PSDB;PSL
transition-person-c65a317c70db/2022-03-01,CV5-028,2018,2020-06-18,2020-09-19,DEM;PP;PSD;PSL
transition-person-c65a317c70db/2022-03-01,CV5-029,2018,2020-09-19,2020-12-09,DEM;PSD;PSL
transition-person-c65a317c70db/2022-03-01,CV5-030,2018,2020-12-09,2021-02-12,DEM;PSC;PSD;PSL
transition-person-c65a317c70db/2022-03-01,CV5-031,2018,2021-02-12,2021-03-31,DEM;PRB;PSC;PSD;PSL
transition-person-c65a317c70db/2022-03-01,CV5-032,2018,2021-03-31,2021-07-28,DEM;PR;PRB;PSC;PSD;PSL
transition-person-c65a317c70db/2022-03-01,CV5-033,2018,2021-07-28,2022-03-24,DEM;PP;PR;PRB;PSC;PSD;PSL
transition-person-c65a317c70db/2022-03-01,CV5-034,2018,2022-03-24,2022-03-27,DEM;PP;PR;PRB;PSC;PSL
transition-person-c65a317c70db/2022-03-01,CV5-035,2018,2022-03-27,2022-03-28,PP;PR;PSC
transition-person-c65a317c70db/2022-03-01,CV5-036,2018,2022-03-28,2022-03-30,PP;PR;PRB;PSC
transition-person-c65a317c70db/2022-03-01,CV5-037,2018,2022-03-30,2022-03-31,PP;PR;PRB
transition-person-c65a317c70db/2022-03-01,CV5-038,2018,2022-03-31,2022-05-11,PP;PRB;PSD
transition-person-c65a317c70db/2022-03-01,CV5-039,2018,2022-05-11,2022-12-30,DEM;PP;PRB;PSD;PSL
transition-person-c65a317c70db/2022-03-01,CV5-040,2018,2022-12-30,2023-01-01,DEM;NOVO;PRB;PSD;PSL
transition-person-c65a317c70db/2022-03-01,CV5-041,2022,2023-01-01,2023-09-13,MDB;PCdoB;PDT;PSB;PSD;PSOL;PT;REDE;UNIÃO
transition-person-c65a317c70db/2022-03-01,CV5-042,2022,2023-09-13,2023-12-04,MDB;PCdoB;PDT;PP;PSB;PSD;PSOL;PT;REDE;REPUBLICANOS;UNIÃO
transition-person-c65a317c70db/2022-03-01,CV5-043,2022,2023-12-04,2023-12-06,MDB;PCdoB;PDT;PP;PSB;PSD;PSDB;PSOL;PT;REDE;REPUBLICANOS;UNIÃO
transition-person-c65a317c70db/2022-03-01,CV5-044,2022,2023-12-06,2024-12-03,MDB;PCdoB;PDT;PP;PSB;PSD;PSOL;PT;REDE;REPUBLICANOS;UNIÃO
transition-person-c65a317c70db/2022-03-01,CV5-045,2022,2024-12-03,2024-12-06,MDB;PCdoB;PDT;PP;PSB;PSD;PSDB;PSOL;PT;REDE;REPUBLICANOS;UNIÃO
transition-person-c65a317c70db/2022-03-01,CV5-046,2022,2024-12-06,2025-10-08,MDB;PCdoB;PDT;PP;PSB;PSD;PSOL;PT;REDE;REPUBLICANOS;UNIÃO
transition-person-c65a317c70db/2022-03-01,CV5-047,2022,2025-10-08,2025-10-09,MDB;PCdoB;PDT;PP;PSB;PSD;PSDB;PSOL;PT;REDE;REPUBLICANOS
transition-person-c65a317c70db/2022-03-01,CV5-048,2022,2025-10-09,2025-11-13,MDB;PCdoB;PDT;PP;PSB;PSD;PSOL;PT;REDE;REPUBLICANOS;UNIÃO
transition-person-c65a317c70db/2022-03-01,CV5-049,2022,2025-11-13,2025-11-17,MDB;PCdoB;PDT;PP;PSB;PSD;PSDB;PSOL;PT;REDE;REPUBLICANOS
transition-person-c65a317c70db/2022-03-01,CV5-050,2022,2025-11-17,2025-12-08,MDB;PCdoB;PDT;PP;PSB;PSD;PSOL;PT;REDE;REPUBLICANOS;UNIÃO
transition-person-c65a317c70db/2022-03-01,CV5-051,2022,2025-12-08,2025-12-19,MDB;PCdoB;PDT;PP;PSB;PSD;PSOL;PT;REDE;REPUBLICANOS
transition-person-c65a317c70db/2022-03-01,CV5-052,2022,2025-12-19,2025-12-23,MDB;PCdoB;PDT;PP;PSB;PSD;PSDB;PSOL;PT;REDE;REPUBLICANOS
transition-person-c65a317c70db/2022-03-01,CV5-053,2022,2025-12-23,2026-03-20,MDB;PCdoB;PDT;PP;PSB;PSD;PSOL;PT;REDE;REPUBLICANOS
transition-person-c65a317c70db/2022-03-02,CV5-001,2014,2015-01-01,2015-03-19,PCdoB;PDT;PMDB;PP;PR;PRB;PROS;PSD;PT;PTB
transition-person-c65a317c70db/2022-03-02,CV5-002,2014,2015-03-19,2016-03-18,PCdoB;PDT;PMDB;PP;PR;PRB;PSD;PT;PTB
transition-person-c65a317c70db/2022-03-02,CV5-003,2014,2016-03-18,2016-03-31,PCdoB;PDT;PMDB;PP;PR;PROS;PSD;PT;PTB
transition-person-c65a317c70db/2022-03-02,CV5-004,2014,2016-03-31,2016-04-14,PCdoB;PDT;PMDB;PP;PR;PSD;PT;PTB
transition-person-c65a317c70db/2022-03-02,CV5-005,2014,2016-04-14,2016-04-19,PCdoB;PDT;PMDB;PR;PSD;PT;PTB
transition-person-c65a317c70db/2022-03-02,CV5-006,2014,2016-04-19,2016-05-12,PCdoB;PDT;PMDB;PR;PT;PTB
transition-person-c65a317c70db/2022-03-02,CV5-007,2014,2016-05-12,2016-10-10,DEM;PMDB;PP;PPS;PR;PRB;PSB;PSD;PSDB;PTB;PV
transition-person-c65a317c70db/2022-03-02,CV5-008,2014,2016-10-10,2016-10-11,DEM;PMDB;PP;PPS;PR;PRB;PSD;PSDB;PTB;PV
transition-person-c65a317c70db/2022-03-02,CV5-009,2014,2016-10-11,2016-10-25,DEM;PMDB;PP;PPS;PR;PRB;PSB;PSD;PSDB;PTB;PV
transition-person-c65a317c70db/2022-03-02,CV5-010,2014,2016-10-25,2016-10-26,DEM;PMDB;PP;PPS;PR;PRB;PSD;PSDB;PTB;PV
transition-person-c65a317c70db/2022-03-02,CV5-011,2014,2016-10-26,2017-04-26,DEM;PMDB;PP;PPS;PR;PRB;PSB;PSD;PSDB;PTB;PV
transition-person-c65a317c70db/2022-03-02,CV5-012,2014,2017-04-26,2017-04-27,DEM;PMDB;PP;PPS;PR;PRB;PSD;PSDB;PTB;PV
transition-person-c65a317c70db/2022-03-02,CV5-013,2014,2017-04-27,2017-08-02,DEM;PMDB;PP;PPS;PR;PRB;PSB;PSD;PSDB;PTB;PV
transition-person-c65a317c70db/2022-03-02,CV5-014,2014,2017-08-02,2017-08-03,DEM;PMDB;PP;PPS;PR;PRB;PSD;PSDB;PTB;PV
transition-person-c65a317c70db/2022-03-02,CV5-015,2014,2017-08-03,2017-10-18,DEM;PMDB;PP;PPS;PR;PRB;PSB;PSD;PSDB;PTB;PV
transition-person-c65a317c70db/2022-03-02,CV5-016,2014,2017-10-18,2018-03-21,DEM;PMDB;PP;PPS;PR;PRB;PSD;PSDB;PTB;PV
transition-person-c65a317c70db/2022-03-02,CV5-017,2014,2018-03-21,2018-04-02,DEM;PMDB;PP;PR;PRB;PSD;PSDB;PTB;PV
transition-person-c65a317c70db/2022-03-02,CV5-018,2014,2018-04-02,2018-04-06,DEM;PMDB;PP;PRB;PSD;PSDB;PTB;PV
transition-person-c65a317c70db/2022-03-02,CV5-019,2014,2018-04-06,2018-07-05,PMDB;PP;PRB;PSD;PSDB;PTB;PV
transition-person-c65a317c70db/2022-03-02,CV5-020,2014,2018-07-05,2019-01-01,PMDB;PP;PRB;PSD;PSDB;PV
transition-person-c65a317c70db/2022-03-02,CV5-021,2018,2019-01-01,2020-02-11,DEM;MDB;NOVO;PP;PSL
transition-person-c65a317c70db/2022-03-02,CV5-022,2018,2020-02-11,2020-02-18,DEM;MDB;NOVO;PP;PSDB;PSL
transition-person-c65a317c70db/2022-03-02,CV5-023,2018,2020-02-18,2020-04-16,DEM;NOVO;PP;PSDB;PSL
transition-person-c65a317c70db/2022-03-02,CV5-024,2018,2020-04-16,2020-04-17,DEM;MDB;NOVO;PP;PSDB;PSL
transition-person-c65a317c70db/2022-03-02,CV5-025,2018,2020-04-17,2020-05-07,DEM;NOVO;PP;PSDB;PSL
transition-person-c65a317c70db/2022-03-02,CV5-026,2018,2020-05-07,2020-06-17,DEM;PP;PSDB;PSL
transition-person-c65a317c70db/2022-03-02,CV5-027,2018,2020-06-17,2020-06-18,DEM;PP;PSD;PSDB;PSL
transition-person-c65a317c70db/2022-03-02,CV5-028,2018,2020-06-18,2020-09-19,DEM;PP;PSD;PSL
transition-person-c65a317c70db/2022-03-02,CV5-029,2018,2020-09-19,2020-12-09,DEM;PSD;PSL
transition-person-c65a317c70db/2022-03-02,CV5-030,2018,2020-12-09,2021-02-12,DEM;PSC;PSD;PSL
transition-person-c65a317c70db/2022-03-02,CV5-031,2018,2021-02-12,2021-03-31,DEM;PRB;PSC;PSD;PSL
transition-person-c65a317c70db/2022-03-02,CV5-032,2018,2021-03-31,2021-07-28,DEM;PR;PRB;PSC;PSD;PSL
transition-person-c65a317c70db/2022-03-02,CV5-033,2018,2021-07-28,2022-03-24,DEM;PP;PR;PRB;PSC;PSD;PSL
transition-person-c65a317c70db/2022-03-02,CV5-034,2018,2022-03-24,2022-03-27,DEM;PP;PR;PRB;PSC;PSL
transition-person-c65a317c70db/2022-03-02,CV5-035,2018,2022-03-27,2022-03-28,PP;PR;PSC
transition-person-c65a317c70db/2022-03-02,CV5-036,2018,2022-03-28,2022-03-30,PP;PR;PRB;PSC
transition-person-c65a317c70db/2022-03-02,CV5-037,2018,2022-03-30,2022-03-31,PP;PR;PRB
transition-person-c65a317c70db/2022-03-02,CV5-038,2018,2022-03-31,2022-05-11,PP;PRB;PSD
transition-person-c65a317c70db/2022-03-02,CV5-039,2018,2022-05-11,2022-12-30,DEM;PP;PRB;PSD;PSL
transition-person-c65a317c70db/2022-03-02,CV5-040,2018,2022-12-30,2023-01-01,DEM;NOVO;PRB;PSD;PSL
transition-person-c65a317c70db/2022-03-02,CV5-041,2022,2023-01-01,2023-09-13,MDB;PCdoB;PDT;PSB;PSD;PSOL;PT;REDE;UNIÃO
transition-person-c65a317c70db/2022-03-02,CV5-042,2022,2023-09-13,2023-12-04,MDB;PCdoB;PDT;PP;PSB;PSD;PSOL;PT;REDE;REPUBLICANOS;UNIÃO
transition-person-c65a317c70db/2022-03-02,CV5-043,2022,2023-12-04,2023-12-06,MDB;PCdoB;PDT;PP;PSB;PSD;PSDB;PSOL;PT;REDE;REPUBLICANOS;UNIÃO
transition-person-c65a317c70db/2022-03-02,CV5-044,2022,2023-12-06,2024-12-03,MDB;PCdoB;PDT;PP;PSB;PSD;PSOL;PT;REDE;REPUBLICANOS;UNIÃO
transition-person-c65a317c70db/2022-03-02,CV5-045,2022,2024-12-03,2024-12-06,MDB;PCdoB;PDT;PP;PSB;PSD;PSDB;PSOL;PT;REDE;REPUBLICANOS;UNIÃO
transition-person-c65a317c70db/2022-03-02,CV5-046,2022,2024-12-06,2025-10-08,MDB;PCdoB;PDT;PP;PSB;PSD;PSOL;PT;REDE;REPUBLICANOS;UNIÃO
transition-person-c65a317c70db/2022-03-02,CV5-047,2022,2025-10-08,2025-10-09,MDB;PCdoB;PDT;PP;PSB;PSD;PSDB;PSOL;PT;REDE;REPUBLICANOS
transition-person-c65a317c70db/2022-03-02,CV5-048,2022,2025-10-09,2025-11-13,MDB;PCdoB;PDT;PP;PSB;PSD;PSOL;PT;REDE;REPUBLICANOS;UNIÃO
transition-person-c65a317c70db/2022-03-02,CV5-049,2022,2025-11-13,2025-11-17,MDB;PCdoB;PDT;PP;PSB;PSD;PSDB;PSOL;PT;REDE;REPUBLICANOS
transition-person-c65a317c70db/2022-03-02,CV5-050,2022,2025-11-17,2025-12-08,MDB;PCdoB;PDT;PP;PSB;PSD;PSOL;PT;REDE;REPUBLICANOS;UNIÃO
transition-person-c65a317c70db/2022-03-02,CV5-051,2022,2025-12-08,2025-12-19,MDB;PCdoB;PDT;PP;PSB;PSD;PSOL;PT;REDE;REPUBLICANOS
transition-person-c65a317c70db/2022-03-02,CV5-052,2022,2025-12-19,2025-12-23,MDB;PCdoB;PDT;PP;PSB;PSD;PSDB;PSOL;PT;REDE;REPUBLICANOS
transition-person-c65a317c70db/2022-03-02,CV5-053,2022,2025-12-23,2026-03-20,MDB;PCdoB;PDT;PP;PSB;PSD;PSOL;PT;REDE;REPUBLICANOS
transition-person-c65a317c70db/2022-03-03,CV5-001,2014,2015-01-01,2015-03-19,PCdoB;PDT;PMDB;PP;PR;PRB;PROS;PSD;PT;PTB
transition-person-c65a317c70db/2022-03-03,CV5-002,2014,2015-03-19,2016-03-18,PCdoB;PDT;PMDB;PP;PR;PRB;PSD;PT;PTB
transition-person-c65a317c70db/2022-03-03,CV5-003,2014,2016-03-18,2016-03-31,PCdoB;PDT;PMDB;PP;PR;PROS;PSD;PT;PTB
transition-person-c65a317c70db/2022-03-03,CV5-004,2014,2016-03-31,2016-04-14,PCdoB;PDT;PMDB;PP;PR;PSD;PT;PTB
transition-person-c65a317c70db/2022-03-03,CV5-005,2014,2016-04-14,2016-04-19,PCdoB;PDT;PMDB;PR;PSD;PT;PTB
transition-person-c65a317c70db/2022-03-03,CV5-006,2014,2016-04-19,2016-05-12,PCdoB;PDT;PMDB;PR;PT;PTB
transition-person-c65a317c70db/2022-03-03,CV5-007,2014,2016-05-12,2016-10-10,DEM;PMDB;PP;PPS;PR;PRB;PSB;PSD;PSDB;PTB;PV
transition-person-c65a317c70db/2022-03-03,CV5-008,2014,2016-10-10,2016-10-11,DEM;PMDB;PP;PPS;PR;PRB;PSD;PSDB;PTB;PV
transition-person-c65a317c70db/2022-03-03,CV5-009,2014,2016-10-11,2016-10-25,DEM;PMDB;PP;PPS;PR;PRB;PSB;PSD;PSDB;PTB;PV
transition-person-c65a317c70db/2022-03-03,CV5-010,2014,2016-10-25,2016-10-26,DEM;PMDB;PP;PPS;PR;PRB;PSD;PSDB;PTB;PV
transition-person-c65a317c70db/2022-03-03,CV5-011,2014,2016-10-26,2017-04-26,DEM;PMDB;PP;PPS;PR;PRB;PSB;PSD;PSDB;PTB;PV
transition-person-c65a317c70db/2022-03-03,CV5-012,2014,2017-04-26,2017-04-27,DEM;PMDB;PP;PPS;PR;PRB;PSD;PSDB;PTB;PV
transition-person-c65a317c70db/2022-03-03,CV5-013,2014,2017-04-27,2017-08-02,DEM;PMDB;PP;PPS;PR;PRB;PSB;PSD;PSDB;PTB;PV
transition-person-c65a317c70db/2022-03-03,CV5-014,2014,2017-08-02,2017-08-03,DEM;PMDB;PP;PPS;PR;PRB;PSD;PSDB;PTB;PV
transition-person-c65a317c70db/2022-03-03,CV5-015,2014,2017-08-03,2017-10-18,DEM;PMDB;PP;PPS;PR;PRB;PSB;PSD;PSDB;PTB;PV
transition-person-c65a317c70db/2022-03-03,CV5-016,2014,2017-10-18,2018-03-21,DEM;PMDB;PP;PPS;PR;PRB;PSD;PSDB;PTB;PV
transition-person-c65a317c70db/2022-03-03,CV5-017,2014,2018-03-21,2018-04-02,DEM;PMDB;PP;PR;PRB;PSD;PSDB;PTB;PV
transition-person-c65a317c70db/2022-03-03,CV5-018,2014,2018-04-02,2018-04-06,DEM;PMDB;PP;PRB;PSD;PSDB;PTB;PV
transition-person-c65a317c70db/2022-03-03,CV5-019,2014,2018-04-06,2018-07-05,PMDB;PP;PRB;PSD;PSDB;PTB;PV
transition-person-c65a317c70db/2022-03-03,CV5-020,2014,2018-07-05,2019-01-01,PMDB;PP;PRB;PSD;PSDB;PV
transition-person-c65a317c70db/2022-03-03,CV5-021,2018,2019-01-01,2020-02-11,DEM;MDB;NOVO;PP;PSL
transition-person-c65a317c70db/2022-03-03,CV5-022,2018,2020-02-11,2020-02-18,DEM;MDB;NOVO;PP;PSDB;PSL
transition-person-c65a317c70db/2022-03-03,CV5-023,2018,2020-02-18,2020-04-16,DEM;NOVO;PP;PSDB;PSL
transition-person-c65a317c70db/2022-03-03,CV5-024,2018,2020-04-16,2020-04-17,DEM;MDB;NOVO;PP;PSDB;PSL
transition-person-c65a317c70db/2022-03-03,CV5-025,2018,2020-04-17,2020-05-07,DEM;NOVO;PP;PSDB;PSL
transition-person-c65a317c70db/2022-03-03,CV5-026,2018,2020-05-07,2020-06-17,DEM;PP;PSDB;PSL
transition-person-c65a317c70db/2022-03-03,CV5-027,2018,2020-06-17,2020-06-18,DEM;PP;PSD;PSDB;PSL
transition-person-c65a317c70db/2022-03-03,CV5-028,2018,2020-06-18,2020-09-19,DEM;PP;PSD;PSL
transition-person-c65a317c70db/2022-03-03,CV5-029,2018,2020-09-19,2020-12-09,DEM;PSD;PSL
transition-person-c65a317c70db/2022-03-03,CV5-030,2018,2020-12-09,2021-02-12,DEM;PSC;PSD;PSL
transition-person-c65a317c70db/2022-03-03,CV5-031,2018,2021-02-12,2021-03-31,DEM;PRB;PSC;PSD;PSL
transition-person-c65a317c70db/2022-03-03,CV5-032,2018,2021-03-31,2021-07-28,DEM;PR;PRB;PSC;PSD;PSL
transition-person-c65a317c70db/2022-03-03,CV5-033,2018,2021-07-28,2022-03-24,DEM;PP;PR;PRB;PSC;PSD;PSL
transition-person-c65a317c70db/2022-03-03,CV5-034,2018,2022-03-24,2022-03-27,DEM;PP;PR;PRB;PSC;PSL
transition-person-c65a317c70db/2022-03-03,CV5-035,2018,2022-03-27,2022-03-28,PP;PR;PSC
transition-person-c65a317c70db/2022-03-03,CV5-036,2018,2022-03-28,2022-03-30,PP;PR;PRB;PSC
transition-person-c65a317c70db/2022-03-03,CV5-037,2018,2022-03-30,2022-03-31,PP;PR;PRB
transition-person-c65a317c70db/2022-03-03,CV5-038,2018,2022-03-31,2022-05-11,PP;PRB;PSD
transition-person-c65a317c70db/2022-03-03,CV5-039,2018,2022-05-11,2022-12-30,DEM;PP;PRB;PSD;PSL
transition-person-c65a317c70db/2022-03-03,CV5-040,2018,2022-12-30,2023-01-01,DEM;NOVO;PRB;PSD;PSL
transition-person-c65a317c70db/2022-03-03,CV5-041,2022,2023-01-01,2023-09-13,MDB;PCdoB;PDT;PSB;PSD;PSOL;PT;REDE;UNIÃO
transition-person-c65a317c70db/2022-03-03,CV5-042,2022,2023-09-13,2023-12-04,MDB;PCdoB;PDT;PP;PSB;PSD;PSOL;PT;REDE;REPUBLICANOS;UNIÃO
transition-person-c65a317c70db/2022-03-03,CV5-043,2022,2023-12-04,2023-12-06,MDB;PCdoB;PDT;PP;PSB;PSD;PSDB;PSOL;PT;REDE;REPUBLICANOS;UNIÃO
transition-person-c65a317c70db/2022-03-03,CV5-044,2022,2023-12-06,2024-12-03,MDB;PCdoB;PDT;PP;PSB;PSD;PSOL;PT;REDE;REPUBLICANOS;UNIÃO
transition-person-c65a317c70db/2022-03-03,CV5-045,2022,2024-12-03,2024-12-06,MDB;PCdoB;PDT;PP;PSB;PSD;PSDB;PSOL;PT;REDE;REPUBLICANOS;UNIÃO
transition-person-c65a317c70db/2022-03-03,CV5-046,2022,2024-12-06,2025-10-08,MDB;PCdoB;PDT;PP;PSB;PSD;PSOL;PT;REDE;REPUBLICANOS;UNIÃO
transition-person-c65a317c70db/2022-03-03,CV5-047,2022,2025-10-08,2025-10-09,MDB;PCdoB;PDT;PP;PSB;PSD;PSDB;PSOL;PT;REDE;REPUBLICANOS
transition-person-c65a317c70db/2022-03-03,CV5-048,2022,2025-10-09,2025-11-13,MDB;PCdoB;PDT;PP;PSB;PSD;PSOL;PT;REDE;REPUBLICANOS;UNIÃO
transition-person-c65a317c70db/2022-03-03,CV5-049,2022,2025-11-13,2025-11-17,MDB;PCdoB;PDT;PP;PSB;PSD;PSDB;PSOL;PT;REDE;REPUBLICANOS
transition-person-c65a317c70db/2022-03-03,CV5-050,2022,2025-11-17,2025-12-08,MDB;PCdoB;PDT;PP;PSB;PSD;PSOL;PT;REDE;REPUBLICANOS;UNIÃO
transition-person-c65a317c70db/2022-03-03,CV5-051,2022,2025-12-08,2025-12-19,MDB;PCdoB;PDT;PP;PSB;PSD;PSOL;PT;REDE;REPUBLICANOS
transition-person-c65a317c70db/2022-03-03,CV5-052,2022,2025-12-19,2025-12-23,MDB;PCdoB;PDT;PP;PSB;PSD;PSDB;PSOL;PT;REDE;REPUBLICANOS
transition-person-c65a317c70db/2022-03-03,CV5-053,2022,2025-12-23,2026-03-20,MDB;PCdoB;PDT;PP;PSB;PSD;PSOL;PT;REDE;REPUBLICANOS
